date,close,pos,ret,strat_ret,equity
2021-03-16 18:00:00-06:00,0.36091,0.0,0.0,0.0,1.0
2021-03-17 18:00:00-06:00,0.34508,0.0,-0.0438613504751878,-0.0,1.0
2021-03-18 18:00:00-06:00,0.34458,0.0,-0.001448939376376468,-0.0,1.0
2021-03-19 18:00:00-06:00,0.31725,0.0,-0.07931394741424347,-0.0,1.0
2021-03-20 18:00:00-06:00,0.34223,0.0,0.07873916469661157,0.0,1.0
2021-03-21 18:00:00-06:00,0.31466,0.0,-0.08055985740583815,-0.0,1.0
2021-03-22 18:00:00-06:00,0.31981,0.0,0.016366872179495395,0.0,1.0
2021-03-23 18:00:00-06:00,0.29792,0.0,-0.06844689034113993,-0.0,1.0
2021-03-24 18:00:00-06:00,0.30185,0.0,0.013191460794844234,0.0,1.0
2021-03-25 18:00:00-06:00,0.34675,0.0,0.14874937883054495,0.0,1.0
2021-03-26 18:00:00-06:00,0.33907,0.0,-0.022148521989906356,-0.0,1.0
2021-03-27 18:00:00-06:00,0.33898,0.0,-0.00026543191671335453,-0.0,1.0
2021-03-28 18:00:00-06:00,0.37176,0.0,0.09670187031683275,0.0,1.0
2021-03-29 18:00:00-06:00,0.38663,0.0,0.039998924037013106,0.0,1.0
2021-03-30 18:00:00-06:00,0.36196,0.0,-0.06380777487520362,-0.0,1.0
2021-03-31 18:00:00-06:00,0.34593,0.0,-0.04428666150955907,-0.0,1.0
2021-04-01 18:00:00-06:00,0.35339,0.0,0.0215650565143235,0.0,1.0
2021-04-02 18:00:00-06:00,0.3124,0.0,-0.11599083165907342,-0.0,1.0
2021-04-03 18:00:00-06:00,0.32518,0.0,0.040909090909091006,0.0,1.0
2021-04-04 18:00:00-06:00,0.31884,0.0,-0.019496894027922984,-0.0,1.0
2021-04-05 18:00:00-06:00,0.32676,1.0,0.024840045163718516,0.024640045163718517,1.0246400451637185
2021-04-06 18:00:00-06:00,0.30012,0.0,-0.08152772677194275,-0.0002,1.0244351171546857
2021-04-07 18:00:00-06:00,0.32805,0.0,0.09306277489004411,0.0,1.0244351171546857
2021-04-08 18:00:00-06:00,0.33854,0.0,0.031976832799878174,0.0,1.0244351171546857
2021-04-09 18:00:00-06:00,0.33237,0.0,-0.01822532049388559,-0.0,1.0244351171546857
2021-04-10 18:00:00-06:00,0.34916,0.0,0.050515991214610256,0.0,1.0244351171546857
2021-04-11 18:00:00-06:00,0.3584,0.0,0.02646351242983158,0.0,1.0244351171546857
2021-04-12 18:00:00-06:00,0.40979,0.0,0.14338727678571428,0.0,1.0244351171546857
2021-04-13 18:00:00-06:00,0.37527,1.0,-0.08423826838136605,-0.08443826838136606,0.9379335897930822
2021-04-14 18:00:00-06:00,0.38106,1.0,0.015428891198337347,0.015428891198337347,0.9524048651012657
2021-04-15 18:00:00-06:00,0.35001,1.0,-0.08148323098724619,-0.08148323098724619,0.8747998394848422
2021-04-16 18:00:00-06:00,0.34266,1.0,-0.02099940001714229,-0.02099940001714229,0.8564295677205681
2021-04-17 18:00:00-06:00,0.30973,1.0,-0.09610109146092338,-0.09610109146092338,0.7741257515032147
2021-04-18 18:00:00-06:00,0.28864,1.0,-0.06809156361992708,-0.06809156361992708,0.7214143186449097
2021-04-19 18:00:00-06:00,0.32429,1.0,0.12351025498891355,0.12351025498891355,0.8105163850933959
2021-04-20 18:00:00-06:00,0.29136,1.0,-0.10154491350334582,-0.10154491350334582,0.7282125688760425
2021-04-21 18:00:00-06:00,0.25817,0.0,-0.11391405820977485,-0.0002,0.7280669263622672
2021-04-22 18:00:00-06:00,0.26831,0.0,0.03927644575279854,0.0,0.7280669263622672
2021-04-23 18:00:00-06:00,0.24391,0.0,-0.09093958480861697,-0.0,0.7280669263622672
2021-04-24 18:00:00-06:00,0.24658,0.0,0.01094666065351979,0.0,0.7280669263622672
2021-04-25 18:00:00-06:00,0.28488,0.0,0.15532484386406042,0.0,0.7280669263622672
2021-04-26 18:00:00-06:00,0.30387,0.0,0.06665964616680697,0.0,0.7280669263622672
2021-04-27 18:00:00-06:00,0.28735,0.0,-0.05436535360516004,-0.0,0.7280669263622672
2021-04-28 18:00:00-06:00,0.28676,0.0,-0.002053245171393714,-0.0,0.7280669263622672
2021-04-29 18:00:00-06:00,0.30042,0.0,0.047635653508160125,0.0,0.7280669263622672
2021-04-30 18:00:00-06:00,0.32761,0.0,0.09050662405964971,0.0,0.7280669263622672
2021-05-01 18:00:00-06:00,0.32973,0.0,0.006471108940508508,0.0,0.7280669263622672
2021-05-02 18:00:00-06:00,0.32323,0.0,-0.01971309859582082,-0.0,0.7280669263622672
2021-05-03 18:00:00-06:00,0.27898,1.0,-0.13689942146459178,-0.13709942146459178,0.6282493719704969
2021-05-04 18:00:00-06:00,0.31547,1.0,0.1307979066599756,0.1307979066599756,0.7104230746846822
2021-05-05 18:00:00-06:00,0.29838,1.0,-0.054173138491774186,-0.054173138491774186,0.671937227072037
2021-05-06 18:00:00-06:00,0.30643,1.0,0.026979020041557833,0.026979020041557833,0.6900654349878822
2021-05-07 18:00:00-06:00,0.2986,1.0,-0.025552328427373316,-0.025552328427373316,0.6724326563566936
2021-05-08 18:00:00-06:00,0.29218,1.0,-0.021500334896182083,-0.021500334896182083,0.6579751290498953
2021-05-09 18:00:00-06:00,0.26467,1.0,-0.09415428845232388,-0.09415428845232388,0.5960239489548764
2021-05-10 18:00:00-06:00,0.28362,1.0,0.07159859447613992,0.07159859447613992,0.6386984259741642
2021-05-11 18:00:00-06:00,0.23976,1.0,-0.15464353712714185,-0.15464353712714185,0.5399278422239815
2021-05-12 18:00:00-06:00,0.33552,0.0,0.3993993993993994,-0.0002,0.5398198566555367
2021-05-13 18:00:00-06:00,0.33566,0.0,0.00041726275631859266,0.0,0.5398198566555367
2021-05-14 18:00:00-06:00,0.31408,0.0,-0.0642912470952749,-0.0,0.5398198566555367
2021-05-15 18:00:00-06:00,0.32898,0.0,0.04744014263881802,0.0,0.5398198566555367
2021-05-16 18:00:00-06:00,0.29231,0.0,-0.1114657425983342,-0.0,0.5398198566555367
2021-05-17 18:00:00-06:00,0.33746,1.0,0.15445930690020848,0.15425930690020848,0.6230920935941897
2021-05-18 18:00:00-06:00,0.21443,1.0,-0.3645765424050257,-0.3645765424050257,0.39592733251171136
2021-05-19 18:00:00-06:00,0.27455,1.0,0.2803712167140793,0.2803712167140793,0.5069339604583797
2021-05-20 18:00:00-06:00,0.23697,1.0,-0.13687852850118387,-0.13687852850118387,0.43754558590355935
2021-05-21 18:00:00-06:00,0.26855,0.0,0.13326581423808936,-0.0002,0.43745807678637866
2021-05-22 18:00:00-06:00,0.23163,0.0,-0.13747905417985484,-0.0,0.43745807678637866
2021-05-23 18:00:00-06:00,0.25526,0.0,0.10201614644044366,0.0,0.43745807678637866
2021-05-24 18:00:00-06:00,0.25321,0.0,-0.008031027187965223,-0.0,0.43745807678637866
2021-05-25 18:00:00-06:00,0.2731,0.0,0.07855140002369576,0.0,0.43745807678637866
2021-05-26 18:00:00-06:00,0.25452,0.0,-0.06803368729403148,-0.0,0.43745807678637866
2021-05-27 18:00:00-06:00,0.21778,0.0,-0.14435014930064438,-0.0,0.43745807678637866
2021-05-28 18:00:00-06:00,0.20901,0.0,-0.04026999724492608,-0.0,0.43745807678637866
2021-05-29 18:00:00-06:00,0.2181,0.0,0.04349074206975745,0.0,0.43745807678637866
2021-05-30 18:00:00-06:00,0.23332,0.0,0.06978450252177915,0.0,0.43745807678637866
2021-05-31 18:00:00-06:00,0.22696,0.0,-0.027258700497171273,-0.0,0.43745807678637866
2021-06-01 18:00:00-06:00,0.2315,0.0,0.020003524850193966,0.0,0.43745807678637866
2021-06-02 18:00:00-06:00,0.25786,0.0,0.1138660907127429,0.0,0.43745807678637866
2021-06-03 18:00:00-06:00,0.23203,0.0,-0.10017063522841851,-0.0,0.43745807678637866
2021-06-04 18:00:00-06:00,0.22192,0.0,-0.04357195190277108,-0.0,0.43745807678637866
2021-06-05 18:00:00-06:00,0.229,0.0,0.03190338860850761,0.0,0.43745807678637866
2021-06-06 18:00:00-06:00,0.20715,0.0,-0.09541484716157211,-0.0,0.43745807678637866
2021-06-07 18:00:00-06:00,0.21566,0.0,0.04108134202268876,0.0,0.43745807678637866
2021-06-08 18:00:00-06:00,0.21796,0.0,0.010664935546693899,0.0,0.43745807678637866
2021-06-09 18:00:00-06:00,0.20546,0.0,-0.05734997247201312,-0.0,0.43745807678637866
2021-06-10 18:00:00-06:00,0.20034,0.0,-0.02491969239754699,-0.0,0.43745807678637866
2021-06-11 18:00:00-06:00,0.18925,0.0,-0.055355894978536435,-0.0,0.43745807678637866
2021-06-12 18:00:00-06:00,0.19649,0.0,0.038256274768824206,0.0,0.43745807678637866
2021-06-13 18:00:00-06:00,0.20475,0.0,0.042037762736017115,0.0,0.43745807678637866
2021-06-14 18:00:00-06:00,0.21194,0.0,0.03511599511599517,0.0,0.43745807678637866
2021-06-15 18:00:00-06:00,0.20522,0.0,-0.0317070869113899,-0.0,0.43745807678637866
2021-06-16 18:00:00-06:00,0.20808,0.0,0.013936263522073666,0.0,0.43745807678637866
2021-06-17 18:00:00-06:00,0.2068,0.0,-0.006151480199922954,-0.0,0.43745807678637866
2021-06-18 18:00:00-06:00,0.19519,0.0,-0.05614119922630567,-0.0,0.43745807678637866
2021-06-19 18:00:00-06:00,0.19312,0.0,-0.010605051488293382,-0.0,0.43745807678637866
2021-06-20 18:00:00-06:00,0.17393,0.0,-0.09936826843413427,-0.0,0.43745807678637866
2021-06-21 18:00:00-06:00,0.16658,0.0,-0.04225837980796865,-0.0,0.43745807678637866
2021-06-22 18:00:00-06:00,0.18212,0.0,0.09328851002521299,0.0,0.43745807678637866
2021-06-23 18:00:00-06:00,0.19225,0.0,0.05562266637381952,0.0,0.43745807678637866
2021-06-24 18:00:00-06:00,0.16451,0.0,-0.14429128738621588,-0.0,0.43745807678637866
2021-06-25 18:00:00-06:00,0.1789,0.0,0.08747188620752544,0.0,0.43745807678637866
2021-06-26 18:00:00-06:00,0.18235,0.0,0.01928451648965912,0.0,0.43745807678637866
2021-06-27 18:00:00-06:00,0.18282,0.0,0.0025774609267892323,0.0,0.43745807678637866
2021-06-28 18:00:00-06:00,0.1908,0.0,0.04364949130292084,0.0,0.43745807678637866
2021-06-29 18:00:00-06:00,0.1955,0.0,0.024633123689727476,0.0,0.43745807678637866
2021-06-30 18:00:00-06:00,0.21094,0.0,0.07897698209718662,0.0,0.43745807678637866
2021-07-01 18:00:00-06:00,0.19281,0.0,-0.0859486109794253,-0.0,0.43745807678637866
2021-07-02 18:00:00-06:00,0.19354,0.0,0.0037861106789065513,0.0,0.43745807678637866
2021-07-03 18:00:00-06:00,0.19433,1.0,0.004081843546553721,0.0038818435465537205,0.4391562205986397
2021-07-04 18:00:00-06:00,0.18396,1.0,-0.05336283641228834,-0.05336283641228834,0.41572159903939565
2021-07-05 18:00:00-06:00,0.18506,1.0,0.0059795607740813495,0.0059795607740813495,0.41820743160595
2021-07-06 18:00:00-06:00,0.18569,1.0,0.003404301307683877,0.003404301307683877,0.41963113571224925
2021-07-07 18:00:00-06:00,0.1706,1.0,-0.08126447304647522,-0.08126447304647522,0.38553003259469937
2021-07-08 18:00:00-06:00,0.17481,1.0,0.02467760844079714,0.02467760844079714,0.3950439917812391
2021-07-09 18:00:00-06:00,0.16898,0.0,-0.033350494822950605,-0.0002,0.39496498298288285
2021-07-10 18:00:00-06:00,0.17108,0.0,0.012427506213753325,0.0,0.39496498298288285
2021-07-11 18:00:00-06:00,0.16757,0.0,-0.020516717325228084,-0.0,0.39496498298288285
2021-07-12 18:00:00-06:00,0.17599,0.0,0.05024765769529149,0.0,0.39496498298288285
2021-07-13 18:00:00-06:00,0.17017,0.0,-0.03307006079890917,-0.0,0.39496498298288285
2021-07-14 18:00:00-06:00,0.17458,0.0,0.025915261209378926,0.0,0.39496498298288285
2021-07-15 18:00:00-06:00,0.18178,0.0,0.04124183755298416,0.0,0.39496498298288285
2021-07-16 18:00:00-06:00,0.18711,0.0,0.029321157443062962,0.0,0.39496498298288285
2021-07-17 18:00:00-06:00,0.18066,0.0,-0.03447170113836784,-0.0,0.39496498298288285
2021-07-18 18:00:00-06:00,0.17266,0.0,-0.044282076829403216,-0.0,0.39496498298288285
2021-07-19 18:00:00-06:00,0.1575,0.0,-0.08780261786169352,-0.0,0.39496498298288285
2021-07-20 18:00:00-06:00,0.16943,0.0,0.07574603174603167,0.0,0.39496498298288285
2021-07-21 18:00:00-06:00,0.17326,0.0,0.022605205689665286,0.0,0.39496498298288285
2021-07-22 18:00:00-06:00,0.17436,0.0,0.006348839893801195,0.0,0.39496498298288285
2021-07-23 18:00:00-06:00,0.17985,0.0,0.0314865794907091,0.0,0.39496498298288285
2021-07-24 18:00:00-06:00,0.17679,0.0,-0.01701417848206843,-0.0,0.39496498298288285
2021-07-25 18:00:00-06:00,0.18352,0.0,0.03806776401380163,0.0,0.39496498298288285
2021-07-26 18:00:00-06:00,0.19749,0.0,0.07612249346120326,0.0,0.39496498298288285
2021-07-27 18:00:00-06:00,0.19715,1.0,-0.0017216061572737917,-0.0019216061572737918,0.3942060158396754
2021-07-28 18:00:00-06:00,0.204,1.0,0.03474511793050983,0.03474511793050983,0.40790275034894136
2021-07-29 18:00:00-06:00,0.21407,1.0,0.049362745098039396,0.049362745098039396,0.42803794983920535
2021-07-30 18:00:00-06:00,0.21436,1.0,0.001354697061708654,0.001354697061708654,0.4286178115921523
2021-07-31 18:00:00-06:00,0.20454,1.0,-0.045810785594327275,-0.045810785594327275,0.40898249292339445
2021-08-01 18:00:00-06:00,0.20919,1.0,0.022733939571721873,0.022733939571721873,0.4182802762034071
2021-08-02 18:00:00-06:00,0.21483,1.0,0.026961135809551173,0.026961135809551173,0.4295575875365837
2021-08-03 18:00:00-06:00,0.21795,1.0,0.014523111297304991,0.014523111297304991,0.4357961001889793
2021-08-04 18:00:00-06:00,0.2192,1.0,0.005735260380821394,0.005735260380821394,0.4382955042965096
2021-08-05 18:00:00-06:00,0.21835,1.0,-0.003877737226277489,-0.003877737226277489,0.43659590950338895
2021-08-06 18:00:00-06:00,0.22549,1.0,0.03269979390886202,0.03269979390886202,0.45087250576560195
2021-08-07 18:00:00-06:00,0.21336,1.0,-0.05379395982083468,-0.05379395982083468,0.4266182883061281
2021-08-08 18:00:00-06:00,0.22131,1.0,0.03726096737907758,0.03726096737907758,0.4425144984300206
2021-08-09 18:00:00-06:00,0.2252,1.0,0.01757715421806516,0.01757715421806516,0.45029264401265484
2021-08-10 18:00:00-06:00,0.22768,1.0,0.011012433392539878,0.011012433392539878,0.4552514617619949
2021-08-11 18:00:00-06:00,0.21876,1.0,-0.03917779339423744,-0.03917779339423744,0.4374157140506589
2021-08-12 18:00:00-06:00,0.23154,1.0,0.05842018650575964,0.05842018650575964,0.4629696216460484
2021-08-13 18:00:00-06:00,0.26377,1.0,0.13919841064178984,0.13919841064178984,0.5274142571546091
2021-08-14 18:00:00-06:00,0.25233,1.0,-0.04337111877772304,-0.04337111877772304,0.5045397107624919
2021-08-15 18:00:00-06:00,0.2426,1.0,-0.03856061506757025,-0.03856061506757025,0.48508434918947624
2021-08-16 18:00:00-06:00,0.22721,1.0,-0.06343775762572146,-0.06343775762572146,0.4543116858175634
2021-08-17 18:00:00-06:00,0.22342,1.0,-0.01668060384666159,-0.01668060384666159,0.4467334925635317
2021-08-18 18:00:00-06:00,0.23766,1.0,0.0637364604780235,0.0637364604780235,0.4752067041565166
2021-08-19 18:00:00-06:00,0.24753,1.0,0.041529916687705004,0.041529916687705004,0.49494199898957564
2021-08-20 18:00:00-06:00,0.24233,1.0,-0.02100755463984172,-0.02100755463984172,0.48454447790224964
2021-08-21 18:00:00-06:00,0.24181,1.0,-0.002145834193042484,-0.002145834193042484,0.48350472579351705
2021-08-22 18:00:00-06:00,0.26119,1.0,0.08014556883503565,0.08014556883503565,0.5222554870766664
2021-08-23 18:00:00-06:00,0.25284,1.0,-0.031969064665569036,-0.031969064665569036,0.5055594676383641
2021-08-24 18:00:00-06:00,0.25827,1.0,0.021476032273374468,0.021476032273374468,0.5164168790814756
2021-08-25 18:00:00-06:00,0.23793,1.0,-0.07875479149727027,-0.07875479149727027,0.47574657544374294
2021-08-26 18:00:00-06:00,0.25434,1.0,0.06896986508636993,0.06896986508636993,0.5085587525674004
2021-08-27 18:00:00-06:00,0.26135,1.0,0.027561531807816397,0.027561531807816397,0.5225754108024302
2021-08-28 18:00:00-06:00,0.25234,1.0,-0.03447484216567831,-0.03447484216567831,0.5045597059953519
2021-08-29 18:00:00-06:00,0.24469,1.0,-0.0303162399936594,-0.0303162399936594,0.48926335285726663
2021-08-30 18:00:00-06:00,0.25181,1.0,0.02909804242102254,0.02909804242102254,0.5034999586537591
2021-08-31 18:00:00-06:00,0.26474,1.0,0.05134823875143968,0.05134823875143968,0.5293537947420524
2021-09-01 18:00:00-06:00,0.27472,1.0,0.03769736345093322,0.03769736345093322,0.5493090371365742
2021-09-02 18:00:00-06:00,0.28649,1.0,0.04284362259755392,0.04284362259755392,0.5728434262130793
2021-09-03 18:00:00-06:00,0.31832,1.0,0.11110335439282326,0.11110335439282326,0.6364882524072301
2021-09-04 18:00:00-06:00,0.30796,1.0,-0.032545865795425954,-0.032545865795425954,0.6157731911640192
2021-09-05 18:00:00-06:00,0.31237,1.0,0.01432004156383937,0.01432004156383937,0.624591088855386
2021-09-06 18:00:00-06:00,0.27154,1.0,-0.13071037551621467,-0.13071037551621467,0.542950553087017
2021-09-07 18:00:00-06:00,0.31917,1.0,0.1754069382043162,0.1754069382043162,0.6381878472003507
2021-09-08 18:00:00-06:00,0.33091,1.0,0.03678290566155962,0.03678290566155962,0.661662250578275
2021-09-09 18:00:00-06:00,0.3167,1.0,-0.042942189719259005,-0.042942189719259005,0.6332490246838708
2021-09-10 18:00:00-06:00,0.36341,1.0,0.14748973792232412,0.14748973792232412,0.7266467573740623
2021-09-11 18:00:00-06:00,0.42527,1.0,0.17022096254918684,0.17022096254918684,0.8503372678475206
2021-09-12 18:00:00-06:00,0.43247,1.0,0.016930420673924917,0.016930420673924917,0.8647338355068951
2021-09-13 18:00:00-06:00,0.4565,1.0,0.05556454782990716,0.05556454782990716,0.9127823800700571
2021-09-14 18:00:00-06:00,0.50537,1.0,0.10705366922234383,0.10705366922234383,1.0104990830580607
2021-09-15 18:00:00-06:00,0.47661,1.0,-0.05690879949344052,-0.05690879949344052,0.952992793352004
2021-09-16 18:00:00-06:00,0.42653,1.0,-0.10507542854744967,-0.10507542854744967,0.8528566671879111
2021-09-17 18:00:00-06:00,0.42941,1.0,0.006752162802147632,0.006752162802147632,0.8586152942516609
2021-09-18 18:00:00-06:00,0.39707,1.0,-0.07531263827111623,-0.07531263827111623,0.7939507111816376
2021-09-19 18:00:00-06:00,0.33963,1.0,-0.1446596318029566,-0.1446596318029566,0.6790980936324064
2021-09-20 18:00:00-06:00,0.30559,1.0,-0.10022671731001387,-0.10022671731001387,0.6110343209761419
2021-09-21 18:00:00-06:00,0.36666,1.0,0.19984292679734295,0.19984292679734295,0.7331452080536411
2021-09-22 18:00:00-06:00,0.38268,1.0,0.043691703485517985,0.043691703485517985,0.7651775710957492
2021-09-23 18:00:00-06:00,0.34983,1.0,-0.08584195672624662,-0.08584195672624662,0.6994932311498534
2021-09-24 18:00:00-06:00,0.34138,0.0,-0.02415458937198056,-0.0002,0.6993533325036234
2021-09-25 18:00:00-06:00,0.3348,0.0,-0.019274708535942486,-0.0,0.6993533325036234
2021-09-26 18:00:00-06:00,0.31898,0.0,-0.047252090800477875,-0.0,0.6993533325036234
2021-09-27 18:00:00-06:00,0.30313,0.0,-0.049689635713837776,-0.0,0.6993533325036234
2021-09-28 18:00:00-06:00,0.31065,0.0,0.02480783822122512,0.0,0.6993533325036234
2021-09-29 18:00:00-06:00,0.3377,0.0,0.08707548688234357,0.0,0.6993533325036234
2021-09-30 18:00:00-06:00,0.36517,0.0,0.08134438851051229,0.0,0.6993533325036234
2021-10-01 18:00:00-06:00,0.38578,0.0,0.056439466549826234,0.0,0.6993533325036234
2021-10-02 18:00:00-06:00,0.39902,0.0,0.03432007880138932,0.0,0.6993533325036234
2021-10-03 18:00:00-06:00,0.40516,0.0,0.01538769986466848,0.0,0.6993533325036234
2021-10-04 18:00:00-06:00,0.404,0.0,-0.002863066442886697,-0.0,0.6993533325036234
2021-10-05 18:00:00-06:00,0.38143,1.0,-0.05586633663366347,-0.05606633663366347,0.6601431531376009
2021-10-06 18:00:00-06:00,0.37865,1.0,-0.007288362215871813,-0.007288362215871813,0.6553317907232062
2021-10-07 18:00:00-06:00,0.3741,1.0,-0.012016373960121451,-0.012016373960121451,0.6474570788579201
2021-10-08 18:00:00-06:00,0.37126,1.0,-0.007591553060678935,-0.007591553060678935,0.642541874089258
2021-10-09 18:00:00-06:00,0.33941,1.0,-0.08578893497818241,-0.08578893497818241,0.5874188910322552
2021-10-10 18:00:00-06:00,0.34373,1.0,0.012727969122889649,0.012727969122889649,0.5948955405395158
2021-10-11 18:00:00-06:00,0.34934,1.0,0.01632094958252117,0.01632094958252117,0.6046048006635278
2021-10-12 18:00:00-06:00,0.35765,1.0,0.023787713974924296,0.023787713974924296,0.618986966729578
2021-10-13 18:00:00-06:00,0.38921,1.0,0.08824269537257079,0.08824269537257079,0.6736080450742877
2021-10-14 18:00:00-06:00,0.36466,1.0,-0.06307648827111334,-0.06307648827111334,0.6311192151198318
2021-10-15 18:00:00-06:00,0.37276,0.0,0.022212471891625007,-0.0002,0.6309929912768079
2021-10-16 18:00:00-06:00,0.35544,0.0,-0.04646421289837965,-0.0,0.6309929912768079
2021-10-17 18:00:00-06:00,0.35651,0.0,0.0030103533648435654,0.0,0.6309929912768079
2021-10-18 18:00:00-06:00,0.37505,0.0,0.05200415135620329,0.0,0.6309929912768079
2021-10-19 18:00:00-06:00,0.40323,0.0,0.07513664844687362,0.0,0.6309929912768079
2021-10-20 18:00:00-06:00,0.37942,1.0,-0.05904818589886662,-0.05924818589886662,0.5936078012287577
2021-10-21 18:00:00-06:00,0.37896,0.0,-0.0012123767856200285,-0.0002,0.5934890796685119
2021-10-22 18:00:00-06:00,0.37963,1.0,0.0017679966223347332,0.0015679966223347331,0.5944196685408247
2021-10-23 18:00:00-06:00,0.36732,1.0,-0.03242630982799055,-0.03242630982799055,0.5751448322008685
2021-10-24 18:00:00-06:00,0.3877,1.0,0.055482957639115815,0.055482957639115815,0.6070555685622258
2021-10-25 18:00:00-06:00,0.39184,1.0,0.010678359556357986,0.010678359556357986,0.6135379261940225
2021-10-26 18:00:00-06:00,0.3505,1.0,-0.10550224581461831,-0.10550224581461831,0.5488082970881095
2021-10-27 18:00:00-06:00,0.37072,1.0,0.057689015691868795,0.057689015691868795,0.5804685075506533
2021-10-28 18:00:00-06:00,0.3904,1.0,0.053085886922745074,0.053085886922745074,0.6112831931047018
2021-10-29 18:00:00-06:00,0.41894,1.0,0.07310450819672121,0.07310450819672121,0.6559707503055424
2021-10-30 18:00:00-06:00,0.4081,1.0,-0.02587482694419241,-0.02587482694419241,0.6389976206609345
2021-10-31 18:00:00-06:00,0.40012,1.0,-0.01955403087478569,-0.01955403087478569,0.6265026414576159
2021-11-01 18:00:00-06:00,0.39751,1.0,-0.006523043087073854,-0.006523043087073854,0.6224159377332223
2021-11-02 18:00:00-06:00,0.39126,1.0,-0.015722874896228922,-0.015722874896228922,0.6126297698108238
2021-11-03 18:00:00-06:00,0.39443,1.0,0.008102029341103156,0.008102029341103156,0.6175933141810644
2021-11-04 18:00:00-06:00,0.39079,1.0,-0.009228506959409688,-0.009228506959409688,0.6118938499830596
2021-11-05 18:00:00-06:00,0.38586,1.0,-0.012615471224954655,-0.012615471224954655,0.6041745207258716
2021-11-06 18:00:00-06:00,0.39362,1.0,0.02011092105945167,0.02011092105945167,0.6163250268183217
2021-11-07 18:00:00-06:00,0.42316,1.0,0.07504699964432682,0.07504699964432682,0.662578370886746
2021-11-08 18:00:00-06:00,0.4266,1.0,0.008129312789488585,0.008129312789488585,0.6679646777112341
2021-11-09 18:00:00-06:00,0.40683,1.0,-0.04634317862165949,-0.04634317862165949,0.6370090713391032
2021-11-10 18:00:00-06:00,0.43162,1.0,0.06093454268367626,0.06093454268367626,0.6758249277865048
2021-11-11 18:00:00-06:00,0.45231,1.0,0.04793568416662808,0.04793568416662808,0.7082210580768129
2021-11-12 18:00:00-06:00,0.43717,1.0,-0.03347261833698123,-0.03347261833698123,0.6845150449015948
2021-11-13 18:00:00-06:00,0.43905,1.0,0.004300386577303916,0.004300386577303916,0.6874587242126522
2021-11-14 18:00:00-06:00,0.42583,1.0,-0.030110465778385165,-0.030110465778385165,0.6667590218231948
2021-11-15 18:00:00-06:00,0.39479,1.0,-0.07289293849658318,-0.07289293849658318,0.6181569974533947
2021-11-16 18:00:00-06:00,0.40599,1.0,0.028369512905595418,0.028369512905595418,0.6356938103703329
2021-11-17 18:00:00-06:00,0.35854,1.0,-0.11687479987191796,-0.11687479987191796,0.5613972235034833
2021-11-18 18:00:00-06:00,0.37991,1.0,0.05960283371450892,0.05960283371450892,0.5948580888637485
2021-11-19 18:00:00-06:00,0.3881,0.0,0.021557737358848028,-0.0002,0.5947391172459757
2021-11-20 18:00:00-06:00,0.38477,0.0,-0.00858026281886115,-0.0,0.5947391172459757
2021-11-21 18:00:00-06:00,0.36301,0.0,-0.05655326558723395,-0.0,0.5947391172459757
2021-11-22 18:00:00-06:00,0.37055,0.0,0.020770777664527174,0.0,0.5947391172459757
2021-11-23 18:00:00-06:00,0.35243,0.0,-0.04890028336256902,-0.0,0.5947391172459757
2021-11-24 18:00:00-06:00,0.3566,0.0,0.011832136878245247,0.0,0.5947391172459757
2021-11-25 18:00:00-06:00,0.32434,0.0,-0.09046550757150862,-0.0,0.5947391172459757
2021-11-26 18:00:00-06:00,0.33129,0.0,0.021428130973669468,0.0,0.5947391172459757
2021-11-27 18:00:00-06:00,0.33228,0.0,0.002988318391741407,0.0,0.5947391172459757
2021-11-28 18:00:00-06:00,0.35899,0.0,0.08038401348260482,0.0,0.5947391172459757
2021-11-29 18:00:00-06:00,0.34813,0.0,-0.030251539040084596,-0.0,0.5947391172459757
2021-11-30 18:00:00-06:00,0.35065,0.0,0.007238675207537515,0.0,0.5947391172459757
2021-12-01 18:00:00-06:00,0.33985,0.0,-0.03079994296306865,-0.0,0.5947391172459757
2021-12-02 18:00:00-06:00,0.31507,0.0,-0.07291452111225527,-0.0,0.5947391172459757
2021-12-03 18:00:00-06:00,0.28542,0.0,-0.09410607166661378,-0.0,0.5947391172459757
2021-12-04 18:00:00-06:00,0.27482,0.0,-0.03713825239997193,-0.0,0.5947391172459757
2021-12-05 18:00:00-06:00,0.27836,0.0,0.012881158576522722,0.0,0.5947391172459757
2021-12-06 18:00:00-06:00,0.27266,0.0,-0.02047708004023563,-0.0,0.5947391172459757
2021-12-07 18:00:00-06:00,0.28104,0.0,0.03073424778111944,0.0,0.5947391172459757
2021-12-08 18:00:00-06:00,0.25121,0.0,-0.10614147452319966,-0.0,0.5947391172459757
2021-12-09 18:00:00-06:00,0.23629,0.0,-0.05939254010588746,-0.0,0.5947391172459757
2021-12-10 18:00:00-06:00,0.25337,0.0,0.07228405772567603,0.0,0.5947391172459757
2021-12-11 18:00:00-06:00,0.2554,0.0,0.008011998263409259,0.0,0.5947391172459757
2021-12-12 18:00:00-06:00,0.22553,0.0,-0.11695379796397809,-0.0,0.5947391172459757
2021-12-13 18:00:00-06:00,0.23304,0.0,0.03329933933401308,0.0,0.5947391172459757
2021-12-14 18:00:00-06:00,0.2563,0.0,0.09981119121180893,0.0,0.5947391172459757
2021-12-15 18:00:00-06:00,0.26084,0.0,0.01771361685524786,0.0,0.5947391172459757
2021-12-16 18:00:00-06:00,0.25072,0.0,-0.03879773040944645,-0.0,0.5947391172459757
2021-12-17 18:00:00-06:00,0.30745,0.0,0.22626834716017874,0.0,0.5947391172459757
2021-12-18 18:00:00-06:00,0.32406,0.0,0.054025044722719295,0.0,0.5947391172459757
2021-12-19 18:00:00-06:00,0.30475,0.0,-0.05958773066716039,-0.0,0.5947391172459757
2021-12-20 18:00:00-06:00,0.30796,0.0,0.010533223954060755,0.0,0.5947391172459757
2021-12-21 18:00:00-06:00,0.31844,1.0,0.034030393557604954,0.033830393557604956,0.6148593756465096
2021-12-22 18:00:00-06:00,0.32919,1.0,0.03375832181886684,0.03375832181886684,0.635615996322932
2021-12-23 18:00:00-06:00,0.31028,1.0,-0.05744402928400005,-0.05744402928400005,0.5991036524167787
2021-12-24 18:00:00-06:00,0.31495,1.0,0.015050921748098522,0.015050921748098522,0.6081207146083036
2021-12-25 18:00:00-06:00,0.31839,1.0,0.010922368629941337,0.010922368629941337,0.6147628332247589
2021-12-26 18:00:00-06:00,0.31384,1.0,-0.01429064983196704,-0.01429064983196704,0.6059774728454359
2021-12-27 18:00:00-06:00,0.29037,1.0,-0.07478332908488394,-0.07478332908488394,0.5606604600756093
2021-12-28 18:00:00-06:00,0.28279,1.0,-0.026104625133450576,-0.026104625133450576,0.5460246289381876
2021-12-29 18:00:00-06:00,0.2973,1.0,0.05131015948230133,0.05131015948230133,0.5740412397302704
2021-12-30 18:00:00-06:00,0.29021,1.0,-0.02384796501849973,-0.02384796501849973,0.5603515243260068
2021-12-31 18:00:00-06:00,0.30035,1.0,0.03494021570586803,0.03494021570586803,0.5799303274570694
2022-01-01 18:00:00-06:00,0.31205,1.0,0.03895455302147499,0.03895455302147499,0.6025212541467572
2022-01-02 18:00:00-06:00,0.30681,1.0,-0.016792180740265894,-0.016792180740265894,0.5924036083472731
2022-01-03 18:00:00-06:00,0.32477,0.0,0.05853785730582439,-0.0002,0.5922851276256037
2022-01-04 18:00:00-06:00,0.28675,0.0,-0.11706746312775196,-0.0,0.5922851276256037
2022-01-05 18:00:00-06:00,0.29378,0.0,0.02451612903225797,0.0,0.5922851276256037
2022-01-06 18:00:00-06:00,0.27286,0.0,-0.07120974879161279,-0.0,0.5922851276256037
2022-01-07 18:00:00-06:00,0.26447,0.0,-0.030748369127024833,-0.0,0.5922851276256037
2022-01-08 18:00:00-06:00,0.27138,0.0,0.026127727152418068,0.0,0.5922851276256037
2022-01-09 18:00:00-06:00,0.25932,0.0,-0.0444395312845457,-0.0,0.5922851276256037
2022-01-10 18:00:00-06:00,0.27533,0.0,0.061738392719420165,0.0,0.5922851276256037
2022-01-11 18:00:00-06:00,0.2965,0.0,0.07688955072095283,0.0,0.5922851276256037
2022-01-12 18:00:00-06:00,0.27796,0.0,-0.06252951096121417,-0.0,0.5922851276256037
2022-01-13 18:00:00-06:00,0.28094,0.0,0.010720967045618313,0.0,0.5922851276256037
2022-01-14 18:00:00-06:00,0.27955,0.0,-0.004947675660283313,-0.0,0.5922851276256037
2022-01-15 18:00:00-06:00,0.27888,0.0,-0.002396708996601715,-0.0,0.5922851276256037
2022-01-16 18:00:00-06:00,0.26959,0.0,-0.033311818703385065,-0.0,0.5922851276256037
2022-01-17 18:00:00-06:00,0.26574,0.0,-0.014280945138914758,-0.0,0.5922851276256037
2022-01-18 18:00:00-06:00,0.2672,0.0,0.0054940919695944945,0.0,0.5922851276256037
2022-01-19 18:00:00-06:00,0.25963,0.0,-0.028330838323353147,-0.0,0.5922851276256037
2022-01-20 18:00:00-06:00,0.23421,0.0,-0.0979085621846475,-0.0,0.5922851276256037
2022-01-21 18:00:00-06:00,0.22159,0.0,-0.0538832671534093,-0.0,0.5922851276256037
2022-01-22 18:00:00-06:00,0.2218,0.0,0.0009476961956766949,0.0,0.5922851276256037
2022-01-23 18:00:00-06:00,0.20614,0.0,-0.07060414788097391,-0.0,0.5922851276256037
2022-01-24 18:00:00-06:00,0.21121,0.0,0.02459493548074132,0.0,0.5922851276256037
2022-01-25 18:00:00-06:00,0.2115,0.0,0.0013730410491927802,0.0,0.5922851276256037
2022-01-26 18:00:00-06:00,0.20823,0.0,-0.01546099290780134,-0.0,0.5922851276256037
2022-01-27 18:00:00-06:00,0.21586,0.0,0.03664217451856122,0.0,0.5922851276256037
2022-01-28 18:00:00-06:00,0.22194,0.0,0.028166404150838487,0.0,0.5922851276256037
2022-01-29 18:00:00-06:00,0.21855,0.0,-0.015274398486077367,-0.0,0.5922851276256037
2022-01-30 18:00:00-06:00,0.22168,0.0,0.014321665522763594,0.0,0.5922851276256037
2022-01-31 18:00:00-06:00,0.22905,0.0,0.03324612053410325,0.0,0.5922851276256037
2022-02-01 18:00:00-06:00,0.22016,0.0,-0.03881248635669077,-0.0,0.5922851276256037
2022-02-02 18:00:00-06:00,0.23717,0.0,0.07726199127906974,0.0,0.5922851276256037
2022-02-03 18:00:00-06:00,0.24851,0.0,0.047813804444069685,0.0,0.5922851276256037
2022-02-04 18:00:00-06:00,0.2572,0.0,0.03496841173393417,0.0,0.5922851276256037
2022-02-05 18:00:00-06:00,0.25808,1.0,0.0034214618973560373,0.0032214618973560372,0.5941931515966202
2022-02-06 18:00:00-06:00,0.26095,1.0,0.011120582765034248,0.011120582765034248,0.600800925717367
2022-02-07 18:00:00-06:00,0.25367,1.0,-0.02789806476336465,-0.02789806476336465,0.5840397425818145
2022-02-08 18:00:00-06:00,0.2567,1.0,0.011944652501281183,0.011944652501281183,0.5910158943538919
2022-02-09 18:00:00-06:00,0.24587,1.0,-0.04218932606155035,-0.04218932606155035,0.5660813320794368
2022-02-10 18:00:00-06:00,0.23325,1.0,-0.05132793752796194,-0.05132793752796194,0.537025544830718
2022-02-11 18:00:00-06:00,0.23123,1.0,-0.008660235798499505,-0.008660235798499505,0.5323747769826663
2022-02-12 18:00:00-06:00,0.22638,1.0,-0.02097478700860611,-0.02097478700860611,0.5212083294267007
2022-02-13 18:00:00-06:00,0.24167,1.0,0.06754130223517985,0.06754130223517985,0.5564114187320027
2022-02-14 18:00:00-06:00,0.25889,1.0,0.07125418959738483,0.07125418959738483,0.5960580634564827
2022-02-15 18:00:00-06:00,0.2609,1.0,0.007763915176329794,0.007763915176329794,0.6006858077013263
2022-02-16 18:00:00-06:00,0.23437,1.0,-0.10168646991184371,-0.10168646991184371,0.5396041883900339
2022-02-17 18:00:00-06:00,0.22853,1.0,-0.02491786491445147,-0.02491786491445147,0.5261584041164588
2022-02-18 18:00:00-06:00,0.23218,0.0,0.01597164486063085,-0.0002,0.5260531724356354
2022-02-19 18:00:00-06:00,0.21468,0.0,-0.07537255577569124,-0.0,0.5260531724356354
2022-02-20 18:00:00-06:00,0.20046,0.0,-0.06623812185578537,-0.0,0.5260531724356354
2022-02-21 18:00:00-06:00,0.23505,0.0,0.17255312780604615,0.0,0.5260531724356354
2022-02-22 18:00:00-06:00,0.21796,0.0,-0.07270793448202517,-0.0,0.5260531724356354
2022-02-23 18:00:00-06:00,0.21587,0.0,-0.009588915397320541,-0.0,0.5260531724356354
2022-02-24 18:00:00-06:00,0.22438,0.0,0.03942187427618471,0.0,0.5260531724356354
2022-02-25 18:00:00-06:00,0.22349,0.0,-0.00396648542650857,-0.0,0.5260531724356354
2022-02-26 18:00:00-06:00,0.20978,0.0,-0.06134502662311514,-0.0,0.5260531724356354
2022-02-27 18:00:00-06:00,0.23017,0.0,0.09719706359042823,0.0,0.5260531724356354
2022-02-28 18:00:00-06:00,0.2271,0.0,-0.013337967589173272,-0.0,0.5260531724356354
2022-03-01 18:00:00-06:00,0.22263,0.0,-0.01968295904887718,-0.0,0.5260531724356354
2022-03-02 18:00:00-06:00,0.22097,0.0,-0.0074563176570991985,-0.0,0.5260531724356354
2022-03-03 18:00:00-06:00,0.20545,0.0,-0.07023577861248131,-0.0,0.5260531724356354
2022-03-04 18:00:00-06:00,0.21011,0.0,0.022681917741542934,0.0,0.5260531724356354
2022-03-05 18:00:00-06:00,0.2024,0.0,-0.03669506449002902,-0.0,0.5260531724356354
2022-03-06 18:00:00-06:00,0.20568,0.0,0.016205533596838073,0.0,0.5260531724356354
2022-03-07 18:00:00-06:00,0.20485,0.0,-0.004035394788020175,-0.0,0.5260531724356354
2022-03-08 18:00:00-06:00,0.21271,0.0,0.03836953868684412,0.0,0.5260531724356354
2022-03-09 18:00:00-06:00,0.21645,0.0,0.017582624230172428,0.0,0.5260531724356354
2022-03-10 18:00:00-06:00,0.20515,0.0,-0.052206052206052234,-0.0,0.5260531724356354
2022-03-11 18:00:00-06:00,0.20531,0.0,0.0007799171338045419,0.0,0.5260531724356354
2022-03-12 18:00:00-06:00,0.19903,0.0,-0.03058789148117469,-0.0,0.5260531724356354
2022-03-13 18:00:00-06:00,0.20324,0.0,0.021152590061799703,0.0,0.5260531724356354
2022-03-14 18:00:00-06:00,0.2001,0.0,-0.015449714623105737,-0.0,0.5260531724356354
2022-03-15 18:00:00-06:00,0.20448,0.0,0.02188905547226394,0.0,0.5260531724356354
2022-03-16 18:00:00-06:00,0.20525,0.0,0.003765649452269093,0.0,0.5260531724356354
2022-03-17 18:00:00-06:00,0.20815,0.0,0.014129110840438663,0.0,0.5260531724356354
2022-03-18 18:00:00-06:00,0.21031,0.0,0.010377131876050827,0.0,0.5260531724356354
2022-03-19 18:00:00-06:00,0.20911,0.0,-0.005705862774000314,-0.0,0.5260531724356354
2022-03-20 18:00:00-06:00,0.21109,0.0,0.00946870068385075,0.0,0.5260531724356354
2022-03-21 18:00:00-06:00,0.21487,0.0,0.017907053863281064,0.0,0.5260531724356354
2022-03-22 18:00:00-06:00,0.21801,1.0,0.014613487224833577,0.014413487224833576,0.5336354331161196
2022-03-23 18:00:00-06:00,0.22032,1.0,0.010595844227328843,0.010595844227328843,0.5392897510396012
2022-03-24 18:00:00-06:00,0.2231,1.0,0.012618010167029903,0.012618010167029903,0.546094514601194
2022-03-25 18:00:00-06:00,0.22715,1.0,0.01815329448677727,0.01815329448677727,0.5560079291423631
2022-03-26 18:00:00-06:00,0.24234,1.0,0.06687211093990753,0.06687211093990753,0.5931893530634395
2022-03-27 18:00:00-06:00,0.23608,1.0,-0.025831476438062162,-0.025831476438062162,0.5778663962664718
2022-03-28 18:00:00-06:00,0.25431,1.0,0.07721958658081984,0.07721958658081984,0.622489000485117
2022-03-29 18:00:00-06:00,0.25462,1.0,0.0012189847037082924,0.0012189847037082924,0.623247805054935
2022-03-30 18:00:00-06:00,0.23628,1.0,-0.07202890582043842,-0.07202890582043842,0.5783559476018382
2022-03-31 18:00:00-06:00,0.2469,1.0,0.04494667343829373,0.04494667343829373,0.6043511235097929
2022-04-01 18:00:00-06:00,0.24546,1.0,-0.00583232077764273,-0.00583232077764273,0.600826353895155
2022-04-02 18:00:00-06:00,0.24829,1.0,0.011529373421331313,0.011529373421331313,0.6077535052905892
2022-04-03 18:00:00-06:00,0.23876,1.0,-0.03838253655000201,-0.03838253655000201,0.5844263841603814
2022-04-04 18:00:00-06:00,0.22721,1.0,-0.04837493717540631,-0.04837493717540631,0.5561547945429731
2022-04-05 18:00:00-06:00,0.21018,1.0,-0.07495268694159585,-0.07495268694159585,0.5144694983365261
2022-04-06 18:00:00-06:00,0.22246,1.0,0.05842611095251682,0.05842611095251682,0.5445279503280217
2022-04-07 18:00:00-06:00,0.2083,1.0,-0.06365189247505165,-0.06365189247505165,0.5098677157840822
2022-04-08 18:00:00-06:00,0.21368,0.0,0.025828132501200196,-0.0002,0.5097657422409254
2022-04-09 18:00:00-06:00,0.20834,0.0,-0.024990640209659354,-0.0,0.5097657422409254
2022-04-10 18:00:00-06:00,0.19482,0.0,-0.06489392339445144,-0.0,0.5097657422409254
2022-04-11 18:00:00-06:00,0.19842,0.0,0.018478595626732375,0.0,0.5097657422409254
2022-04-12 18:00:00-06:00,0.20328,0.0,0.02449349863924999,0.0,0.5097657422409254
2022-04-13 18:00:00-06:00,0.1962,0.0,-0.0348288075560802,-0.0,0.5097657422409254
2022-04-14 18:00:00-06:00,0.19993,0.0,0.019011213047910314,0.0,0.5097657422409254
2022-04-15 18:00:00-06:00,0.19822,0.0,-0.008552993547741639,-0.0,0.5097657422409254
2022-04-16 18:00:00-06:00,0.19206,0.0,-0.031076581576026663,-0.0,0.5097657422409254
2022-04-17 18:00:00-06:00,0.19469,0.0,0.013693637404977643,0.0,0.5097657422409254
2022-04-18 18:00:00-06:00,0.19929,0.0,0.023627304946324923,0.0,0.5097657422409254
2022-04-19 18:00:00-06:00,0.19614,0.0,-0.015806111696522573,-0.0,0.5097657422409254
2022-04-20 18:00:00-06:00,0.19068,0.0,-0.027837259100642497,-0.0,0.5097657422409254
2022-04-21 18:00:00-06:00,0.18968,0.0,-0.0052443885043004235,-0.0,0.5097657422409254
2022-04-22 18:00:00-06:00,0.18681,0.0,-0.01513074652045543,-0.0,0.5097657422409254
2022-04-23 18:00:00-06:00,0.18568,0.0,-0.006048926716985092,-0.0,0.5097657422409254
2022-04-24 18:00:00-06:00,0.18151,0.0,-0.022457992244722114,-0.0,0.5097657422409254
2022-04-25 18:00:00-06:00,0.16741,0.0,-0.07768167043138119,-0.0,0.5097657422409254
2022-04-26 18:00:00-06:00,0.16926,0.0,0.011050713816378899,0.0,0.5097657422409254
2022-04-27 18:00:00-06:00,0.16976,0.0,0.0029540352120998037,0.0,0.5097657422409254
2022-04-28 18:00:00-06:00,0.15888,0.0,-0.06409048067860512,-0.0,0.5097657422409254
2022-04-29 18:00:00-06:00,0.14107,0.0,-0.1120971802618328,-0.0,0.5097657422409254
2022-04-30 18:00:00-06:00,0.14563,0.0,0.03232437796838461,0.0,0.5097657422409254
2022-05-01 18:00:00-06:00,0.13973,0.0,-0.04051363043328993,-0.0,0.5097657422409254
2022-05-02 18:00:00-06:00,0.13839,0.0,-0.00958992342374565,-0.0,0.5097657422409254
2022-05-03 18:00:00-06:00,0.15125,0.0,0.09292578943565277,0.0,0.5097657422409254
2022-05-04 18:00:00-06:00,0.13541,0.0,-0.10472727272727267,-0.0,0.5097657422409254
2022-05-05 18:00:00-06:00,0.13372,0.0,-0.012480614430248838,-0.0,0.5097657422409254
2022-05-06 18:00:00-06:00,0.13009,0.0,-0.027146275800179476,-0.0,0.5097657422409254
2022-05-07 18:00:00-06:00,0.12765,0.0,-0.01875624567607037,-0.0,0.5097657422409254
2022-05-08 18:00:00-06:00,0.10602,0.0,-0.1694477085781434,-0.0,0.5097657422409254
2022-05-09 18:00:00-06:00,0.11462,0.0,0.08111677042067522,0.0,0.5097657422409254
2022-05-10 18:00:00-06:00,0.09106,0.0,-0.20554876984819404,-0.0,0.5097657422409254
2022-05-11 18:00:00-06:00,0.08683,0.0,-0.04645288820557869,-0.0,0.5097657422409254
2022-05-12 18:00:00-06:00,0.09619,0.0,0.10779684440861437,0.0,0.5097657422409254
2022-05-13 18:00:00-06:00,0.10152,0.0,0.055411165401809015,0.0,0.5097657422409254
2022-05-14 18:00:00-06:00,0.10794,0.0,0.06323877068557926,0.0,0.5097657422409254
2022-05-15 18:00:00-06:00,0.10218,0.0,-0.053362979433018265,-0.0,0.5097657422409254
2022-05-16 18:00:00-06:00,0.10947,0.0,0.07134468584850251,0.0,0.5097657422409254
2022-05-17 18:00:00-06:00,0.09917,0.0,-0.09408970494199331,-0.0,0.5097657422409254
2022-05-18 18:00:00-06:00,0.10357,0.0,0.044368256529192296,0.0,0.5097657422409254
2022-05-19 18:00:00-06:00,0.09946,0.0,-0.03968330597663405,-0.0,0.5097657422409254
2022-05-20 18:00:00-06:00,0.10108,0.0,0.016287954956766493,0.0,0.5097657422409254
2022-05-21 18:00:00-06:00,0.10414,0.0,0.03027305104867417,0.0,0.5097657422409254
2022-05-22 18:00:00-06:00,0.09838,0.0,-0.055310159400806636,-0.0,0.5097657422409254
2022-05-23 18:00:00-06:00,0.0994,0.0,0.010367960967676337,0.0,0.5097657422409254
2022-05-24 18:00:00-06:00,0.09757,0.0,-0.01841046277665992,-0.0,0.5097657422409254
2022-05-25 18:00:00-06:00,0.09058,0.0,-0.0716408732192273,-0.0,0.5097657422409254
2022-05-26 18:00:00-06:00,0.08716,0.0,-0.03775667917862657,-0.0,0.5097657422409254
2022-05-27 18:00:00-06:00,0.08898,0.0,0.020881138136759958,0.0,0.5097657422409254
2022-05-28 18:00:00-06:00,0.09055,0.0,0.017644414475163073,0.0,0.5097657422409254
2022-05-29 18:00:00-06:00,0.09779,0.0,0.07995582551076752,0.0,0.5097657422409254
2022-05-30 18:00:00-06:00,0.0944,0.0,-0.03466612128029456,-0.0,0.5097657422409254
2022-05-31 18:00:00-06:00,0.08941,0.0,-0.05286016949152539,-0.0,0.5097657422409254
2022-06-01 18:00:00-06:00,0.09221,0.0,0.03131640756067555,0.0,0.5097657422409254
2022-06-02 18:00:00-06:00,0.08865,0.0,-0.03860752629866604,-0.0,0.5097657422409254
2022-06-03 18:00:00-06:00,0.09025,0.0,0.018048505358149836,0.0,0.5097657422409254
2022-06-04 18:00:00-06:00,0.09355,0.0,0.03656509695290855,0.0,0.5097657422409254
2022-06-05 18:00:00-06:00,0.09675,0.0,0.034206306787814,0.0,0.5097657422409254
2022-06-06 18:00:00-06:00,0.09068,0.0,-0.06273901808785531,-0.0,0.5097657422409254
2022-06-07 18:00:00-06:00,0.08792,0.0,-0.030436700485222734,-0.0,0.5097657422409254
2022-06-08 18:00:00-06:00,0.08653,0.0,-0.01580982711555967,-0.0,0.5097657422409254
2022-06-09 18:00:00-06:00,0.08101,0.0,-0.06379290419507677,-0.0,0.5097657422409254
2022-06-10 18:00:00-06:00,0.07803,0.0,-0.03678558202691018,-0.0,0.5097657422409254
2022-06-11 18:00:00-06:00,0.06942,0.0,-0.11034217608612085,-0.0,0.5097657422409254
2022-06-12 18:00:00-06:00,0.06591,0.0,-0.050561797752809,-0.0,0.5097657422409254
2022-06-13 18:00:00-06:00,0.06719,0.0,0.019420421787285758,0.0,0.5097657422409254
2022-06-14 18:00:00-06:00,0.07202,0.0,0.07188569727638039,0.0,0.5097657422409254
2022-06-15 18:00:00-06:00,0.06528,0.0,-0.09358511524576496,-0.0,0.5097657422409254
2022-06-16 18:00:00-06:00,0.06803,0.0,0.042126225490195957,0.0,0.5097657422409254
2022-06-17 18:00:00-06:00,0.0622,0.0,-0.08569748640305741,-0.0,0.5097657422409254
2022-06-18 18:00:00-06:00,0.06649,0.0,0.06897106109324747,0.0,0.5097657422409254
2022-06-19 18:00:00-06:00,0.07062,0.0,0.062114603699804594,0.0,0.5097657422409254
2022-06-20 18:00:00-06:00,0.07368,0.0,0.0433305012744265,0.0,0.5097657422409254
2022-06-21 18:00:00-06:00,0.06976,0.0,-0.053203040173724125,-0.0,0.5097657422409254
2022-06-22 18:00:00-06:00,0.07324,0.0,0.04988532110091737,0.0,0.5097657422409254
2022-06-23 18:00:00-06:00,0.07378,0.0,0.007373020207536829,0.0,0.5097657422409254
2022-06-24 18:00:00-06:00,0.07409,0.0,0.004201680672268893,0.0,0.5097657422409254
2022-06-25 18:00:00-06:00,0.06867,0.0,-0.07315427183155632,-0.0,0.5097657422409254
2022-06-26 18:00:00-06:00,0.0699,0.0,0.017911751856706015,0.0,0.5097657422409254
2022-06-27 18:00:00-06:00,0.06591,0.0,-0.05708154506437779,-0.0,0.5097657422409254
2022-06-28 18:00:00-06:00,0.0647,0.0,-0.018358367470793557,-0.0,0.5097657422409254
2022-06-29 18:00:00-06:00,0.06334,1.0,-0.021020092735703266,-0.021220092735703265,0.49894846591708836
2022-06-30 18:00:00-06:00,0.06164,0.0,-0.026839280075781402,-0.0002,0.49884867622390494
2022-07-01 18:00:00-06:00,0.06333,0.0,0.02741726151849444,0.0,0.49884867622390494
2022-07-02 18:00:00-06:00,0.06239,0.0,-0.014842886467708816,-0.0,0.49884867622390494
2022-07-03 18:00:00-06:00,0.06366,0.0,0.0203558262542074,0.0,0.49884867622390494
2022-07-04 18:00:00-06:00,0.06158,0.0,-0.03267357838517104,-0.0,0.49884867622390494
2022-07-05 18:00:00-06:00,0.06251,0.0,0.015102305943488048,0.0,0.49884867622390494
2022-07-06 18:00:00-06:00,0.06474,0.0,0.03567429211326201,0.0,0.49884867622390494
2022-07-07 18:00:00-06:00,0.06395,0.0,-0.01220265678096999,-0.0,0.49884867622390494
2022-07-08 18:00:00-06:00,0.06856,0.0,0.07208756841282238,0.0,0.49884867622390494
2022-07-09 18:00:00-06:00,0.06483,0.0,-0.054404900816802715,-0.0,0.49884867622390494
2022-07-10 18:00:00-06:00,0.06068,0.0,-0.0640135739626716,-0.0,0.49884867622390494
2022-07-11 18:00:00-06:00,0.05931,0.0,-0.022577455504284694,-0.0,0.49884867622390494
2022-07-12 18:00:00-06:00,0.06311,0.0,0.06407013994267396,0.0,0.49884867622390494
2022-07-13 18:00:00-06:00,0.06404,0.0,0.014736174932657331,0.0,0.49884867622390494
2022-07-14 18:00:00-06:00,0.0651,0.0,0.016552154903185512,0.0,0.49884867622390494
2022-07-15 18:00:00-06:00,0.06657,0.0,0.022580645161290214,0.0,0.49884867622390494
2022-07-16 18:00:00-06:00,0.06478,0.0,-0.02688898903409942,-0.0,0.49884867622390494
2022-07-17 18:00:00-06:00,0.07042,0.0,0.08706390861376945,0.0,0.49884867622390494
2022-07-18 18:00:00-06:00,0.07344,1.0,0.04288554387957988,0.04268554387957988,0.5201423032821307
2022-07-19 18:00:00-06:00,0.07036,1.0,-0.0419389978213508,-0.0419389978213508,0.49832805635798905
2022-07-20 18:00:00-06:00,0.07121,1.0,0.012080727686185178,0.012080727686185178,0.5043482219052359
2022-07-21 18:00:00-06:00,0.06942,1.0,-0.0251369189720545,-0.0251369189720545,0.4916704615175042
2022-07-22 18:00:00-06:00,0.06843,1.0,-0.014261019878997305,-0.014261019878997305,0.4846587392918873
2022-07-23 18:00:00-06:00,0.07238,1.0,0.05772322080958636,0.05772322080958636,0.5126348027173286
2022-07-24 18:00:00-06:00,0.065,1.0,-0.10196186791931472,-0.10196186791931472,0.4603656006718204
2022-07-25 18:00:00-06:00,0.06589,1.0,0.01369230769230767,0.01369230769230767,0.466669068127173
2022-07-26 18:00:00-06:00,0.07045,1.0,0.06920625284565185,0.06920625284565185,0.4989654856512269
2022-07-27 18:00:00-06:00,0.07235,1.0,0.02696948190205828,0.02696948190205828,0.5124223262862494
2022-07-28 18:00:00-06:00,0.07156,1.0,-0.010919143054595737,-0.010919143054595737,0.5068271136011611
2022-07-29 18:00:00-06:00,0.07285,1.0,0.01802683063163779,0.01802683063163779,0.515963600137571
2022-07-30 18:00:00-06:00,0.07567,1.0,0.03870967741935494,0.03870967741935494,0.5359363846590255
2022-07-31 18:00:00-06:00,0.07678,1.0,0.014668957314655673,0.014668957314655673,0.5437980126089597
2022-08-01 18:00:00-06:00,0.0726,1.0,-0.054441260744985676,-0.054441260744985676,0.5141929632119103
2022-08-02 18:00:00-06:00,0.07072,1.0,-0.025895316804407598,-0.025895316804407598,0.5008777735309408
2022-08-03 18:00:00-06:00,0.07202,1.0,0.018382352941176405,0.018382352941176405,0.5100850855443771
2022-08-04 18:00:00-06:00,0.07588,1.0,0.05359622327131364,0.05359622327131364,0.5374237196765806
2022-08-05 18:00:00-06:00,0.0769,1.0,0.013442277279915649,0.013442277279915649,0.5446479183332769
2022-08-06 18:00:00-06:00,0.07694,1.0,0.000520156046813991,0.000520156046813991,0.5449312202413825
2022-08-07 18:00:00-06:00,0.08,1.0,0.039771250324928564,0.039771250324928564,0.5666038162114713
2022-08-08 18:00:00-06:00,0.0747,1.0,-0.06625000000000003,-0.06625000000000003,0.5290663133874612
2022-08-09 18:00:00-06:00,0.07885,1.0,0.05555555555555558,0.05555555555555558,0.5584588863534313
2022-08-10 18:00:00-06:00,0.08097,1.0,0.026886493341788276,0.026886493341788276,0.5734738874830354
2022-08-11 18:00:00-06:00,0.08287,1.0,0.023465481042361347,0.023465481042361347,0.5869307281180578
2022-08-12 18:00:00-06:00,0.08128,1.0,-0.019186677929286744,-0.019186677929286744,0.5756694772708548
2022-08-13 18:00:00-06:00,0.07885,1.0,-0.02989665354330706,-0.02989665354330706,0.5584588863534314
2022-08-14 18:00:00-06:00,0.07777,1.0,-0.013696892834495822,-0.013696892834495822,0.5508097348345766
2022-08-15 18:00:00-06:00,0.07679,1.0,-0.012601260126012703,-0.012601260126012703,0.5438688380859861
2022-08-16 18:00:00-06:00,0.07346,1.0,-0.043365021487172806,-0.043365021487172806,0.5202839542361836
2022-08-17 18:00:00-06:00,0.0707,1.0,-0.03757146746528717,-0.03757146746528717,0.5007361225768878
2022-08-18 18:00:00-06:00,0.06517,1.0,-0.07821782178217818,-0.07821782178217818,0.46156963378126986
2022-08-19 18:00:00-06:00,0.06765,0.0,0.038054319472149656,-0.0002,0.4614773198545136
2022-08-20 18:00:00-06:00,0.06948,0.0,0.027050997782705144,0.0,0.4614773198545136
2022-08-21 18:00:00-06:00,0.06634,0.0,-0.04519286125503752,-0.0,0.4614773198545136
2022-08-22 18:00:00-06:00,0.06702,0.0,0.010250226107928917,0.0,0.4614773198545136
2022-08-23 18:00:00-06:00,0.06737,0.0,0.005222321695016463,0.0,0.4614773198545136
2022-08-24 18:00:00-06:00,0.06934,0.0,0.029241502152293375,0.0,0.4614773198545136
2022-08-25 18:00:00-06:00,0.06253,0.0,-0.09821171041246024,-0.0,0.4614773198545136
2022-08-26 18:00:00-06:00,0.06277,0.0,0.003838157684311616,0.0,0.4614773198545136
2022-08-27 18:00:00-06:00,0.06253,0.0,-0.003823482555360913,-0.0,0.4614773198545136
2022-08-28 18:00:00-06:00,0.06583,0.0,0.052774668159283555,0.0,0.4614773198545136
2022-08-29 18:00:00-06:00,0.06341,0.0,-0.036761355005316854,-0.0,0.4614773198545136
2022-08-30 18:00:00-06:00,0.06293,0.0,-0.007569783945749808,-0.0,0.4614773198545136
2022-08-31 18:00:00-06:00,0.06337,0.0,0.006991895757190392,0.0,0.4614773198545136
2022-09-01 18:00:00-06:00,0.06174,0.0,-0.02572195044973946,-0.0,0.4614773198545136
2022-09-02 18:00:00-06:00,0.06075,0.0,-0.016034985422740622,-0.0,0.4614773198545136
2022-09-03 18:00:00-06:00,0.06144,0.0,0.011358024691358048,0.0,0.4614773198545136
2022-09-04 18:00:00-06:00,0.06216,0.0,0.01171875,0.0,0.4614773198545136
2022-09-05 18:00:00-06:00,0.05831,0.0,-0.061936936936936915,-0.0,0.4614773198545136
2022-09-06 18:00:00-06:00,0.06057,0.0,0.038758360487051835,0.0,0.4614773198545136
2022-09-07 18:00:00-06:00,0.06107,0.0,0.008254911672445076,0.0,0.4614773198545136
2022-09-08 18:00:00-06:00,0.06367,0.0,0.04257409530047496,0.0,0.4614773198545136
2022-09-09 18:00:00-06:00,0.06375,0.0,0.0012564787183917403,0.0,0.4614773198545136
2022-09-10 18:00:00-06:00,0.06388,0.0,0.0020392156862745203,0.0,0.4614773198545136
2022-09-11 18:00:00-06:00,0.07359,0.0,0.15200375704445834,0.0,0.4614773198545136
2022-09-12 18:00:00-06:00,0.06475,0.0,-0.12012501698600353,-0.0,0.4614773198545136
2022-09-13 18:00:00-06:00,0.06407,1.0,-0.01050193050193049,-0.01070193050193049,0.4565386216492135
2022-09-14 18:00:00-06:00,0.061,1.0,-0.04791634150148283,-0.04791634150148283,0.4346629611456535
2022-09-15 18:00:00-06:00,0.06061,1.0,-0.006393442622950829,-0.006393442622950829,0.43188396844324684
2022-09-16 18:00:00-06:00,0.06165,1.0,0.017158884672496377,0.017158884672496377,0.4392946156496646
2022-09-17 18:00:00-06:00,0.05741,1.0,-0.06877534468775348,-0.06877534468775348,0.4090819770388847
2022-09-18 18:00:00-06:00,0.05884,1.0,0.024908552516983207,0.024908552516983207,0.4192716169477091
2022-09-19 18:00:00-06:00,0.05746,0.0,-0.02345343303874925,-0.0002,0.41918776262431956
2022-09-20 18:00:00-06:00,0.05639,0.0,-0.018621649843369226,-0.0,0.41918776262431956
2022-09-21 18:00:00-06:00,0.06002,0.0,0.06437311580067373,0.0,0.41918776262431956
2022-09-22 18:00:00-06:00,0.06107,0.0,0.017494168610463268,0.0,0.41918776262431956
2022-09-23 18:00:00-06:00,0.06096,0.0,-0.0018012117242508507,-0.0,0.41918776262431956
2022-09-24 18:00:00-06:00,0.05883,0.0,-0.03494094488188981,-0.0,0.41918776262431956
2022-09-25 18:00:00-06:00,0.05997,0.0,0.019377868434472312,0.0,0.41918776262431956
2022-09-26 18:00:00-06:00,0.05813,0.0,-0.030682007670501887,-0.0,0.41918776262431956
2022-09-27 18:00:00-06:00,0.05795,0.0,-0.0030965078272836566,-0.0,0.41918776262431956
2022-09-28 18:00:00-06:00,0.05782,0.0,-0.002243313201035324,-0.0,0.41918776262431956
2022-09-29 18:00:00-06:00,0.05734,0.0,-0.008301625735039786,-0.0,0.41918776262431956
2022-09-30 18:00:00-06:00,0.05763,0.0,0.00505755144750597,0.0,0.41918776262431956
2022-10-01 18:00:00-06:00,0.05623,0.0,-0.024292903001908672,-0.0,0.41918776262431956
2022-10-02 18:00:00-06:00,0.05773,0.0,0.02667615152054048,0.0,0.41918776262431956
2022-10-03 18:00:00-06:00,0.0584,0.0,0.011605750909405854,0.0,0.41918776262431956
2022-10-04 18:00:00-06:00,0.05796,0.0,-0.007534246575342518,-0.0,0.41918776262431956
2022-10-05 18:00:00-06:00,0.05807,0.0,0.0018978605935127124,0.0,0.41918776262431956
2022-10-06 18:00:00-06:00,0.06041,0.0,0.04029619424832109,0.0,0.41918776262431956
2022-10-07 18:00:00-06:00,0.06024,0.0,-0.002814103625227604,-0.0,0.41918776262431956
2022-10-08 18:00:00-06:00,0.06009,0.0,-0.002490039840637559,-0.0,0.41918776262431956
2022-10-09 18:00:00-06:00,0.0582,1.0,-0.0314528207688467,-0.0316528207688467,0.4059192875054781
2022-10-10 18:00:00-06:00,0.06087,1.0,0.045876288659793873,0.045876288659793873,0.4245413579116573
2022-10-11 18:00:00-06:00,0.0655,1.0,0.07606374240184,0.07606374240184,0.456833562398777
2022-10-12 18:00:00-06:00,0.06491,1.0,-0.009007633587786334,-0.009007633587786334,0.45271857305808566
2022-10-13 18:00:00-06:00,0.06153,1.0,-0.05207209983053451,-0.05207209983053451,0.42914456632666786
2022-10-14 18:00:00-06:00,0.06028,1.0,-0.020315293352835995,-0.020315293352835995,0.42042636857096605
2022-10-15 18:00:00-06:00,0.06136,1.0,0.01791639017916391,0.01791639017916391,0.4279588914318925
2022-10-16 18:00:00-06:00,0.06248,1.0,0.018252933507170832,0.018252933507170832,0.43577039662100137
2022-10-17 18:00:00-06:00,0.06222,1.0,-0.004161331626120424,-0.004161331626120424,0.43395701148781535
2022-10-18 18:00:00-06:00,0.05934,1.0,-0.04628736740597883,-0.04628736740597883,0.41387028385867825
2022-10-19 18:00:00-06:00,0.05832,1.0,-0.01718907987866536,-0.01718907987866536,0.4067562344900255
2022-10-20 18:00:00-06:00,0.05959,1.0,0.02177640603566533,0.02177640603566533,0.4156139234098186
2022-10-21 18:00:00-06:00,0.05973,1.0,0.0023493874811211235,0.0023493874811211235,0.4165903615584573
2022-10-22 18:00:00-06:00,0.06061,1.0,0.014732965009208066,0.014732965009208066,0.4227279727784714
2022-10-23 18:00:00-06:00,0.05867,0.0,-0.032007919485233405,-0.0002,0.42264342718391573
2022-10-24 18:00:00-06:00,0.05962,0.0,0.016192261803306573,0.0,0.42264342718391573
2022-10-25 18:00:00-06:00,0.06042,0.0,0.013418316001341912,0.0,0.42264342718391573
2022-10-26 18:00:00-06:00,0.05855,0.0,-0.030950016550811088,-0.0,0.42264342718391573
2022-10-27 18:00:00-06:00,0.0599,0.0,0.023057216054654273,0.0,0.42264342718391573
2022-10-28 18:00:00-06:00,0.06128,0.0,0.023038397328881466,0.0,0.42264342718391573
2022-10-29 18:00:00-06:00,0.06055,0.0,-0.011912532637075701,-0.0,0.42264342718391573
2022-10-30 18:00:00-06:00,0.05949,0.0,-0.01750619322873659,-0.0,0.42264342718391573
2022-10-31 18:00:00-06:00,0.05817,0.0,-0.02218860312657589,-0.0,0.42264342718391573
2022-11-01 18:00:00-06:00,0.05872,0.0,0.009455045556128638,0.0,0.42264342718391573
2022-11-02 18:00:00-06:00,0.05981,0.0,0.01856267029972747,0.0,0.42264342718391573
2022-11-03 18:00:00-06:00,0.06332,0.0,0.05868583848854714,0.0,0.42264342718391573
2022-11-04 18:00:00-06:00,0.06217,1.0,-0.018161718256475057,-0.018361718256475056,0.4148829676510136
2022-11-05 18:00:00-06:00,0.05907,1.0,-0.04986327810841251,-0.04986327810841251,0.3941955428525876
2022-11-06 18:00:00-06:00,0.059,1.0,-0.0011850347045877507,-0.0011850347045877507,0.3937284074539135
2022-11-07 18:00:00-06:00,0.05197,1.0,-0.11915254237288131,-0.11915254237288131,0.346814666701354
2022-11-08 18:00:00-06:00,0.04409,0.0,-0.15162593804117774,-0.0002,0.34674530376801377
2022-11-09 18:00:00-06:00,0.05,0.0,0.13404400090723523,0.0,0.34674530376801377
2022-11-10 18:00:00-06:00,0.04833,0.0,-0.033400000000000096,-0.0,0.34674530376801377
2022-11-11 18:00:00-06:00,0.04716,0.0,-0.024208566108007368,-0.0,0.34674530376801377
2022-11-12 18:00:00-06:00,0.04515,0.0,-0.042620865139949116,-0.0,0.34674530376801377
2022-11-13 18:00:00-06:00,0.04724,0.0,0.046290143964562436,0.0,0.34674530376801377
2022-11-14 18:00:00-06:00,0.04908,0.0,0.03895004233700261,0.0,0.34674530376801377
2022-11-15 18:00:00-06:00,0.04799,0.0,-0.02220863895680525,-0.0,0.34674530376801377
2022-11-16 18:00:00-06:00,0.04846,0.0,0.009793707022296427,0.0,0.34674530376801377
2022-11-17 18:00:00-06:00,0.04827,0.0,-0.003920759389187012,-0.0,0.34674530376801377
2022-11-18 18:00:00-06:00,0.04875,0.0,0.009944064636420169,0.0,0.34674530376801377
2022-11-19 18:00:00-06:00,0.04612,0.0,-0.05394871794871792,-0.0,0.34674530376801377
2022-11-20 18:00:00-06:00,0.04506,0.0,-0.022983521248915784,-0.0,0.34674530376801377
2022-11-21 18:00:00-06:00,0.04657,0.0,0.03351087438970257,0.0,0.34674530376801377
2022-11-22 18:00:00-06:00,0.04843,0.0,0.03993987545630229,0.0,0.34674530376801377
2022-11-23 18:00:00-06:00,0.04952,0.0,0.022506710716498013,0.0,0.34674530376801377
2022-11-24 18:00:00-06:00,0.04902,0.0,-0.010096930533117887,-0.0,0.34674530376801377
2022-11-25 18:00:00-06:00,0.0493,0.0,0.005711954304365552,0.0,0.34674530376801377
2022-11-26 18:00:00-06:00,0.04909,0.0,-0.0042596348884380575,-0.0,0.34674530376801377
2022-11-27 18:00:00-06:00,0.04843,1.0,-0.013444693420248566,-0.013644693420248566,0.34201407040318826
2022-11-28 18:00:00-06:00,0.04934,1.0,0.018790006194507658,0.018790006194507658,0.3484405169046729
2022-11-29 18:00:00-06:00,0.0506,1.0,0.025537089582488903,0.025537089582488903,0.3573386735990363
2022-11-30 18:00:00-06:00,0.04914,1.0,-0.028853754940711407,-0.028853754940711407,0.34702811108017084
2022-12-01 18:00:00-06:00,0.0488,1.0,-0.006919006919006931,-0.006919006919006931,0.34462702117851723
2022-12-02 18:00:00-06:00,0.04752,1.0,-0.02622950819672143,-0.02622950819672143,0.3355876239017036
2022-12-03 18:00:00-06:00,0.04802,1.0,0.010521885521885599,0.010521885521885599,0.3391186384629589
2022-12-04 18:00:00-06:00,0.04855,1.0,0.011037067888379992,0.011037067888379992,0.3428615138978896
2022-12-05 18:00:00-06:00,0.04814,1.0,-0.00844490216271887,-0.00844490216271887,0.33996608195766026
2022-12-06 18:00:00-06:00,0.04704,1.0,-0.022850020772746227,-0.022850020772746227,0.3321978499228986
2022-12-07 18:00:00-06:00,0.04783,0.0,0.016794217687074786,-0.0002,0.332131410352914
2022-12-08 18:00:00-06:00,0.04806,0.0,0.004808697470207068,0.0,0.332131410352914
2022-12-09 18:00:00-06:00,0.04831,0.0,0.0052018310445276494,0.0,0.332131410352914
2022-12-10 18:00:00-06:00,0.0478,0.0,-0.010556820534050826,-0.0,0.332131410352914
2022-12-11 18:00:00-06:00,0.04733,0.0,-0.009832635983263671,-0.0,0.332131410352914
2022-12-12 18:00:00-06:00,0.04777,0.0,0.009296429326008937,0.0,0.332131410352914
2022-12-13 18:00:00-06:00,0.04664,0.0,-0.02365501360686617,-0.0,0.332131410352914
2022-12-14 18:00:00-06:00,0.04576,0.0,-0.018867924528301883,-0.0,0.332131410352914
2022-12-15 18:00:00-06:00,0.04204,0.0,-0.08129370629370636,-0.0,0.332131410352914
2022-12-16 18:00:00-06:00,0.04295,0.0,0.021646051379638376,0.0,0.332131410352914
2022-12-17 18:00:00-06:00,0.04379,0.0,0.019557625145518065,0.0,0.332131410352914
2022-12-18 18:00:00-06:00,0.04085,0.0,-0.06713861612240246,-0.0,0.332131410352914
2022-12-19 18:00:00-06:00,0.04272,0.0,0.045777233782129834,0.0,0.332131410352914
2022-12-20 18:00:00-06:00,0.04271,0.0,-0.00023408239700384303,-0.0,0.332131410352914
2022-12-21 18:00:00-06:00,0.04342,0.0,0.016623741512526324,0.0,0.332131410352914
2022-12-22 18:00:00-06:00,0.04351,0.0,0.0020727775218793987,0.0,0.332131410352914
2022-12-23 18:00:00-06:00,0.04375,0.0,0.005515973339462077,0.0,0.332131410352914
2022-12-24 18:00:00-06:00,0.0435,0.0,-0.005714285714285672,-0.0,0.332131410352914
2022-12-25 18:00:00-06:00,0.0439,0.0,0.009195402298850741,0.0,0.332131410352914
2022-12-26 18:00:00-06:00,0.04227,0.0,-0.03712984054669699,-0.0,0.332131410352914
2022-12-27 18:00:00-06:00,0.04065,0.0,-0.038325053229240624,-0.0,0.332131410352914
2022-12-28 18:00:00-06:00,0.03935,0.0,-0.03198031980319793,-0.0,0.332131410352914
2022-12-29 18:00:00-06:00,0.03754,0.0,-0.04599745870393912,-0.0,0.332131410352914
2022-12-30 18:00:00-06:00,0.03646,0.0,-0.028769312733084695,-0.0,0.332131410352914
2022-12-31 18:00:00-06:00,0.038,0.0,0.04223806911684047,0.0,0.332131410352914
2023-01-01 18:00:00-06:00,0.03891,0.0,0.023947368421052717,0.0,0.332131410352914
2023-01-02 18:00:00-06:00,0.03809,0.0,-0.021074273965561607,-0.0,0.332131410352914
2023-01-03 18:00:00-06:00,0.03843,0.0,0.008926227356261585,0.0,0.332131410352914
2023-01-04 18:00:00-06:00,0.03833,0.0,-0.002602133749674662,-0.0,0.332131410352914
2023-01-05 18:00:00-06:00,0.03912,0.0,0.020610487868510274,0.0,0.332131410352914
2023-01-06 18:00:00-06:00,0.0396,0.0,0.012269938650306678,0.0,0.332131410352914
2023-01-07 18:00:00-06:00,0.04178,0.0,0.055050505050505016,0.0,0.332131410352914
2023-01-08 18:00:00-06:00,0.0444,0.0,0.06270943034944954,0.0,0.332131410352914
2023-01-09 18:00:00-06:00,0.04455,0.0,0.0033783783783782884,0.0,0.332131410352914
2023-01-10 18:00:00-06:00,0.04575,1.0,0.026936026936027035,0.026736026936027037,0.3410112846864102
2023-01-11 18:00:00-06:00,0.04765,1.0,0.041530054644808745,0.041530054644808745,0.3551735019739332
2023-01-12 18:00:00-06:00,0.05054,1.0,0.060650577124868876,0.060650577124868876,0.37671497984811303
2023-01-13 18:00:00-06:00,0.05308,1.0,0.05025722200237426,0.05025722200237426,0.3956476282219596
2023-01-14 18:00:00-06:00,0.05232,1.0,-0.014318010550113058,-0.014318010550113058,0.3899827413069504
2023-01-15 18:00:00-06:00,0.0537,1.0,0.026376146788990917,0.026376146788990917,0.4002689833368356
2023-01-16 18:00:00-06:00,0.05437,1.0,0.01247672253258858,0.01247672253258858,0.4052630283803306
2023-01-17 18:00:00-06:00,0.05391,1.0,-0.008460548096376752,-0.008460548096376752,0.40183428103703556
2023-01-18 18:00:00-06:00,0.06088,1.0,0.1292895566685215,0.1292895566685215,0.45378725708652795
2023-01-19 18:00:00-06:00,0.07244,1.0,0.18988173455978985,0.18988173455978985,0.5399531685832472
2023-01-20 18:00:00-06:00,0.07178,1.0,-0.009110988404196663,-0.009110988404196663,0.5350336615254759
2023-01-21 18:00:00-06:00,0.06901,1.0,-0.038590136528280805,-0.038590136528280805,0.5143866394799819
2023-01-22 18:00:00-06:00,0.06843,1.0,-0.008404579046514926,-0.008404579046514926,0.5100634363080012
2023-01-23 18:00:00-06:00,0.06267,1.0,-0.08417360806663743,-0.08417360806663743,0.46712955653108923
2023-01-24 18:00:00-06:00,0.067,1.0,0.06909206957076752,0.06909206957076752,0.499404504349497
2023-01-25 18:00:00-06:00,0.06695,1.0,-0.0007462686567165644,-0.0007462686567165644,0.4990318144208779
2023-01-26 18:00:00-06:00,0.06951,1.0,0.03823749066467519,0.03823749066467519,0.5181135387661722
2023-01-27 18:00:00-06:00,0.06683,1.0,-0.03855560351028631,-0.03855560351028631,0.49813735859219227
2023-01-28 18:00:00-06:00,0.06943,1.0,0.038904683525363026,0.038904683525363026,0.5175172348803818
2023-01-29 18:00:00-06:00,0.06403,1.0,-0.07777617744490861,-0.07777617744490861,0.4772667225895268
2023-01-30 18:00:00-06:00,0.06448,1.0,0.00702795564579084,0.00702795564579084,0.48062093194709793
2023-01-31 18:00:00-06:00,0.06969,1.0,0.08080024813895781,0.08080024813895781,0.5194552225092006
2023-02-01 18:00:00-06:00,0.06709,1.0,-0.03730807863395047,-0.03730807863395047,0.5000753462210111
2023-02-02 18:00:00-06:00,0.07227,1.0,0.0772097182888658,0.0772097182888658,0.5386860228259425
2023-02-03 18:00:00-06:00,0.07338,1.0,0.015359070153590615,0.015359070153590615,0.5469597392412848
2023-02-04 18:00:00-06:00,0.06987,1.0,-0.04783319705641864,-0.04783319705641864,0.5207969062522291
2023-02-05 18:00:00-06:00,0.06752,1.0,-0.0336338915128096,-0.0336338915128096,0.5032804796071347
2023-02-06 18:00:00-06:00,0.07484,1.0,0.10841232227488162,0.10841232227488162,0.5578422851569604
2023-02-07 18:00:00-06:00,0.07517,1.0,0.004409406734366517,0.004409406734366517,0.5603020386858459
2023-02-08 18:00:00-06:00,0.07163,1.0,-0.04709325528801389,-0.04709325528801389,0.5339155917396188
2023-02-09 18:00:00-06:00,0.07595,1.0,0.0603099260086557,0.0603099260086557,0.5661160015723028
2023-02-10 18:00:00-06:00,0.08801,1.0,0.15878867676102693,0.15878867676102693,0.6560088123552122
2023-02-11 18:00:00-06:00,0.08677,1.0,-0.014089308033178094,-0.014089308033178094,0.6467661021254604
2023-02-12 18:00:00-06:00,0.08591,1.0,-0.009911259651953386,-0.009911259651953386,0.6403558353532132
2023-02-13 18:00:00-06:00,0.08762,1.0,0.019904551274589677,0.019904551274589677,0.6531018309119839
2023-02-14 18:00:00-06:00,0.09156,1.0,0.044966902533668085,0.044966902533668085,0.6824697972871633
2023-02-15 18:00:00-06:00,0.08391,1.0,-0.08355176933158592,-0.08355176933158592,0.625448238208452
2023-02-16 18:00:00-06:00,0.08542,1.0,0.017995471338338564,0.017995471338338564,0.6367034740527465
2023-02-17 18:00:00-06:00,0.08645,1.0,0.012058066026691572,0.012058066026691572,0.6443808865822984
2023-02-18 18:00:00-06:00,0.08745,1.0,0.011567379988432602,0.011567379988432602,0.6518346851546789
2023-02-19 18:00:00-06:00,0.08678,1.0,-0.007661520869068128,-0.007661520869068128,0.6468406401111839
2023-02-20 18:00:00-06:00,0.08257,1.0,-0.04851348236920938,-0.04851348236920938,0.6154601481214619
2023-02-21 18:00:00-06:00,0.08224,1.0,-0.003996608937871016,-0.003996608937871016,0.6130003945925763
2023-02-22 18:00:00-06:00,0.08075,1.0,-0.018117704280155578,-0.018117704280155578,0.6018942347197292
2023-02-23 18:00:00-06:00,0.07717,1.0,-0.044334365325077396,-0.044334365325077396,0.5752096358306069
2023-02-24 18:00:00-06:00,0.07501,1.0,-0.0279901516133213,-0.0279901516133213,0.5591094309142649
2023-02-25 18:00:00-06:00,0.07485,1.0,-0.0021330489268096553,-0.0021330489268096553,0.5579168231426841
2023-02-26 18:00:00-06:00,0.07225,0.0,-0.03473613894455585,-0.0002,0.5578052397780555
2023-02-27 18:00:00-06:00,0.06917,0.0,-0.04262975778546707,-0.0,0.5578052397780555
2023-02-28 18:00:00-06:00,0.07071,0.0,0.022263987277721498,0.0,0.5578052397780555
2023-03-01 18:00:00-06:00,0.06891,0.0,-0.025456088247772568,-0.0,0.5578052397780555
2023-03-02 18:00:00-06:00,0.06397,0.0,-0.07168770860542739,-0.0,0.5578052397780555
2023-03-03 18:00:00-06:00,0.06438,0.0,0.006409254337971015,0.0,0.5578052397780555
2023-03-04 18:00:00-06:00,0.06389,0.0,-0.0076110593351973455,-0.0,0.5578052397780555
2023-03-05 18:00:00-06:00,0.06383,0.0,-0.0009391141023634697,-0.0,0.5578052397780555
2023-03-06 18:00:00-06:00,0.06263,0.0,-0.018799937333542127,-0.0,0.5578052397780555
2023-03-07 18:00:00-06:00,0.0606,0.0,-0.03241258182979412,-0.0,0.5578052397780555
2023-03-08 18:00:00-06:00,0.05729,0.0,-0.05462046204620463,-0.0,0.5578052397780555
2023-03-09 18:00:00-06:00,0.05884,0.0,0.02705533251876413,0.0,0.5578052397780555
2023-03-10 18:00:00-06:00,0.05819,0.0,-0.011046906866077566,-0.0,0.5578052397780555
2023-03-11 18:00:00-06:00,0.06186,0.0,0.06306925588589096,0.0,0.5578052397780555
2023-03-12 18:00:00-06:00,0.06444,0.0,0.04170708050436467,0.0,0.5578052397780555
2023-03-13 18:00:00-06:00,0.0658,0.0,0.02110490378646812,0.0,0.5578052397780555
2023-03-14 18:00:00-06:00,0.0599,0.0,-0.08966565349544064,-0.0,0.5578052397780555
2023-03-15 18:00:00-06:00,0.06079,0.0,0.01485809682804673,0.0,0.5578052397780555
2023-03-16 18:00:00-06:00,0.06527,0.0,0.07369633163349243,0.0,0.5578052397780555
2023-03-17 18:00:00-06:00,0.06243,0.0,-0.04351156733568251,-0.0,0.5578052397780555
2023-03-18 18:00:00-06:00,0.06484,0.0,0.03860323562389878,0.0,0.5578052397780555
2023-03-19 18:00:00-06:00,0.06148,0.0,-0.051819864281307804,-0.0,0.5578052397780555
2023-03-20 18:00:00-06:00,0.06392,0.0,0.03968770331815241,0.0,0.5578052397780555
2023-03-21 18:00:00-06:00,0.06028,0.0,-0.056946182728410566,-0.0,0.5578052397780555
2023-03-22 18:00:00-06:00,0.06234,1.0,0.03417385534173856,0.03397385534173856,0.5767560343031389
2023-03-23 18:00:00-06:00,0.05988,1.0,-0.039461020211742026,-0.039461020211742026,0.5539966527762585
2023-03-24 18:00:00-06:00,0.05999,1.0,0.0018370073480293847,0.0018370073480293847,0.5550143486981922
2023-03-25 18:00:00-06:00,0.06193,1.0,0.03233872312052011,0.03233872312052011,0.5729628040486588
2023-03-26 18:00:00-06:00,0.05918,0.0,-0.044404973357015876,-0.0002,0.5728482114878491
2023-03-27 18:00:00-06:00,0.05945,0.0,0.004562352145995208,0.0,0.5728482114878491
2023-03-28 18:00:00-06:00,0.06851,0.0,0.15239697224558446,0.0,0.5728482114878491
2023-03-29 18:00:00-06:00,0.06488,0.0,-0.05298496569843836,-0.0,0.5728482114878491
2023-03-30 18:00:00-06:00,0.07314,0.0,0.12731196054254013,0.0,0.5728482114878491
2023-03-31 18:00:00-06:00,0.07052,1.0,-0.03582171178561655,-0.03602171178561655,0.552213238316728
2023-04-01 18:00:00-06:00,0.07296,1.0,0.03460011344299496,0.03460011344299496,0.5713198790072104
2023-04-02 18:00:00-06:00,0.06806,1.0,-0.06716008771929827,-0.06716008771929827,0.5329499858173072
2023-04-03 18:00:00-06:00,0.0674,1.0,-0.00969732588892147,-0.00969732588892147,0.5277817961223408
2023-04-04 18:00:00-06:00,0.0669,1.0,-0.007418397626112738,-0.007418397626112738,0.5238665008988813
2023-04-05 18:00:00-06:00,0.06554,1.0,-0.020328849028400597,-0.020328849028400597,0.5132168978910715
2023-04-06 18:00:00-06:00,0.06494,1.0,-0.009154714678059284,-0.009154714678059284,0.50851854362292
2023-04-07 18:00:00-06:00,0.06472,1.0,-0.0033877425315675946,-0.0033877425315675946,0.5067958137245978
2023-04-08 18:00:00-06:00,0.06448,1.0,-0.003708281829419069,-0.003708281829419069,0.5049164720173372
2023-04-09 18:00:00-06:00,0.06623,1.0,0.027140198511166336,0.027140198511166336,0.5186200052994455
2023-04-10 18:00:00-06:00,0.06525,1.0,-0.014796919824852761,-0.014796919824852761,0.5109460266614649
2023-04-11 18:00:00-06:00,0.06404,1.0,-0.018544061302682047,-0.018544061302682047,0.5014710122206929
2023-04-12 18:00:00-06:00,0.0666,0.0,0.03997501561524053,-0.0002,0.5013707180182487
2023-04-13 18:00:00-06:00,0.06744,0.0,0.012612612612612484,0.0,0.5013707180182487
2023-04-14 18:00:00-06:00,0.06817,0.0,0.01082443653618026,0.0,0.5013707180182487
2023-04-15 18:00:00-06:00,0.06922,0.0,0.015402669796098056,0.0,0.5013707180182487
2023-04-16 18:00:00-06:00,0.0665,0.0,-0.03929500144466913,-0.0,0.5013707180182487
2023-04-17 18:00:00-06:00,0.06811,0.0,0.02421052631578946,0.0,0.5013707180182487
2023-04-18 18:00:00-06:00,0.06237,0.0,-0.08427543679342242,-0.0,0.5013707180182487
2023-04-19 18:00:00-06:00,0.06182,0.0,-0.00881834215167554,-0.0,0.5013707180182487
2023-04-20 18:00:00-06:00,0.05961,0.0,-0.03574894856033639,-0.0,0.5013707180182487
2023-04-21 18:00:00-06:00,0.06105,0.0,0.02415702063412173,0.0,0.5013707180182487
2023-04-22 18:00:00-06:00,0.06022,0.0,-0.013595413595413608,-0.0,0.5013707180182487
2023-04-23 18:00:00-06:00,0.05976,0.0,-0.007638658253072084,-0.0,0.5013707180182487
2023-04-24 18:00:00-06:00,0.06086,0.0,0.018406961178045522,0.0,0.5013707180182487
2023-04-25 18:00:00-06:00,0.06034,0.0,-0.008544199802826169,-0.0,0.5013707180182487
2023-04-26 18:00:00-06:00,0.06116,0.0,0.013589658601259602,0.0,0.5013707180182487
2023-04-27 18:00:00-06:00,0.06062,0.0,-0.008829300196206646,-0.0,0.5013707180182487
2023-04-28 18:00:00-06:00,0.06073,0.0,0.001814582645991436,0.0,0.5013707180182487
2023-04-29 18:00:00-06:00,0.06345,0.0,0.04478840770624082,0.0,0.5013707180182487
2023-04-30 18:00:00-06:00,0.05925,0.0,-0.06619385342789608,-0.0,0.5013707180182487
2023-05-01 18:00:00-06:00,0.05877,0.0,-0.008101265822784698,-0.0,0.5013707180182487
2023-05-02 18:00:00-06:00,0.05852,0.0,-0.00425387102263064,-0.0,0.5013707180182487
2023-05-03 18:00:00-06:00,0.05747,0.0,-0.017942583732057482,-0.0,0.5013707180182487
2023-05-04 18:00:00-06:00,0.0583,0.0,0.014442317730990029,0.0,0.5013707180182487
2023-05-05 18:00:00-06:00,0.0569,0.0,-0.02401372212692965,-0.0,0.5013707180182487
2023-05-06 18:00:00-06:00,0.05639,0.0,-0.00896309314586985,-0.0,0.5013707180182487
2023-05-07 18:00:00-06:00,0.05446,0.0,-0.034225926582727495,-0.0,0.5013707180182487
2023-05-08 18:00:00-06:00,0.05399,0.0,-0.00863018729342635,-0.0,0.5013707180182487
2023-05-09 18:00:00-06:00,0.05421,0.0,0.004074828671976283,0.0,0.5013707180182487
2023-05-10 18:00:00-06:00,0.05127,0.0,-0.05423353624792471,-0.0,0.5013707180182487
2023-05-11 18:00:00-06:00,0.05223,0.0,0.018724400234054972,0.0,0.5013707180182487
2023-05-12 18:00:00-06:00,0.05132,0.0,-0.01742293700938158,-0.0,0.5013707180182487
2023-05-13 18:00:00-06:00,0.0517,0.0,0.0074045206547155296,0.0,0.5013707180182487
2023-05-14 18:00:00-06:00,0.0523,0.0,0.011605415860735047,0.0,0.5013707180182487
2023-05-15 18:00:00-06:00,0.05232,0.0,0.00038240917782017547,0.0,0.5013707180182487
2023-05-16 18:00:00-06:00,0.05333,0.0,0.01930428134556572,0.0,0.5013707180182487
2023-05-17 18:00:00-06:00,0.05231,0.0,-0.01912619538721172,-0.0,0.5013707180182487
2023-05-18 18:00:00-06:00,0.05281,0.0,0.00955840183521306,0.0,0.5013707180182487
2023-05-19 18:00:00-06:00,0.05294,0.0,0.0024616549895852824,0.0,0.5013707180182487
2023-05-20 18:00:00-06:00,0.05222,0.0,-0.013600302228938377,-0.0,0.5013707180182487
2023-05-21 18:00:00-06:00,0.05195,0.0,-0.005170432784373791,-0.0,0.5013707180182487
2023-05-22 18:00:00-06:00,0.05224,0.0,0.005582290664100098,0.0,0.5013707180182487
2023-05-23 18:00:00-06:00,0.05079,0.0,-0.02775650842266464,-0.0,0.5013707180182487
2023-05-24 18:00:00-06:00,0.05063,0.0,-0.0031502264225241605,-0.0,0.5013707180182487
2023-05-25 18:00:00-06:00,0.05196,0.0,0.026269010468101817,0.0,0.5013707180182487
2023-05-26 18:00:00-06:00,0.05205,0.0,0.0017321016166280678,0.0,0.5013707180182487
2023-05-27 18:00:00-06:00,0.05331,0.0,0.02420749279538903,0.0,0.5013707180182487
2023-05-28 18:00:00-06:00,0.0527,0.0,-0.011442506096417282,-0.0,0.5013707180182487
2023-05-29 18:00:00-06:00,0.05273,0.0,0.0005692599620494843,0.0,0.5013707180182487
2023-05-30 18:00:00-06:00,0.05127,0.0,-0.027688223022947045,-0.0,0.5013707180182487
2023-05-31 18:00:00-06:00,0.05019,0.0,-0.02106495026331201,-0.0,0.5013707180182487
2023-06-01 18:00:00-06:00,0.05078,0.0,0.011755329746961474,0.0,0.5013707180182487
2023-06-02 18:00:00-06:00,0.05024,0.0,-0.010634107916502544,-0.0,0.5013707180182487
2023-06-03 18:00:00-06:00,0.0501,0.0,-0.002786624203821697,-0.0,0.5013707180182487
2023-06-04 18:00:00-06:00,0.0487,0.0,-0.027944111776447067,-0.0,0.5013707180182487
2023-06-05 18:00:00-06:00,0.04948,0.0,0.016016427104722952,0.0,0.5013707180182487
2023-06-06 18:00:00-06:00,0.04828,0.0,-0.02425222312045272,-0.0,0.5013707180182487
2023-06-07 18:00:00-06:00,0.04864,0.0,0.0074565037282519064,0.0,0.5013707180182487
2023-06-08 18:00:00-06:00,0.04842,0.0,-0.004523026315789602,-0.0,0.5013707180182487
2023-06-09 18:00:00-06:00,0.04536,0.0,-0.06319702602230481,-0.0,0.5013707180182487
2023-06-10 18:00:00-06:00,0.0443,0.0,-0.023368606701939965,-0.0,0.5013707180182487
2023-06-11 18:00:00-06:00,0.04513,0.0,0.018735891647855718,0.0,0.5013707180182487
2023-06-12 18:00:00-06:00,0.04679,0.0,0.0367826279636605,0.0,0.5013707180182487
2023-06-13 18:00:00-06:00,0.04531,0.0,-0.03163069031844401,-0.0,0.5013707180182487
2023-06-14 18:00:00-06:00,0.04283,0.0,-0.05473405429265066,-0.0,0.5013707180182487
2023-06-15 18:00:00-06:00,0.04438,0.0,0.036189586738267554,0.0,0.5013707180182487
2023-06-16 18:00:00-06:00,0.04571,0.0,0.029968454258675115,0.0,0.5013707180182487
2023-06-17 18:00:00-06:00,0.04522,0.0,-0.010719754977029039,-0.0,0.5013707180182487
2023-06-18 18:00:00-06:00,0.045,0.0,-0.0048651039363114545,-0.0,0.5013707180182487
2023-06-19 18:00:00-06:00,0.04893,0.0,0.08733333333333348,0.0,0.5013707180182487
2023-06-20 18:00:00-06:00,0.05035,0.0,0.02902105048027792,0.0,0.5013707180182487
2023-06-21 18:00:00-06:00,0.05013,0.0,-0.0043694141012908805,-0.0,0.5013707180182487
2023-06-22 18:00:00-06:00,0.05201,0.0,0.037502493516856195,0.0,0.5013707180182487
2023-06-23 18:00:00-06:00,0.05117,1.0,-0.016150740242261152,-0.01635074024226115,0.4931729356428564
2023-06-24 18:00:00-06:00,0.05183,1.0,0.012898182528825464,0.012898182528825464,0.4995339701850547
2023-06-25 18:00:00-06:00,0.04965,1.0,-0.042060582674126934,-0.042060582674126934,0.47852328033355135
2023-06-26 18:00:00-06:00,0.05055,1.0,0.01812688821752273,0.01812688821752273,0.48719741834563995
2023-06-27 18:00:00-06:00,0.04757,1.0,-0.05895153313550938,-0.05895153313550938,0.4584763835945023
2023-06-28 18:00:00-06:00,0.04822,1.0,0.013664073996216164,0.013664073996216164,0.4647410388254552
2023-06-29 18:00:00-06:00,0.05061,1.0,0.04956449605972635,0.04956449605972635,0.4877756942131126
2023-06-30 18:00:00-06:00,0.05075,1.0,0.0027662517289073207,0.0027662517289073207,0.48912500457054864
2023-07-01 18:00:00-06:00,0.05005,1.0,-0.013793103448276,-0.013793103448276,0.4823784527833686
2023-07-02 18:00:00-06:00,0.05026,1.0,0.004195804195804342,0.004195804195804342,0.4844024183195227
2023-07-03 18:00:00-06:00,0.04846,1.0,-0.03581376840429762,-0.03581376840429762,0.4670541422953456
2023-07-04 18:00:00-06:00,0.04717,1.0,-0.02661989269500631,-0.02661989269500631,0.4546212111446853
2023-07-05 18:00:00-06:00,0.04607,1.0,-0.023319906720373096,-0.023319906720373096,0.44401948690768817
2023-07-06 18:00:00-06:00,0.0471,1.0,0.022357282396353373,0.022357282396353373,0.4539465559659673
2023-07-07 18:00:00-06:00,0.04701,0.0,-0.0019108280254777066,-0.0002,0.4538557666547741
2023-07-08 18:00:00-06:00,0.04697,0.0,-0.000850882790895624,-0.0,0.4538557666547741
2023-07-09 18:00:00-06:00,0.04747,0.0,0.01064509261230584,0.0,0.4538557666547741
2023-07-10 18:00:00-06:00,0.04829,0.0,0.01727406783231511,0.0,0.4538557666547741
2023-07-11 18:00:00-06:00,0.04832,0.0,0.00062124663491403,0.0,0.4538557666547741
2023-07-12 18:00:00-06:00,0.05247,0.0,0.08588576158940397,0.0,0.4538557666547741
2023-07-13 18:00:00-06:00,0.05112,0.0,-0.025728987993139052,-0.0,0.4538557666547741
2023-07-14 18:00:00-06:00,0.05213,0.0,0.019757433489827836,0.0,0.4538557666547741
2023-07-15 18:00:00-06:00,0.05065,1.0,-0.02839056205639756,-0.02859056205639756,0.4408797751935769
2023-07-16 18:00:00-06:00,0.05191,1.0,0.0248766041461006,0.0248766041461006,0.4518473668370893
2023-07-17 18:00:00-06:00,0.05279,1.0,0.0169524176459257,0.0169524176459257,0.45950727211192344
2023-07-18 18:00:00-06:00,0.05609,1.0,0.06251183936351601,0.06251183936351601,0.4882319168925514
2023-07-19 18:00:00-06:00,0.05719,1.0,0.019611338919593546,0.019611338919593546,0.49780679848609405
2023-07-20 18:00:00-06:00,0.05544,1.0,-0.030599755201958345,-0.030599755201958345,0.482574032314549
2023-07-21 18:00:00-06:00,0.05359,1.0,-0.03336940836940849,-0.03336940836940849,0.4664708223617727
2023-07-22 18:00:00-06:00,0.05342,1.0,-0.003172233625676313,-0.003172233625676313,0.4649910679336798
2023-07-23 18:00:00-06:00,0.05191,1.0,-0.02826656682890316,-0.02826656682890316,0.45184736683708937
2023-07-24 18:00:00-06:00,0.05226,1.0,0.006742438836447651,0.006742438836447651,0.4548939200713984
2023-07-25 18:00:00-06:00,0.05235,1.0,0.00172215843857626,0.00172215843857626,0.4556773194745064
2023-07-26 18:00:00-06:00,0.05181,1.0,-0.010315186246418362,-0.010315186246418362,0.4509769230558582
2023-07-27 18:00:00-06:00,0.05258,1.0,0.014861995753715496,0.014861995753715496,0.45767934017133804
2023-07-28 18:00:00-06:00,0.05386,1.0,0.024343856979840206,0.024343856979840206,0.46882102057109676
2023-07-29 18:00:00-06:00,0.05292,1.0,-0.017452655031563236,-0.017452655031563236,0.460638849027524
2023-07-30 18:00:00-06:00,0.05221,0.0,-0.013416477702192009,-0.0002,0.4605467212577185
2023-07-31 18:00:00-06:00,0.05182,0.0,-0.007469833365255751,-0.0,0.4605467212577185
2023-08-01 18:00:00-06:00,0.05258,0.0,0.014666152064839899,0.0,0.4605467212577185
2023-08-02 18:00:00-06:00,0.05343,0.0,0.01616584252567499,0.0,0.4605467212577185
2023-08-03 18:00:00-06:00,0.05322,0.0,-0.003930376193149843,-0.0,0.4605467212577185
2023-08-04 18:00:00-06:00,0.05251,0.0,-0.01334084930477264,-0.0,0.4605467212577185
2023-08-05 18:00:00-06:00,0.05768,0.0,0.09845743667872786,0.0,0.4605467212577185
2023-08-06 18:00:00-06:00,0.05647,0.0,-0.02097780859916787,-0.0,0.4605467212577185
2023-08-07 18:00:00-06:00,0.06191,1.0,0.09633433681600856,0.09613433681600855,0.5048210748786164
2023-08-08 18:00:00-06:00,0.0597,1.0,-0.03569697948635109,-0.03569697948635109,0.4868004873243967
2023-08-09 18:00:00-06:00,0.05763,1.0,-0.03467336683417088,-0.03467336683417088,0.4699214754523447
2023-08-10 18:00:00-06:00,0.05663,1.0,-0.017352073572792004,-0.017352073572792004,0.46176736343686065
2023-08-11 18:00:00-06:00,0.05633,1.0,-0.005297545470598686,-0.005297545470598686,0.4593211298322154
2023-08-12 18:00:00-06:00,0.05694,1.0,0.010829043138647299,0.010829043138647299,0.4642951381616607
2023-08-13 18:00:00-06:00,0.06531,1.0,0.1469968387776608,0.1469968387776608,0.5325450557312621
2023-08-14 18:00:00-06:00,0.0676,1.0,0.035063543102128,0.035063543102128,0.5512179722467203
2023-08-15 18:00:00-06:00,0.06252,1.0,-0.07514792899408262,-0.07514792899408262,0.5097950832080616
2023-08-16 18:00:00-06:00,0.05748,1.0,-0.08061420345489445,-0.08061420345489445,0.468698358650022
2023-08-17 18:00:00-06:00,0.0591,1.0,0.028183716075156573,0.028183716075156573,0.48190802011510614
2023-08-18 18:00:00-06:00,0.06529,1.0,0.10473773265651443,0.10473773265651443,0.5323819734909523
2023-08-19 18:00:00-06:00,0.06133,1.0,-0.060652473579414945,-0.060652473579414945,0.5000916899096355
2023-08-20 18:00:00-06:00,0.06119,1.0,-0.0022827327572151335,-0.0022827327572151335,0.4989501142274677
2023-08-21 18:00:00-06:00,0.05889,1.0,-0.037587841150514834,-0.037587841150514834,0.4801956565918544
2023-08-22 18:00:00-06:00,0.06175,1.0,0.04856512141280356,0.04856512141280356,0.5035164169561388
2023-08-23 18:00:00-06:00,0.05927,1.0,-0.04016194331983802,-0.04016194331983802,0.4832942191577384
2023-08-24 18:00:00-06:00,0.05889,1.0,-0.006411337944997597,-0.006411337944997597,0.4801956565918544
2023-08-25 18:00:00-06:00,0.05787,1.0,-0.017320427916454384,-0.017320427916454384,0.47187846233606073
2023-08-26 18:00:00-06:00,0.05819,0.0,0.005529635389666554,-0.0002,0.47178408664359356
2023-08-27 18:00:00-06:00,0.05615,0.0,-0.03505757002921461,-0.0,0.47178408664359356
2023-08-28 18:00:00-06:00,0.05624,0.0,0.0016028495102404783,0.0,0.47178408664359356
2023-08-29 18:00:00-06:00,0.0536,0.0,-0.04694167852062581,-0.0,0.47178408664359356
2023-08-30 18:00:00-06:00,0.05237,0.0,-0.02294776119402986,-0.0,0.47178408664359356
2023-08-31 18:00:00-06:00,0.04992,0.0,-0.046782509070078304,-0.0,0.47178408664359356
2023-09-01 18:00:00-06:00,0.04972,0.0,-0.004006410256410242,-0.0,0.47178408664359356
2023-09-02 18:00:00-06:00,0.04854,0.0,-0.023732904263877752,-0.0,0.47178408664359356
2023-09-03 18:00:00-06:00,0.04844,0.0,-0.0020601565718995074,-0.0,0.47178408664359356
2023-09-04 18:00:00-06:00,0.04933,0.0,0.018373245251857906,0.0,0.47178408664359356
2023-09-05 18:00:00-06:00,0.0492,0.0,-0.0026353131968376298,-0.0,0.47178408664359356
2023-09-06 18:00:00-06:00,0.04997,0.0,0.015650406504065018,0.0,0.47178408664359356
2023-09-07 18:00:00-06:00,0.04991,0.0,-0.0012007204322592724,-0.0,0.47178408664359356
2023-09-08 18:00:00-06:00,0.04903,0.0,-0.017631737126828417,-0.0,0.47178408664359356
2023-09-09 18:00:00-06:00,0.04781,0.0,-0.02488272486232912,-0.0,0.47178408664359356
2023-09-10 18:00:00-06:00,0.04644,0.0,-0.02865509307676206,-0.0,0.47178408664359356
2023-09-11 18:00:00-06:00,0.04695,0.0,0.010981912144702788,0.0,0.47178408664359356
2023-09-12 18:00:00-06:00,0.04957,0.0,0.055804046858360046,0.0,0.47178408664359356
2023-09-13 18:00:00-06:00,0.05168,0.0,0.04256606818640285,0.0,0.47178408664359356
2023-09-14 18:00:00-06:00,0.05197,0.0,0.005611455108359253,0.0,0.47178408664359356
2023-09-15 18:00:00-06:00,0.05165,0.0,-0.0061573984991341035,-0.0,0.47178408664359356
2023-09-16 18:00:00-06:00,0.04955,0.0,-0.04065827686350443,-0.0,0.47178408664359356
2023-09-17 18:00:00-06:00,0.05009,0.0,0.010898082744702497,0.0,0.47178408664359356
2023-09-18 18:00:00-06:00,0.05102,1.0,0.01856658015571977,0.01836658015571977,0.48044914688712614
2023-09-19 18:00:00-06:00,0.05054,1.0,-0.00940807526460219,-0.00940807526460219,0.47592904515239814
2023-09-20 18:00:00-06:00,0.05037,1.0,-0.0033636723387416856,-0.0033636723387416856,0.4743281757880153
2023-09-21 18:00:00-06:00,0.05042,1.0,0.0009926543577527536,0.0009926543577527536,0.4747990197187162
2023-09-22 18:00:00-06:00,0.05203,1.0,0.03193177310591033,0.03193177310591033,0.4899601942872829
2023-09-23 18:00:00-06:00,0.0498,1.0,-0.04285988852585054,-0.04285988852585054,0.46896055497802586
2023-09-24 18:00:00-06:00,0.05044,1.0,0.012851405622489986,0.012851405622489986,0.4749873572909965
2023-09-25 18:00:00-06:00,0.04937,1.0,-0.021213322759714548,-0.021213322759714548,0.46491129717399876
2023-09-26 18:00:00-06:00,0.04945,1.0,0.0016204172574438847,0.0016204172574438847,0.46566464746312014
2023-09-27 18:00:00-06:00,0.04985,1.0,0.008088978766430666,0.008088978766430666,0.46943139890872676
2023-09-28 18:00:00-06:00,0.04945,1.0,-0.008024072216649913,-0.008024072216649913,0.46566464746312014
2023-09-29 18:00:00-06:00,0.04972,1.0,0.005460060667340727,0.005460060667340727,0.4682072046889046
2023-09-30 18:00:00-06:00,0.05069,0.0,0.01950925181013674,-0.0002,0.4681135632479668
2023-10-01 18:00:00-06:00,0.0499,0.0,-0.015584927993687048,-0.0,0.4681135632479668
2023-10-02 18:00:00-06:00,0.04942,0.0,-0.009619238476953895,-0.0,0.4681135632479668
2023-10-03 18:00:00-06:00,0.04878,0.0,-0.012950222581950666,-0.0,0.4681135632479668
2023-10-04 18:00:00-06:00,0.04803,0.0,-0.015375153751537418,-0.0,0.4681135632479668
2023-10-05 18:00:00-06:00,0.04842,0.0,0.008119925046845555,0.0,0.4681135632479668
2023-10-06 18:00:00-06:00,0.04822,0.0,-0.0041305245766212195,-0.0,0.4681135632479668
2023-10-07 18:00:00-06:00,0.04806,0.0,-0.003318125259228588,-0.0,0.4681135632479668
2023-10-08 18:00:00-06:00,0.04646,0.0,-0.033291718684977045,-0.0,0.4681135632479668
2023-10-09 18:00:00-06:00,0.04691,0.0,0.009685751183813984,0.0,0.4681135632479668
2023-10-10 18:00:00-06:00,0.04663,0.0,-0.005968876572159498,-0.0,0.4681135632479668
2023-10-11 18:00:00-06:00,0.04559,0.0,-0.022303238258631786,-0.0,0.4681135632479668
2023-10-12 18:00:00-06:00,0.04664,0.0,0.023031366527747288,0.0,0.4681135632479668
2023-10-13 18:00:00-06:00,0.04679,0.0,0.0032161234991423537,0.0,0.4681135632479668
2023-10-14 18:00:00-06:00,0.04678,0.0,-0.00021372088052995508,-0.0,0.4681135632479668
2023-10-15 18:00:00-06:00,0.04739,0.0,0.013039760581444959,0.0,0.4681135632479668
2023-10-16 18:00:00-06:00,0.04667,0.0,-0.015193078708588326,-0.0,0.4681135632479668
2023-10-17 18:00:00-06:00,0.04738,0.0,0.015213199057210192,0.0,0.4681135632479668
2023-10-18 18:00:00-06:00,0.04577,0.0,-0.03398058252427183,-0.0,0.4681135632479668
2023-10-19 18:00:00-06:00,0.04738,0.0,0.035175879396984966,0.0,0.4681135632479668
2023-10-20 18:00:00-06:00,0.04901,0.0,0.03440270156184044,0.0,0.4681135632479668
2023-10-21 18:00:00-06:00,0.04998,0.0,0.019791879208324703,0.0,0.4681135632479668
2023-10-22 18:00:00-06:00,0.05188,1.0,0.03801520608243303,0.03781520608243303,0.48581537411217074
2023-10-23 18:00:00-06:00,0.05137,1.0,-0.00983037779491136,-0.00983037779491136,0.48103962544607193
2023-10-24 18:00:00-06:00,0.05221,1.0,0.01635195639478293,0.01635195639478293,0.4889055644255288
2023-10-25 18:00:00-06:00,0.05304,1.0,0.01589733767477486,0.01589733767477486,0.4966778612742778
2023-10-26 18:00:00-06:00,0.05093,1.0,-0.03978129713423817,-0.03978129713423817,0.4769193716949279
2023-10-27 18:00:00-06:00,0.05192,1.0,0.01943844492440605,0.01943844492440605,0.4861899426350021
2023-10-28 18:00:00-06:00,0.05249,1.0,0.010978428351309688,0.010978428351309688,0.4915275440853478
2023-10-29 18:00:00-06:00,0.05374,1.0,0.02381405982091822,0.02381405982091822,0.5032328104238253
2023-10-30 18:00:00-06:00,0.05256,1.0,-0.021957573502046857,-0.021957573502046857,0.4921830390003025
2023-10-31 18:00:00-06:00,0.05368,1.0,0.02130898021308969,0.02130898021308969,0.5026709576395784
2023-11-01 18:00:00-06:00,0.05551,1.0,0.03409090909090895,0.03409090909090895,0.5198074675591093
2023-11-02 18:00:00-06:00,0.05479,1.0,-0.012970635921455531,-0.012970635921455531,0.5130652341481463
2023-11-03 18:00:00-06:00,0.05568,1.0,0.016243840116809682,0.016243840116809682,0.5213993837811424
2023-11-04 18:00:00-06:00,0.05606,1.0,0.006824712643678232,0.006824712643678232,0.5249577847480396
2023-11-05 18:00:00-06:00,0.05866,1.0,0.0463788797716731,0.0463788797716731,0.5493047387320728
2023-11-06 18:00:00-06:00,0.05747,1.0,-0.02028639618138417,-0.02028639618138417,0.5381613251778422
2023-11-07 18:00:00-06:00,0.06053,1.0,0.05324517139377072,0.05324517139377072,0.5668158171744352
2023-11-08 18:00:00-06:00,0.05974,1.0,-0.013051379481248904,-0.013051379481248904,0.5594180888485174
2023-11-09 18:00:00-06:00,0.06295,1.0,0.05373284231670583,0.05373284231670583,0.5894772128057277
2023-11-10 18:00:00-06:00,0.062,1.0,-0.01509134233518672,-0.01509134233518672,0.5805812103884848
2023-11-11 18:00:00-06:00,0.06227,1.0,0.0043548387096774555,0.0043548387096774555,0.583109547917596
2023-11-12 18:00:00-06:00,0.05904,1.0,-0.051870884856271005,-0.051870884856271005,0.55286313969897
2023-11-13 18:00:00-06:00,0.05865,1.0,-0.0066056910569105565,-0.0066056910569105565,0.549211096601365
2023-11-14 18:00:00-06:00,0.06179,1.0,0.05353793691389597,0.05353793691389597,0.5786147256436205
2023-11-15 18:00:00-06:00,0.06097,1.0,-0.013270755785725785,-0.013270755785725785,0.5709360709255793
2023-11-16 18:00:00-06:00,0.06385,1.0,0.04723634574380853,0.04723634574380853,0.5979050045694315
2023-11-17 18:00:00-06:00,0.06166,1.0,-0.034299138606108115,-0.034299138606108115,0.5773973779444189
2023-11-18 18:00:00-06:00,0.06248,1.0,0.013298734998378192,0.013298734998378192,0.5850760326624601
2023-11-19 18:00:00-06:00,0.06613,1.0,0.05841869398207411,0.05841869398207411,0.6192554103708143
2023-11-20 18:00:00-06:00,0.05836,1.0,-0.11749584152427028,-0.11749584152427028,0.5464954748108382
2023-11-21 18:00:00-06:00,0.06251,1.0,0.07111034955448936,0.07111034955448936,0.5853569590545835
2023-11-22 18:00:00-06:00,0.06157,1.0,-0.015037593984962294,-0.015037593984962294,0.5765545987680485
2023-11-23 18:00:00-06:00,0.06241,1.0,0.013643007958421327,0.013643007958421327,0.5844205377475054
2023-11-24 18:00:00-06:00,0.06362,1.0,0.01938791860278788,0.01938791860278788,0.5957512355631515
2023-11-25 18:00:00-06:00,0.06302,1.0,-0.009430996541967773,-0.009430996541967773,0.5901327077206824
2023-11-26 18:00:00-06:00,0.06161,1.0,-0.02237384957156474,-0.02237384957156474,0.5769291672908796
2023-11-27 18:00:00-06:00,0.06118,1.0,-0.006979386463236481,-0.006979386463236481,0.5729025556704433
2023-11-28 18:00:00-06:00,0.06016,1.0,-0.016672115070284432,-0.016672115070284432,0.5633510583382457
2023-11-29 18:00:00-06:00,0.06032,1.0,0.0026595744680850686,0.0026595744680850686,0.5648493324295708
2023-11-30 18:00:00-06:00,0.06089,1.0,0.009449602122015843,0.009449602122015843,0.5701869338799165
2023-12-01 18:00:00-06:00,0.06255,0.0,0.027262276235834992,-0.0002,0.5700728964931405
2023-12-02 18:00:00-06:00,0.06237,0.0,-0.002877697841726534,-0.0,0.5700728964931405
2023-12-03 18:00:00-06:00,0.06395,0.0,0.025332691999358836,0.0,0.5700728964931405
2023-12-04 18:00:00-06:00,0.06617,0.0,0.034714620797497986,0.0,0.5700728964931405
2023-12-05 18:00:00-06:00,0.06867,1.0,0.03778147196614756,0.03758147196614756,0.5914970750713581
2023-12-06 18:00:00-06:00,0.06923,1.0,0.008154943934760572,0.008154943934760572,0.5963207005561398
2023-12-07 18:00:00-06:00,0.07424,1.0,0.07236747074967509,0.07236747074967509,0.639474921411062
2023-12-08 18:00:00-06:00,0.0745,1.0,0.0035021551724137012,0.0035021551724137012,0.6417144618147106
2023-12-09 18:00:00-06:00,0.07518,1.0,0.009127516778523415,0.009127516778523415,0.6475717213319455
2023-12-10 18:00:00-06:00,0.07103,1.0,-0.055200851290236774,-0.055200851290236774,0.6118252110429382
2023-12-11 18:00:00-06:00,0.0756,1.0,0.0643390116852034,0.0643390116852034,0.6511894404455318
2023-12-12 18:00:00-06:00,0.07702,1.0,0.01878306878306879,0.01878306878306879,0.6634207764962283
2023-12-13 18:00:00-06:00,0.08356,1.0,0.08491300960789383,0.08491300960789383,0.719753831264929
2023-12-14 18:00:00-06:00,0.08028,1.0,-0.03925323121110569,-0.03925323121110569,0.6915011677112076
2023-12-15 18:00:00-06:00,0.08017,1.0,-0.001370204285002452,-0.001370204285002452,0.6905536698481255
2023-12-16 18:00:00-06:00,0.07868,1.0,-0.018585505800174706,-0.018585505800174706,0.6777193806118312
2023-12-17 18:00:00-06:00,0.07969,1.0,0.012836807320792953,0.012836807320792953,0.6864191337183124
2023-12-18 18:00:00-06:00,0.08152,1.0,0.022963985443593904,0.022963985443593904,0.7021820527132241
2023-12-19 18:00:00-06:00,0.08704,1.0,0.06771344455348394,0.06771344455348394,0.7497292182060725
2023-12-20 18:00:00-06:00,0.09139,1.0,0.04997702205882337,0.04997702205882337,0.7871984518825018
2023-12-21 18:00:00-06:00,0.09078,1.0,-0.006674690885217216,-0.006674690885217216,0.7819441455508646
2023-12-22 18:00:00-06:00,0.09118,1.0,0.0044062568847762495,0.0044062568847762495,0.7853895923257085
2023-12-23 18:00:00-06:00,0.09031,1.0,-0.009541566132923895,-0.009541566132923895,0.7778957455904226
2023-12-24 18:00:00-06:00,0.09242,1.0,0.02336396855276268,0.02336396855276268,0.7960704773277252
2023-12-25 18:00:00-06:00,0.09012,1.0,-0.02488638822765632,-0.02488638822765632,0.7762591583723717
2023-12-26 18:00:00-06:00,0.09245,1.0,0.025854416333777275,0.025854416333777275,0.7963288858358385
2023-12-27 18:00:00-06:00,0.08954,1.0,-0.03147647376960527,-0.03147647376960527,0.7712632605488478
2023-12-28 18:00:00-06:00,0.0892,1.0,-0.003797185615367349,-0.003797185615367349,0.7683346307902303
2023-12-29 18:00:00-06:00,0.08705,1.0,-0.024103139013452957,-0.024103139013452957,0.7498153543754433
2023-12-30 18:00:00-06:00,0.08598,1.0,-0.012291786329695631,-0.012291786329695631,0.7405987842527354
2023-12-31 18:00:00-06:00,0.09165,1.0,0.06594556873691548,0.06594556873691548,0.7894379922861502
2024-01-01 18:00:00-06:00,0.09707,1.0,0.05913802509547206,0.05913802509547206,0.8361237960852876
2024-01-02 18:00:00-06:00,0.08839,1.0,-0.08942000618110646,-0.08942000618110646,0.761357601071171
2024-01-03 18:00:00-06:00,0.08791,1.0,-0.005430478560923158,-0.005430478560923158,0.7572230649413582
2024-01-04 18:00:00-06:00,0.08477,1.0,-0.035718348310772474,-0.035718348310772474,0.730176307758832
2024-01-05 18:00:00-06:00,0.07946,1.0,-0.06264008493570838,-0.06264008493570838,0.6844380018227768
2024-01-06 18:00:00-06:00,0.07524,0.0,-0.0531084822552228,-0.0002,0.6843011142224122
2024-01-07 18:00:00-06:00,0.08141,0.0,0.08200425305688452,0.0,0.6843011142224122
2024-01-08 18:00:00-06:00,0.07752,0.0,-0.047782827662449234,-0.0,0.6843011142224122
2024-01-09 18:00:00-06:00,0.08336,0.0,0.07533539731682137,0.0,0.6843011142224122
2024-01-10 18:00:00-06:00,0.08419,0.0,0.009956813819577803,0.0,0.6843011142224122
2024-01-11 18:00:00-06:00,0.08007,0.0,-0.04893692837629171,-0.0,0.6843011142224122
2024-01-12 18:00:00-06:00,0.08121,0.0,0.014237542150618232,0.0,0.6843011142224122
2024-01-13 18:00:00-06:00,0.07705,0.0,-0.05122521856914186,-0.0,0.6843011142224122
2024-01-14 18:00:00-06:00,0.07778,0.0,0.009474367293965003,0.0,0.6843011142224122
2024-01-15 18:00:00-06:00,0.0806,0.0,0.03625610696837245,0.0,0.6843011142224122
2024-01-16 18:00:00-06:00,0.07897,0.0,-0.020223325062034836,-0.0,0.6843011142224122
2024-01-17 18:00:00-06:00,0.07534,0.0,-0.045966822844117905,-0.0,0.6843011142224122
2024-01-18 18:00:00-06:00,0.07561,0.0,0.0035837536501193146,0.0,0.6843011142224122
2024-01-19 18:00:00-06:00,0.07644,0.0,0.01097738394392267,0.0,0.6843011142224122
2024-01-20 18:00:00-06:00,0.07552,0.0,-0.012035583464154787,-0.0,0.6843011142224122
2024-01-21 18:00:00-06:00,0.0714,0.0,-0.05455508474576265,-0.0,0.6843011142224122
2024-01-22 18:00:00-06:00,0.07068,0.0,-0.010084033613445342,-0.0,0.6843011142224122
2024-01-23 18:00:00-06:00,0.07233,0.0,0.023344651952461826,0.0,0.6843011142224122
2024-01-24 18:00:00-06:00,0.07138,0.0,-0.013134245817779666,-0.0,0.6843011142224122
2024-01-25 18:00:00-06:00,0.07446,0.0,0.04314934155225547,0.0,0.6843011142224122
2024-01-26 18:00:00-06:00,0.07443,0.0,-0.00040290088638195165,-0.0,0.6843011142224122
2024-01-27 18:00:00-06:00,0.07338,0.0,-0.014107214832728698,-0.0,0.6843011142224122
2024-01-28 18:00:00-06:00,0.07445,0.0,0.014581629871899704,0.0,0.6843011142224122
2024-01-29 18:00:00-06:00,0.07292,0.0,-0.0205507051712559,-0.0,0.6843011142224122
2024-01-30 18:00:00-06:00,0.06949,0.0,-0.047037849698299494,-0.0,0.6843011142224122
2024-01-31 18:00:00-06:00,0.07019,0.0,0.010073391854943159,0.0,0.6843011142224122
2024-02-01 18:00:00-06:00,0.06921,0.0,-0.013962102863655956,-0.0,0.6843011142224122
2024-02-02 18:00:00-06:00,0.0693,0.0,0.0013003901170351995,0.0,0.6843011142224122
2024-02-03 18:00:00-06:00,0.06834,0.0,-0.013852813852813894,-0.0,0.6843011142224122
2024-02-04 18:00:00-06:00,0.06953,0.0,0.01741293532338295,0.0,0.6843011142224122
2024-02-05 18:00:00-06:00,0.07507,0.0,0.07967783690493313,0.0,0.6843011142224122
2024-02-06 18:00:00-06:00,0.07583,0.0,0.01012388437458367,0.0,0.6843011142224122
2024-02-07 18:00:00-06:00,0.07598,0.0,0.0019781089278652075,0.0,0.6843011142224122
2024-02-08 18:00:00-06:00,0.07936,0.0,0.04448539089233994,0.0,0.6843011142224122
2024-02-09 18:00:00-06:00,0.0789,1.0,-0.005796370967741993,-0.0059963709677419924,0.6801977908878954
2024-02-10 18:00:00-06:00,0.07833,1.0,-0.00722433460076044,-0.00722433460076044,0.6752838144518232
2024-02-11 18:00:00-06:00,0.07966,1.0,0.016979445933869464,0.016979445933869464,0.686749759469325
2024-02-12 18:00:00-06:00,0.08152,1.0,0.02334923424554347,0.02334923424554347,0.7027848404712449
2024-02-13 18:00:00-06:00,0.08255,1.0,0.012634936211972647,0.012634936211972647,0.7116644821013405
2024-02-14 18:00:00-06:00,0.08292,1.0,0.004482132041187192,0.004482132041187192,0.7148542562791418
2024-02-15 18:00:00-06:00,0.08564,1.0,0.032802701398938705,0.032802701398938705,0.7383034069916269
2024-02-16 18:00:00-06:00,0.08356,1.0,-0.02428771602055113,-0.02428771602055113,0.7203717035056089
2024-02-17 18:00:00-06:00,0.08989,1.0,0.07575394925801815,0.07575394925801815,0.7749427049798848
2024-02-18 18:00:00-06:00,0.11196,1.0,0.2455223050394928,0.2455223050394928,0.9652084241800858
2024-02-19 18:00:00-06:00,0.10739,1.0,-0.0408181493390497,-0.0408181493390497,0.9258104025785943
2024-02-20 18:00:00-06:00,0.10475,1.0,-0.024583294533941702,-0.024583294533941702,0.9030509327694175
2024-02-21 18:00:00-06:00,0.11629,1.0,0.11016706443914082,0.11016706443914082,1.002537403071652
2024-02-22 18:00:00-06:00,0.10946,1.0,-0.058732479146960226,-0.058732479146960226,0.9436558959516986
2024-02-23 18:00:00-06:00,0.11016,1.0,0.006395030147999137,0.006395030147999137,0.9496906038556469
2024-02-24 18:00:00-06:00,0.10938,1.0,-0.007080610021786393,-0.007080610021786393,0.9429662150483902
2024-02-25 18:00:00-06:00,0.11171,1.0,0.021301883342475847,0.021301883342475847,0.963053171357247
2024-02-26 18:00:00-06:00,0.10826,1.0,-0.030883537731626554,-0.030883537731626554,0.9333106824020728
2024-02-27 18:00:00-06:00,0.11341,1.0,0.04757066321817849,0.04757066321817849,0.9777088905525502
2024-02-28 18:00:00-06:00,0.11451,1.0,0.009699321047526688,0.009699321047526688,0.9871920029730404
2024-02-29 18:00:00-06:00,0.11681,1.0,0.02008558204523614,0.02008558204523614,1.0070203289431565
2024-03-01 18:00:00-06:00,0.11557,1.0,-0.010615529492337905,-0.010615529492337905,0.9963302749418766
2024-03-02 18:00:00-06:00,0.11308,1.0,-0.02154538375010817,-0.02154538375010817,0.9748639568264031
2024-03-03 18:00:00-06:00,0.11741,1.0,0.038291475061903,0.038291475061903,1.0121929357179695
2024-03-04 18:00:00-06:00,0.11135,1.0,-0.05161400221446211,-0.05161400221446211,0.9599496072923593
2024-03-05 18:00:00-06:00,0.12603,1.0,0.13183655141445882,0.13183655141445882,1.0865060530494481
2024-03-06 18:00:00-06:00,0.13394,1.0,0.06276283424581441,0.06276283424581441,1.1546982523640648
2024-03-07 18:00:00-06:00,0.13058,1.0,-0.02508585934000296,-0.02508585934000296,1.1257316544251126
2024-03-08 18:00:00-06:00,0.1308,1.0,0.0016847909327615262,0.0016847909327615262,1.1276282769092107
2024-03-09 18:00:00-06:00,0.126,1.0,-0.03669724770642202,-0.03669724770642202,1.0862474227107075
2024-03-10 18:00:00-06:00,0.13286,1.0,0.05444444444444452,0.05444444444444452,1.1453875601694017
2024-03-11 18:00:00-06:00,0.13331,1.0,0.0033870239349691467,0.0033870239349691467,1.1492670152505113
2024-03-12 18:00:00-06:00,0.13269,1.0,-0.004650813892431271,-0.004650813892431271,1.1439219882498712
2024-03-13 18:00:00-06:00,0.12722,1.0,-0.04122390534328135,-0.04122390534328135,1.0967650564861604
2024-03-14 18:00:00-06:00,0.12061,1.0,-0.05195723942776298,-0.05195723942776298,1.039780171850305
2024-03-15 18:00:00-06:00,0.11091,1.0,-0.08042450874720175,-0.08042450874720175,0.9561563623241632
2024-03-16 18:00:00-06:00,0.11655,1.0,0.0508520421963754,0.0508520421963754,1.0047788660074044
2024-03-17 18:00:00-06:00,0.11189,1.0,-0.03998283998283991,-0.03998283998283991,0.964604953389691
2024-03-18 18:00:00-06:00,0.1014,1.0,-0.09375279292161942,-0.09375279292161942,0.874170544943379
2024-03-19 18:00:00-06:00,0.11145,0.0,0.09911242603550274,-0.0002,0.8739957108343903
2024-03-20 18:00:00-06:00,0.1101,0.0,-0.012113055181695698,-0.0,0.8739957108343903
2024-03-21 18:00:00-06:00,0.10669,0.0,-0.030971843778383357,-0.0,0.8739957108343903
2024-03-22 18:00:00-06:00,0.10658,0.0,-0.0010310244633986443,-0.0,0.8739957108343903
2024-03-23 18:00:00-06:00,0.11008,0.0,0.03283918183524115,0.0,0.8739957108343903
2024-03-24 18:00:00-06:00,0.11719,0.0,0.06458938953488369,0.0,0.8739957108343903
2024-03-25 18:00:00-06:00,0.12042,0.0,0.027562078675654966,0.0,0.8739957108343903
2024-03-26 18:00:00-06:00,0.11384,0.0,-0.05464208603222054,-0.0,0.8739957108343903
2024-03-27 18:00:00-06:00,0.11634,0.0,0.021960646521433702,0.0,0.8739957108343903
2024-03-28 18:00:00-06:00,0.11622,0.0,-0.001031459515213995,-0.0,0.8739957108343903
2024-03-29 18:00:00-06:00,0.11365,0.0,-0.022113233522629505,-0.0,0.8739957108343903
2024-03-30 18:00:00-06:00,0.11591,0.0,0.01988561372635278,0.0,0.8739957108343903
2024-03-31 18:00:00-06:00,0.11011,1.0,-0.05003882322491593,-0.05023882322491593,0.8300871948184466
2024-04-01 18:00:00-06:00,0.10373,1.0,-0.05794205794205787,-0.05794205794205787,0.7819902344793159
2024-04-02 18:00:00-06:00,0.10268,0.0,-0.010122433240142725,-0.0002,0.7818338364324201
2024-04-03 18:00:00-06:00,0.10527,0.0,0.025223996883521727,0.0,0.7818338364324201
2024-04-04 18:00:00-06:00,0.10467,0.0,-0.005699629524080985,-0.0,0.7818338364324201
2024-04-05 18:00:00-06:00,0.10602,0.0,0.012897678417884917,0.0,0.7818338364324201
2024-04-06 18:00:00-06:00,0.10596,0.0,-0.0005659309564233217,-0.0,0.7818338364324201
2024-04-07 18:00:00-06:00,0.10955,0.0,0.03388070970177415,0.0,0.7818338364324201
2024-04-08 18:00:00-06:00,0.10349,0.0,-0.05531720675490637,-0.0,0.7818338364324201
2024-04-09 18:00:00-06:00,0.10239,0.0,-0.010629046284665211,-0.0,0.7818338364324201
2024-04-10 18:00:00-06:00,0.09991,0.0,-0.024221115343295185,-0.0,0.7818338364324201
2024-04-11 18:00:00-06:00,0.08755,0.0,-0.12371134020618557,-0.0,0.7818338364324201
2024-04-12 18:00:00-06:00,0.07851,0.0,-0.10325528269560258,-0.0,0.7818338364324201
2024-04-13 18:00:00-06:00,0.08345,0.0,0.0629219207744236,0.0,0.7818338364324201
2024-04-14 18:00:00-06:00,0.07948,0.0,-0.04757339724385856,-0.0,0.7818338364324201
2024-04-15 18:00:00-06:00,0.07987,0.0,0.004906894816306018,0.0,0.7818338364324201
2024-04-16 18:00:00-06:00,0.07809,0.0,-0.022286215099536655,-0.0,0.7818338364324201
2024-04-17 18:00:00-06:00,0.08217,0.0,0.052247406838263455,0.0,0.7818338364324201
2024-04-18 18:00:00-06:00,0.08031,0.0,-0.022635998539612956,-0.0,0.7818338364324201
2024-04-19 18:00:00-06:00,0.08681,0.0,0.08093637156020406,0.0,0.7818338364324201
2024-04-20 18:00:00-06:00,0.08875,0.0,0.02234765580002307,0.0,0.7818338364324201
2024-04-21 18:00:00-06:00,0.09032,0.0,0.01769014084507048,0.0,0.7818338364324201
2024-04-22 18:00:00-06:00,0.15554,0.0,0.7220992028343669,0.0,0.7818338364324201
2024-04-23 18:00:00-06:00,0.12464,0.0,-0.19866272341519875,-0.0,0.7818338364324201
2024-04-24 18:00:00-06:00,0.1195,1.0,-0.04123876765083445,-0.04143876765083445,0.7494356057429366
2024-04-25 18:00:00-06:00,0.111,1.0,-0.07112970711297062,-0.07112970711297062,0.6961284706064097
2024-04-26 18:00:00-06:00,0.10647,1.0,-0.04081081081081084,-0.04081081081081084,0.6677189032924724
2024-04-27 18:00:00-06:00,0.10344,1.0,-0.02845872076641298,-0.02845872076641298,0.6487164774732164
2024-04-28 18:00:00-06:00,0.10314,1.0,-0.0029002320185615993,-0.0029002320185615993,0.64683504917428
2024-04-29 18:00:00-06:00,0.09368,1.0,-0.09171999224355243,-0.09171999224355243,0.5875073434811572
2024-04-30 18:00:00-06:00,0.09948,1.0,0.06191289496157126,0.06191289496157126,0.6238816239272579
2024-05-01 18:00:00-06:00,0.10029,1.0,0.00814234016887827,0.00814234016887827,0.6289614803343858
2024-05-02 18:00:00-06:00,0.11123,1.0,0.10908365739355852,0.10908365739355852,0.6975708989689273
2024-05-03 18:00:00-06:00,0.10896,1.0,-0.020408163265306034,-0.020408163265306034,0.6833347581736432
2024-05-04 18:00:00-06:00,0.11026,1.0,0.011930983847283416,0.011930983847283416,0.6914876141357003
2024-05-05 18:00:00-06:00,0.11372,1.0,0.03138037366225288,0.03138037366225288,0.7131867538500982
2024-05-06 18:00:00-06:00,0.10784,1.0,-0.05170594442490328,-0.05170594442490328,0.6763107591909479
2024-05-07 18:00:00-06:00,0.10585,1.0,-0.018453264094955513,-0.018453264094955513,0.6638306181413375
2024-05-08 18:00:00-06:00,0.1105,1.0,0.04393008974964574,0.04393008974964574,0.6929927567748493
2024-05-09 18:00:00-06:00,0.10566,1.0,-0.04380090497737554,-0.04380090497737554,0.6626390468853446
2024-05-10 18:00:00-06:00,0.10667,1.0,0.009558962710580987,0.009558962710580987,0.6689731888250965
2024-05-11 18:00:00-06:00,0.1086,0.0,0.018093184587981703,-0.0002,0.6688393941873315
2024-05-12 18:00:00-06:00,0.10748,0.0,-0.010313075506445668,-0.0,0.6688393941873315
2024-05-13 18:00:00-06:00,0.10531,0.0,-0.02018980275400084,-0.0,0.6688393941873315
2024-05-14 18:00:00-06:00,0.11084,1.0,0.05251163232361589,0.05231163232361589,0.7038274746596092
2024-05-15 18:00:00-06:00,0.11224,1.0,0.012630819198845344,0.012630819198845344,0.7127173922392146
2024-05-16 18:00:00-06:00,0.11482,1.0,0.022986457590876697,0.022986457590876697,0.7291002403502015
2024-05-17 18:00:00-06:00,0.11451,1.0,-0.0026998780700226988,-0.0026998780700226988,0.7271317586004317
2024-05-18 18:00:00-06:00,0.11098,1.0,-0.030827002008558257,-0.030827002008558257,0.7047164664175697
2024-05-19 18:00:00-06:00,0.11752,1.0,0.05892953685348723,0.05892953685348723,0.7462450813965832
2024-05-20 18:00:00-06:00,0.11509,1.0,-0.02067733151803952,-0.02067733151803952,0.7308147244548396
2024-05-21 18:00:00-06:00,0.11334,1.0,-0.015205491354592038,-0.015205491354592038,0.719702327480333
2024-05-22 18:00:00-06:00,0.10897,1.0,-0.03855655549673542,-0.03855655549673542,0.691953084749708
2024-05-23 18:00:00-06:00,0.10807,1.0,-0.008259153895567528,-0.008259153895567528,0.6862381377342475
2024-05-24 18:00:00-06:00,0.10854,1.0,0.004349033034144467,0.004349033034144467,0.6892226100645434
2024-05-25 18:00:00-06:00,0.10682,1.0,-0.015846692463607925,-0.015846692463607925,0.6783007113238855
2024-05-26 18:00:00-06:00,0.10687,1.0,0.000468077139112566,0.000468077139112566,0.6786182083803
2024-05-27 18:00:00-06:00,0.10447,0.0,-0.02245719097969512,-0.0002,0.6784824847386239
2024-05-28 18:00:00-06:00,0.10332,0.0,-0.011007944864554364,-0.0,0.6784824847386239
2024-05-29 18:00:00-06:00,0.10067,0.0,-0.025648470770421983,-0.0,0.6784824847386239
2024-05-30 18:00:00-06:00,0.10017,0.0,-0.004966722956193492,-0.0,0.6784824847386239
2024-05-31 18:00:00-06:00,0.10004,0.0,-0.001297793750623888,-0.0,0.6784824847386239
2024-06-01 18:00:00-06:00,0.0992,0.0,-0.00839664134346274,-0.0,0.6784824847386239
2024-06-02 18:00:00-06:00,0.10138,0.0,0.0219758064516129,0.0,0.6784824847386239
2024-06-03 18:00:00-06:00,0.10254,0.0,0.011442099033339925,0.0,0.6784824847386239
2024-06-04 18:00:00-06:00,0.10455,0.0,0.01960210649502625,0.0,0.6784824847386239
2024-06-05 18:00:00-06:00,0.10156,0.0,-0.028598756575801132,-0.0,0.6784824847386239
2024-06-06 18:00:00-06:00,0.09396,0.0,-0.0748326112642772,-0.0,0.6784824847386239
2024-06-07 18:00:00-06:00,0.09022,0.0,-0.03980417198808006,-0.0,0.6784824847386239
2024-06-08 18:00:00-06:00,0.09143,0.0,0.013411660385723723,0.0,0.6784824847386239
2024-06-09 18:00:00-06:00,0.08913,0.0,-0.02515585693973532,-0.0,0.6784824847386239
2024-06-10 18:00:00-06:00,0.08728,0.0,-0.02075619881072599,-0.0,0.6784824847386239
2024-06-11 18:00:00-06:00,0.09175,0.0,0.05121448212648949,0.0,0.6784824847386239
2024-06-12 18:00:00-06:00,0.08829,0.0,-0.03771117166212534,-0.0,0.6784824847386239
2024-06-13 18:00:00-06:00,0.08634,0.0,-0.022086306489976115,-0.0,0.6784824847386239
2024-06-14 18:00:00-06:00,0.08486,0.0,-0.017141533472318726,-0.0,0.6784824847386239
2024-06-15 18:00:00-06:00,0.08633,0.0,0.017322649069055007,0.0,0.6784824847386239
2024-06-16 18:00:00-06:00,0.08022,0.0,-0.07077493339511187,-0.0,0.6784824847386239
2024-06-17 18:00:00-06:00,0.07763,0.0,-0.03228621291448508,-0.0,0.6784824847386239
2024-06-18 18:00:00-06:00,0.08051,0.0,0.037099059641890975,0.0,0.6784824847386239
2024-06-19 18:00:00-06:00,0.08039,0.0,-0.0014904980747733054,-0.0,0.6784824847386239
2024-06-20 18:00:00-06:00,0.07875,0.0,-0.020400547331757668,-0.0,0.6784824847386239
2024-06-21 18:00:00-06:00,0.07784,0.0,-0.01155555555555543,-0.0,0.6784824847386239
2024-06-22 18:00:00-06:00,0.07632,0.0,-0.01952723535457357,-0.0,0.6784824847386239
2024-06-23 18:00:00-06:00,0.0775,0.0,0.015461215932914163,0.0,0.6784824847386239
2024-06-24 18:00:00-06:00,0.07878,0.0,0.016516129032258187,0.0,0.6784824847386239
2024-06-25 18:00:00-06:00,0.07624,0.0,-0.03224168570703223,-0.0,0.6784824847386239
2024-06-26 18:00:00-06:00,0.07871,0.0,0.03239769150052463,0.0,0.6784824847386239
2024-06-27 18:00:00-06:00,0.07694,0.0,-0.02248761275568556,-0.0,0.6784824847386239
2024-06-28 18:00:00-06:00,0.07625,0.0,-0.008968027034052417,-0.0,0.6784824847386239
2024-06-29 18:00:00-06:00,0.07664,0.0,0.005114754098360708,0.0,0.6784824847386239
2024-06-30 18:00:00-06:00,0.07663,0.0,-0.00013048016701455722,-0.0,0.6784824847386239
2024-07-01 18:00:00-06:00,0.07814,0.0,0.019705076340858607,0.0,0.6784824847386239
2024-07-02 18:00:00-06:00,0.07217,0.0,-0.07640133094445867,-0.0,0.6784824847386239
2024-07-03 18:00:00-06:00,0.06631,0.0,-0.0811971733407234,-0.0,0.6784824847386239
2024-07-04 18:00:00-06:00,0.06709,0.0,0.011762931684512257,0.0,0.6784824847386239
2024-07-05 18:00:00-06:00,0.06992,0.0,0.0421821433894769,0.0,0.6784824847386239
2024-07-06 18:00:00-06:00,0.06457,0.0,-0.07651601830663612,-0.0,0.6784824847386239
2024-07-07 18:00:00-06:00,0.06627,0.0,0.02632801610655089,0.0,0.6784824847386239
2024-07-08 18:00:00-06:00,0.06778,0.0,0.02278557416628968,0.0,0.6784824847386239
2024-07-09 18:00:00-06:00,0.06637,0.0,-0.020802596636176007,-0.0,0.6784824847386239
2024-07-10 18:00:00-06:00,0.06557,0.0,-0.012053638692180124,-0.0,0.6784824847386239
2024-07-11 18:00:00-06:00,0.06731,0.0,0.02653652585023636,0.0,0.6784824847386239
2024-07-12 18:00:00-06:00,0.07131,0.0,0.0594265339474076,0.0,0.6784824847386239
2024-07-13 18:00:00-06:00,0.07204,0.0,0.010236993409059147,0.0,0.6784824847386239
2024-07-14 18:00:00-06:00,0.07812,0.0,0.08439755691282613,0.0,0.6784824847386239
2024-07-15 18:00:00-06:00,0.07652,0.0,-0.020481310803891373,-0.0,0.6784824847386239
2024-07-16 18:00:00-06:00,0.07524,0.0,-0.016727652901202372,-0.0,0.6784824847386239
2024-07-17 18:00:00-06:00,0.0727,1.0,-0.03375863902179688,-0.033958639021796876,0.6554421429567732
2024-07-18 18:00:00-06:00,0.0746,1.0,0.026134800550206227,0.026134800550206227,0.6725719926351482
2024-07-19 18:00:00-06:00,0.07456,1.0,-0.0005361930294905948,-0.0005361930294905948,0.6722113642208667
2024-07-20 18:00:00-06:00,0.07473,1.0,0.002280042918455072,0.002280042918455072,0.6737440349815635
2024-07-21 18:00:00-06:00,0.07071,1.0,-0.05379365716579698,-0.05379365716579698,0.6375008793462645
2024-07-22 18:00:00-06:00,0.06819,1.0,-0.03563852354688157,-0.03563852354688157,0.614781289246525
2024-07-23 18:00:00-06:00,0.06644,1.0,-0.02566358703622229,-0.02566358703622229,0.5990037961217058
2024-07-24 18:00:00-06:00,0.06594,1.0,-0.007525586995785649,-0.007525586995785649,0.5944959409431861
2024-07-25 18:00:00-06:00,0.06835,1.0,0.036548377312708435,0.036548377312708435,0.6162238029036513
2024-07-26 18:00:00-06:00,0.06868,0.0,0.004828090709583233,-0.0002,0.6161005581430706
2024-07-27 18:00:00-06:00,0.0675,0.0,-0.017181129877693713,-0.0,0.6161005581430706
2024-07-28 18:00:00-06:00,0.06702,0.0,-0.007111111111111179,-0.0,0.6161005581430706
2024-07-29 18:00:00-06:00,0.0659,0.0,-0.01671142942405246,-0.0,0.6161005581430706
2024-07-30 18:00:00-06:00,0.06287,0.0,-0.04597875569044019,-0.0,0.6161005581430706
2024-07-31 18:00:00-06:00,0.0633,0.0,0.00683951010020678,0.0,0.6161005581430706
2024-08-01 18:00:00-06:00,0.05949,0.0,-0.06018957345971554,-0.0,0.6161005581430706
2024-08-02 18:00:00-06:00,0.05819,0.0,-0.02185241217011269,-0.0,0.6161005581430706
2024-08-03 18:00:00-06:00,0.05524,0.0,-0.05069599587558005,-0.0,0.6161005581430706
2024-08-04 18:00:00-06:00,0.05209,0.0,-0.057023895727733476,-0.0,0.6161005581430706
2024-08-05 18:00:00-06:00,0.05501,0.0,0.05605682472643503,0.0,0.6161005581430706
2024-08-06 18:00:00-06:00,0.0514,0.0,-0.06562443192146883,-0.0,0.6161005581430706
2024-08-07 18:00:00-06:00,0.05902,0.0,0.14824902723735423,0.0,0.6161005581430706
2024-08-08 18:00:00-06:00,0.05625,0.0,-0.046933242968485334,-0.0,0.6161005581430706
2024-08-09 18:00:00-06:00,0.05587,0.0,-0.006755555555555515,-0.0,0.6161005581430706
2024-08-10 18:00:00-06:00,0.05262,0.0,-0.058170753534992015,-0.0,0.6161005581430706
2024-08-11 18:00:00-06:00,0.05383,0.0,0.02299505891296083,0.0,0.6161005581430706
2024-08-12 18:00:00-06:00,0.05424,0.0,0.007616570685491153,0.0,0.6161005581430706
2024-08-13 18:00:00-06:00,0.05356,0.0,-0.01253687315634211,-0.0,0.6161005581430706
2024-08-14 18:00:00-06:00,0.05187,0.0,-0.031553398058252524,-0.0,0.6161005581430706
2024-08-15 18:00:00-06:00,0.05187,0.0,0.0,0.0,0.6161005581430706
2024-08-16 18:00:00-06:00,0.05259,0.0,0.013880855986119212,0.0,0.6161005581430706
2024-08-17 18:00:00-06:00,0.05309,0.0,0.009507510933637553,0.0,0.6161005581430706
2024-08-18 18:00:00-06:00,0.05423,0.0,0.021472970427575788,0.0,0.6161005581430706
2024-08-19 18:00:00-06:00,0.05364,0.0,-0.010879586944495645,-0.0,0.6161005581430706
2024-08-20 18:00:00-06:00,0.05471,0.0,0.019947800149142436,0.0,0.6161005581430706
2024-08-21 18:00:00-06:00,0.05522,0.0,0.009321878998354904,0.0,0.6161005581430706
2024-08-22 18:00:00-06:00,0.05946,0.0,0.0767837739949293,0.0,0.6161005581430706
2024-08-23 18:00:00-06:00,0.06039,1.0,0.01564076690211902,0.015440766902119018,0.6256136232496232
2024-08-24 18:00:00-06:00,0.05893,1.0,-0.024176188110614283,-0.024176188110614283,0.6104886706093774
2024-08-25 18:00:00-06:00,0.0559,1.0,-0.051416935347021964,-0.051416935347021964,0.5790992141025656
2024-08-26 18:00:00-06:00,0.05245,1.0,-0.06171735241502685,-0.06171735241502685,0.5433587438225325
2024-08-27 18:00:00-06:00,0.05125,1.0,-0.02287893231649185,-0.02287893231649185,0.5309272758990428
2024-08-28 18:00:00-06:00,0.05113,1.0,-0.0023414634146340374,-0.0023414634146340374,0.5296841291066938
2024-08-29 18:00:00-06:00,0.0513,1.0,0.0033248582045763975,0.0033248582045763975,0.5314452537291882
2024-08-30 18:00:00-06:00,0.04994,1.0,-0.026510721247563374,-0.026510721247563374,0.517356256749233
2024-08-31 18:00:00-06:00,0.0479,0.0,-0.04084901882258707,-0.0002,0.5172527854978832
2024-09-01 18:00:00-06:00,0.05077,0.0,0.059916492693110834,0.0,0.5172527854978832
2024-09-02 18:00:00-06:00,0.04886,0.0,-0.037620642111483193,-0.0,0.5172527854978832
2024-09-03 18:00:00-06:00,0.04929,0.0,0.008800654932460183,0.0,0.5172527854978832
2024-09-04 18:00:00-06:00,0.04813,0.0,-0.02353418543315078,-0.0,0.5172527854978832
2024-09-05 18:00:00-06:00,0.04716,0.0,-0.02015375025971322,-0.0,0.5172527854978832
2024-09-06 18:00:00-06:00,0.04853,0.0,0.02905004240882092,0.0,0.5172527854978832
2024-09-07 18:00:00-06:00,0.04947,0.0,0.019369462188337128,0.0,0.5172527854978832
2024-09-08 18:00:00-06:00,0.05104,0.0,0.03173640590256732,0.0,0.5172527854978832
2024-09-09 18:00:00-06:00,0.05087,0.0,-0.0033307210031349177,-0.0,0.5172527854978832
2024-09-10 18:00:00-06:00,0.04997,0.0,-0.01769215647729505,-0.0,0.5172527854978832
2024-09-11 18:00:00-06:00,0.05053,0.0,0.01120672403442069,0.0,0.5172527854978832
2024-09-12 18:00:00-06:00,0.05233,0.0,0.035622402533148634,0.0,0.5172527854978832
2024-09-13 18:00:00-06:00,0.05162,0.0,-0.01356774316835474,-0.0,0.5172527854978832
2024-09-14 18:00:00-06:00,0.05003,1.0,-0.030802014722975612,-0.03100201472297561,0.5012169070263777
2024-09-15 18:00:00-06:00,0.04943,1.0,-0.011992804317409456,-0.011992804317409456,0.4952059107398331
2024-09-16 18:00:00-06:00,0.04983,1.0,0.00809225166902694,0.00809225166902694,0.49921324159752956
2024-09-17 18:00:00-06:00,0.05072,1.0,0.017860726469997923,0.017860726469997923,0.508129552755904
2024-09-18 18:00:00-06:00,0.05168,1.0,0.018927444794952564,0.018927444794952564,0.5177471468143753
2024-09-19 18:00:00-06:00,0.05284,1.0,0.02244582043343657,0.02244582043343657,0.5293684063016949
2024-09-20 18:00:00-06:00,0.05604,1.0,0.060560181680545,0.060560181680545,0.5614270531632661
2024-09-21 18:00:00-06:00,0.05375,1.0,-0.0408636688079943,-0.0408636688079943,0.5384850840029543
2024-09-22 18:00:00-06:00,0.05785,1.0,0.07627906976744181,0.07627906976744181,0.5795602252943424
2024-09-23 18:00:00-06:00,0.05769,1.0,-0.0027657735522904625,-0.0027657735522904625,0.5779572929512637
2024-09-24 18:00:00-06:00,0.05849,1.0,0.013867221355520876,0.013867221355520876,0.5859719546666565
2024-09-25 18:00:00-06:00,0.06171,1.0,0.05505214566592587,0.05505214566592587,0.6182309680711127
2024-09-26 18:00:00-06:00,0.06181,1.0,0.0016204829039052626,0.0016204829039052626,0.6192328007855367
2024-09-27 18:00:00-06:00,0.06114,1.0,-0.010839669956317688,-0.010839669956317688,0.6125205215988953
2024-09-28 18:00:00-06:00,0.0614,1.0,0.0042525351651947485,0.0042525351651947485,0.615125286656398
2024-09-29 18:00:00-06:00,0.05742,1.0,-0.06482084690553758,-0.06482084690553758,0.5752523446223187
2024-09-30 18:00:00-06:00,0.0528,1.0,-0.08045977011494254,-0.08045977011494254,0.5289676732159252
2024-10-01 18:00:00-06:00,0.05161,1.0,-0.022537878787878718,-0.022537878787878718,0.5170458639142784
2024-10-02 18:00:00-06:00,0.05171,1.0,0.001937608990505657,0.001937608990505657,0.5180476966287025
2024-10-03 18:00:00-06:00,0.05476,1.0,0.05898278862889206,0.05898278862889206,0.5486035944186377
2024-10-04 18:00:00-06:00,0.05308,1.0,-0.030679327976625315,-0.030679327976625315,0.5317728048163128
2024-10-05 18:00:00-06:00,0.05426,0.0,0.022230595327807023,-0.0002,0.5316664502553496
2024-10-06 18:00:00-06:00,0.05242,0.0,-0.033910799852561735,-0.0,0.5316664502553496
2024-10-07 18:00:00-06:00,0.05233,0.0,-0.0017169019458221912,-0.0,0.5316664502553496
2024-10-08 18:00:00-06:00,0.0502,0.0,-0.040703229505064,-0.0,0.5316664502553496
2024-10-09 18:00:00-06:00,0.05034,0.0,0.002788844621514075,0.0,0.5316664502553496
2024-10-10 18:00:00-06:00,0.05137,0.0,0.02046086611044884,0.0,0.5316664502553496
2024-10-11 18:00:00-06:00,0.05154,0.0,0.0033093245084681033,0.0,0.5316664502553496
2024-10-12 18:00:00-06:00,0.05123,0.0,-0.006014745828482826,-0.0,0.5316664502553496
2024-10-13 18:00:00-06:00,0.05346,0.0,0.043529182119851795,0.0,0.5316664502553496
2024-10-14 18:00:00-06:00,0.05607,0.0,0.04882154882154888,0.0,0.5316664502553496
2024-10-15 18:00:00-06:00,0.05344,0.0,-0.04690565364722665,-0.0,0.5316664502553496
2024-10-16 18:00:00-06:00,0.05109,0.0,-0.04397455089820357,-0.0,0.5316664502553496
2024-10-17 18:00:00-06:00,0.05176,0.0,0.013114112350753437,0.0,0.5316664502553496
2024-10-18 18:00:00-06:00,0.05339,0.0,0.0314914992272024,0.0,0.5316664502553496
2024-10-19 18:00:00-06:00,0.05597,1.0,0.04832365611537748,0.04812365611537748,0.5572521836755215
2024-10-20 18:00:00-06:00,0.05288,1.0,-0.055208147221725845,-0.055208147221725845,0.5264873230795352
2024-10-21 18:00:00-06:00,0.05257,1.0,-0.005862329803328348,-0.005862329803328348,0.5234008807543714
2024-10-22 18:00:00-06:00,0.05135,1.0,-0.023207152368270867,-0.023207152368270867,0.5112542367650176
2024-10-23 18:00:00-06:00,0.05116,1.0,-0.003700097370983535,-0.003700097370983535,0.5093625463076591
2024-10-24 18:00:00-06:00,0.04772,1.0,-0.06724003127443312,-0.06724003127443312,0.4751129927639072
2024-10-25 18:00:00-06:00,0.04819,0.0,0.009849119865884326,-0.0002,0.47501797016535446
2024-10-26 18:00:00-06:00,0.04887,0.0,0.01411081137165393,0.0,0.47501797016535446
2024-10-27 18:00:00-06:00,0.04883,0.0,-0.0008184980560670407,-0.0,0.47501797016535446
2024-10-28 18:00:00-06:00,0.04973,0.0,0.01843129223837825,0.0,0.47501797016535446
2024-10-29 18:00:00-06:00,0.0486,0.0,-0.02272270259400777,-0.0,0.47501797016535446
2024-10-30 18:00:00-06:00,0.04627,0.0,-0.04794238683127572,-0.0,0.47501797016535446
2024-10-31 18:00:00-06:00,0.04559,0.0,-0.014696347525394393,-0.0,0.47501797016535446
2024-11-01 18:00:00-06:00,0.0449,0.0,-0.015134898003948183,-0.0,0.47501797016535446
2024-11-02 18:00:00-06:00,0.04281,0.0,-0.046547884187082444,-0.0,0.47501797016535446
2024-11-03 18:00:00-06:00,0.04251,0.0,-0.0070077084793273015,-0.0,0.47501797016535446
2024-11-04 18:00:00-06:00,0.04608,0.0,0.08398023994354276,0.0,0.47501797016535446
2024-11-05 18:00:00-06:00,0.049,0.0,0.06336805555555558,0.0,0.47501797016535446
2024-11-06 18:00:00-06:00,0.04929,0.0,0.0059183673469387355,0.0,0.47501797016535446
2024-11-07 18:00:00-06:00,0.05216,0.0,0.05822682085615738,0.0,0.47501797016535446
2024-11-08 18:00:00-06:00,0.05281,0.0,0.012461656441717928,0.0,0.47501797016535446
2024-11-09 18:00:00-06:00,0.05496,0.0,0.04071198636621842,0.0,0.47501797016535446
2024-11-10 18:00:00-06:00,0.0584,1.0,0.06259097525473067,0.062390975254730675,0.5046548045874935
2024-11-11 18:00:00-06:00,0.06465,1.0,0.10702054794520555,0.10702054794520555,0.5586632382976277
2024-11-12 18:00:00-06:00,0.05945,1.0,-0.08043310131477177,-0.08043310131477177,0.5137282214507961
2024-11-13 18:00:00-06:00,0.06386,1.0,0.0741799831791421,0.0741799831791421,0.5518365722766667
2024-11-14 18:00:00-06:00,0.07234,1.0,0.1327904791731913,0.1327904791731913,0.6251152151345767
2024-11-15 18:00:00-06:00,0.09004,1.0,0.244677909870058,0.244677909870058,0.7780670994016765
2024-11-16 18:00:00-06:00,0.09018,1.0,0.001554864504664577,0.001554864504664577,0.7792768883167835
2024-11-17 18:00:00-06:00,0.14391,1.0,0.595808383233533,0.595808383233533,1.2435765912360648
2024-11-18 18:00:00-06:00,0.13297,1.0,-0.07601973455631994,-0.07601973455631994,1.149040228869846
2024-11-19 18:00:00-06:00,0.12172,1.0,-0.08460555012408821,-0.08460555012408821,1.0518250481916045
2024-11-20 18:00:00-06:00,0.12666,1.0,0.04058494906342425,0.04058494906342425,1.0945133141960945
2024-11-21 18:00:00-06:00,0.14694,1.0,0.16011369019422061,0.16011369019422061,1.2697598798987377
2024-11-22 18:00:00-06:00,0.15445,1.0,0.051109296311419694,0.051109296311419694,1.334656413844835
2024-11-23 18:00:00-06:00,0.14708,1.0,-0.0477177079961153,-0.0477177079961153,1.2709696688138448
2024-11-24 18:00:00-06:00,0.13493,1.0,-0.08260810443296163,-0.08260810443296163,1.165977273681344
2024-11-25 18:00:00-06:00,0.13936,1.0,0.03283183873119411,0.03283183873119411,1.2042584514950874
2024-11-26 18:00:00-06:00,0.14197,1.0,0.018728473019517855,0.018728473019517855,1.2268123734124394
2024-11-27 18:00:00-06:00,0.14491,1.0,0.02070860040853706,0.02070860040853706,1.2522179406296865
2024-11-28 18:00:00-06:00,0.17804,1.0,0.22862466358429367,0.22862466358429367,1.5385058460403656
2024-11-29 18:00:00-06:00,0.17029,1.0,-0.04352954392271402,-0.04352954392271402,1.4715353882397992
2024-11-30 18:00:00-06:00,0.20891,1.0,0.22678959422162204,0.22678959422162204,1.8052643018214602
2024-12-01 18:00:00-06:00,0.31165,1.0,0.49179072327796636,0.49179072327796636,2.693076538522129
2024-12-02 18:00:00-06:00,0.31481,1.0,0.01013957965666612,0.01013957965666612,2.720383202605973
2024-12-03 18:00:00-06:00,0.28794,1.0,-0.08535307010577808,-0.08535307010577808,2.4881901443993644
2024-12-04 18:00:00-06:00,0.29239,1.0,0.015454608599013708,0.015454608599013708,2.52664414920098
2024-12-05 18:00:00-06:00,0.36794,1.0,0.2583877697595678,0.2583877697595678,3.179498095889082
2024-12-06 18:00:00-06:00,0.33215,1.0,-0.09727129423275527,-0.09727129423275527,2.87022420109137
2024-12-07 18:00:00-06:00,0.3332,1.0,0.0031612223393044925,0.0031612223393044925,2.8792976179546725
2024-12-08 18:00:00-06:00,0.27998,1.0,-0.15972388955582228,-0.15972388955582228,2.4194050032261383
2024-12-09 18:00:00-06:00,0.28967,1.0,0.034609614972497926,0.034609614972497926,2.50313967885033
2024-12-10 18:00:00-06:00,0.29884,1.0,0.03165671281113003,0.03165671281113003,2.5823808527898393
2024-12-11 18:00:00-06:00,0.2914,1.0,-0.024896265560165998,-0.024896265560165998,2.5180892133012955
2024-12-12 18:00:00-06:00,0.31428,1.0,0.07851750171585459,0.07851750171585459,2.715803287427355
2024-12-13 18:00:00-06:00,0.29402,1.0,-0.06446480845106273,-0.06446480845106273,2.540729548712584
2024-12-14 18:00:00-06:00,0.29583,1.0,0.006156043806543776,0.006156043806543776,2.556370391115039
2024-12-15 18:00:00-06:00,0.28235,1.0,-0.045566710610823735,-0.045566710610823735,2.4398850012890216
2024-12-16 18:00:00-06:00,0.28465,1.0,0.008145918186647894,0.008145918186647894,2.459760104894351
2024-12-17 18:00:00-06:00,0.27244,1.0,-0.04289478306692429,-0.04289478306692429,2.354249228798233
2024-12-18 18:00:00-06:00,0.2674,1.0,-0.018499486125385323,-0.018499486125385323,2.310696827854381
2024-12-19 18:00:00-06:00,0.2705,0.0,0.011593118922961887,-0.0002,2.3102346884888103
2024-12-20 18:00:00-06:00,0.25369,0.0,-0.062144177449168225,-0.0,2.3102346884888103
2024-12-21 18:00:00-06:00,0.26546,0.0,0.04639520674839348,0.0,2.3102346884888103
2024-12-22 18:00:00-06:00,0.29151,0.0,0.09813154524222112,0.0,2.3102346884888103
2024-12-23 18:00:00-06:00,0.32876,0.0,0.12778292339885433,0.0,2.3102346884888103
2024-12-24 18:00:00-06:00,0.31306,0.0,-0.047755201362696176,-0.0,2.3102346884888103
2024-12-25 18:00:00-06:00,0.2844,0.0,-0.09154794608062355,-0.0,2.3102346884888103
2024-12-26 18:00:00-06:00,0.27656,0.0,-0.027566807313642805,-0.0,2.3102346884888103
2024-12-27 18:00:00-06:00,0.29432,0.0,0.06421752964998584,0.0,2.3102346884888103
2024-12-28 18:00:00-06:00,0.2787,1.0,-0.05307148681706997,-0.05327148681706997,2.187165051736641
2024-12-29 18:00:00-06:00,0.27849,1.0,-0.0007534983853605404,-0.0007534983853605404,2.1855170264016404
2024-12-30 18:00:00-06:00,0.26881,1.0,-0.034758878236202495,-0.034758878236202495,2.109550906197798
2024-12-31 18:00:00-06:00,0.29477,0.0,0.09657378817752305,-0.0002,2.1091289960165587
2025-01-01 18:00:00-06:00,0.29213,0.0,-0.008956135291922407,-0.0,2.1091289960165587
2025-01-02 18:00:00-06:00,0.31359,0.0,0.07346044569198629,0.0,2.1091289960165587
2025-01-03 18:00:00-06:00,0.30572,1.0,-0.02509646353518924,-0.02529646353518924,2.0557754912778154
2025-01-04 18:00:00-06:00,0.30135,1.0,-0.014294125343451425,-0.014294125343451425,2.026389978727495
2025-01-05 18:00:00-06:00,0.30817,1.0,0.022631491621038613,0.022631491621038613,2.072250206552023
2025-01-06 18:00:00-06:00,0.28899,1.0,-0.06223837492293205,-0.06223837492293205,1.9432767212625148
2025-01-07 18:00:00-06:00,0.28482,1.0,-0.014429565036852554,-0.014429565036852554,1.9152360834284559
2025-01-08 18:00:00-06:00,0.2685,1.0,-0.057299346955972164,-0.057299346955972164,1.8054943065814915
2025-01-09 18:00:00-06:00,0.28144,1.0,0.048193668528863975,0.048193668528863975,1.892507700723631
2025-01-10 18:00:00-06:00,0.29205,1.0,0.03769897669130162,0.03769897669130162,1.96385330442132
2025-01-11 18:00:00-06:00,0.27791,0.0,-0.04841636706043484,-0.0002,1.9634605337604358
2025-01-12 18:00:00-06:00,0.27492,0.0,-0.01075887877370374,-0.0,1.9634605337604358
2025-01-13 18:00:00-06:00,0.28711,0.0,0.04434017168630877,0.0,1.9634605337604358
2025-01-14 18:00:00-06:00,0.32222,0.0,0.12228762495210899,0.0,1.9634605337604358
2025-01-15 18:00:00-06:00,0.36279,0.0,0.12590776488113709,0.0,1.9634605337604358
2025-01-16 18:00:00-06:00,0.37438,1.0,0.03194685630805694,0.03174685630805694,2.0257942331922694
2025-01-17 18:00:00-06:00,0.35454,1.0,-0.05299428388268601,-0.05299428388268601,1.91843871851057
2025-01-18 18:00:00-06:00,0.32615,1.0,-0.08007559090652683,-0.08007559090652683,1.764818604507876
2025-01-19 18:00:00-06:00,0.34192,1.0,0.048351985282845344,0.048351985282845344,1.8501510876999325
2025-01-20 18:00:00-06:00,0.33761,1.0,-0.012605287786616737,-0.012605287786616737,1.8268294007907528
2025-01-21 18:00:00-06:00,0.32575,1.0,-0.03512929119398134,-0.03512929119398134,1.762654178808648
2025-01-22 18:00:00-06:00,0.32793,1.0,0.006692248656945621,0.006692248656945621,1.7744502988694397
2025-01-23 18:00:00-06:00,0.32665,1.0,-0.0039032720397645937,-0.0039032720397645937,1.7675241366319108
2025-01-24 18:00:00-06:00,0.33203,1.0,0.016470228072860804,0.016470228072860804,1.7966356622865247
2025-01-25 18:00:00-06:00,0.32293,1.0,-0.027407162003433405,-0.027407162003433405,1.747394977629092
2025-01-26 18:00:00-06:00,0.31452,1.0,-0.026042795652308492,-0.026042795652308492,1.7018879273028273
2025-01-27 18:00:00-06:00,0.29882,1.0,-0.04991733435075685,-0.04991733435075685,1.6169342186081355
2025-01-28 18:00:00-06:00,0.30856,1.0,0.032594873167793414,0.032594873167793414,1.6696379843843328
2025-01-29 18:00:00-06:00,0.31575,0.0,0.02330178895514634,-0.0002,1.669304056787456
2025-01-30 18:00:00-06:00,0.30644,0.0,-0.029485352335708592,-0.0,1.669304056787456
2025-01-31 18:00:00-06:00,0.28479,0.0,-0.0706500456859418,-0.0,1.669304056787456
2025-02-01 18:00:00-06:00,0.25302,0.0,-0.1115558832824185,-0.0,1.669304056787456
2025-02-02 18:00:00-06:00,0.27463,0.0,0.08540826812109703,0.0,1.669304056787456
2025-02-03 18:00:00-06:00,0.2499,0.0,-0.0900484287951061,-0.0,1.669304056787456
2025-02-04 18:00:00-06:00,0.23835,0.0,-0.04621848739495804,-0.0,1.669304056787456
2025-02-05 18:00:00-06:00,0.22845,0.0,-0.041535556954059194,-0.0,1.669304056787456
2025-02-06 18:00:00-06:00,0.23248,0.0,0.01764062158021451,0.0,1.669304056787456
2025-02-07 18:00:00-06:00,0.23396,0.0,0.006366139022711659,0.0,1.669304056787456
2025-02-08 18:00:00-06:00,0.2289,0.0,-0.021627628654470876,-0.0,1.669304056787456
2025-02-09 18:00:00-06:00,0.23179,0.0,0.01262560069899532,0.0,1.669304056787456
2025-02-10 18:00:00-06:00,0.22857,0.0,-0.013891884895810835,-0.0,1.669304056787456
2025-02-11 18:00:00-06:00,0.23502,0.0,0.02821892636828993,0.0,1.669304056787456
2025-02-12 18:00:00-06:00,0.22539,0.0,-0.04097523615011489,-0.0,1.669304056787456
2025-02-13 18:00:00-06:00,0.23067,0.0,0.02342606149341142,0.0,1.669304056787456
2025-02-14 18:00:00-06:00,0.22897,0.0,-0.007369835696015903,-0.0,1.669304056787456
2025-02-15 18:00:00-06:00,0.21992,0.0,-0.039524828580163374,-0.0,1.669304056787456
2025-02-16 18:00:00-06:00,0.21221,0.0,-0.03505820298290285,-0.0,1.669304056787456
2025-02-17 18:00:00-06:00,0.2068,0.0,-0.025493614815512933,-0.0,1.669304056787456
2025-02-18 18:00:00-06:00,0.21563,0.0,0.042698259187620824,0.0,1.669304056787456
2025-02-19 18:00:00-06:00,0.22196,0.0,0.02935584102397626,0.0,1.669304056787456
2025-02-20 18:00:00-06:00,0.21418,0.0,-0.03505136060551439,-0.0,1.669304056787456
2025-02-21 18:00:00-06:00,0.21628,0.0,0.009804837052945992,0.0,1.669304056787456
2025-02-22 18:00:00-06:00,0.211,0.0,-0.024412798224523802,-0.0,1.669304056787456
2025-02-23 18:00:00-06:00,0.1964,0.0,-0.06919431279620858,-0.0,1.669304056787456
2025-02-24 18:00:00-06:00,0.19824,0.0,0.009368635437881911,0.0,1.669304056787456
2025-02-25 18:00:00-06:00,0.19607,0.0,-0.010946327683615809,-0.0,1.669304056787456
2025-02-26 18:00:00-06:00,0.19965,0.0,0.01825878512776047,0.0,1.669304056787456
2025-02-27 18:00:00-06:00,0.21352,0.0,0.06947157525669923,0.0,1.669304056787456
2025-02-28 18:00:00-06:00,0.25257,0.0,0.18288684900711893,0.0,1.669304056787456
2025-03-01 18:00:00-06:00,0.26401,0.0,0.045294373836956,0.0,1.669304056787456
2025-03-02 18:00:00-06:00,0.22305,0.0,-0.15514563842278706,-0.0,1.669304056787456
2025-03-03 18:00:00-06:00,0.24116,1.0,0.0811925577224839,0.0809925577224839,1.8045052619631905
2025-03-04 18:00:00-06:00,0.24883,1.0,0.03180461104660792,0.03180461104660792,1.8618968499514872
2025-03-05 18:00:00-06:00,0.2375,1.0,-0.045533094884057435,-0.045533094884057435,1.7771189240183185
2025-03-06 18:00:00-06:00,0.23242,1.0,-0.021389473684210514,-0.021389473684210514,1.7391072855593162
2025-03-07 18:00:00-06:00,0.22685,1.0,-0.023965235349797775,-0.023965235349797775,1.6974291701623392
2025-03-08 18:00:00-06:00,0.19935,1.0,-0.1212254793916685,-0.1212254793916685,1.4916575052760075
2025-03-09 18:00:00-06:00,0.18935,1.0,-0.05016302984700283,-0.05016302984700283,1.4168314453173414
2025-03-10 18:00:00-06:00,0.19696,1.0,0.04019012410879319,0.04019012410879319,1.4737740769458862
2025-03-11 18:00:00-06:00,0.20071,0.0,0.01903939886271333,-0.0002,1.4734793221304971
2025-03-12 18:00:00-06:00,0.18926,0.0,-0.057047481440884784,-0.0,1.4734793221304971
2025-03-13 18:00:00-06:00,0.19093,0.0,0.008823840219803314,0.0,1.4734793221304971
2025-03-14 18:00:00-06:00,0.1926,0.0,0.008746661079976903,0.0,1.4734793221304971
2025-03-15 18:00:00-06:00,0.18456,0.0,-0.041744548286604344,-0.0,1.4734793221304971
2025-03-16 18:00:00-06:00,0.19134,0.0,0.03673602080624194,0.0,1.4734793221304971
2025-03-17 18:00:00-06:00,0.18839,0.0,-0.015417581268945324,-0.0,1.4734793221304971
2025-03-18 18:00:00-06:00,0.19745,0.0,0.04809172461383282,0.0,1.4734793221304971
2025-03-19 18:00:00-06:00,0.18983,0.0,-0.03859204861990373,-0.0,1.4734793221304971
2025-03-20 18:00:00-06:00,0.18443,0.0,-0.028446504767423386,-0.0,1.4734793221304971
2025-03-21 18:00:00-06:00,0.18252,0.0,-0.01035623271702013,-0.0,1.4734793221304971
2025-03-22 18:00:00-06:00,0.18582,0.0,0.01808021038790275,0.0,1.4734793221304971
2025-03-23 18:00:00-06:00,0.19305,0.0,0.0389086212463674,0.0,1.4734793221304971
2025-03-24 18:00:00-06:00,0.19459,0.0,0.007977207977208023,0.0,1.4734793221304971
2025-03-25 18:00:00-06:00,0.19167,0.0,-0.015005909861760647,-0.0,1.4734793221304971
2025-03-26 18:00:00-06:00,0.19343,0.0,0.009182449000886939,0.0,1.4734793221304971
2025-03-27 18:00:00-06:00,0.18214,0.0,-0.058367368040117884,-0.0,1.4734793221304971
2025-03-28 18:00:00-06:00,0.17195,0.0,-0.05594597562314707,-0.0,1.4734793221304971
2025-03-29 18:00:00-06:00,0.16766,0.0,-0.024949113114277388,-0.0,1.4734793221304971
2025-03-30 18:00:00-06:00,0.16305,0.0,-0.027496123106286574,-0.0,1.4734793221304971
2025-03-31 18:00:00-06:00,0.1701,0.0,0.04323827046918116,0.0,1.4734793221304971
2025-04-01 18:00:00-06:00,0.16122,0.0,-0.052204585537918846,-0.0,1.4734793221304971
2025-04-02 18:00:00-06:00,0.16253,0.0,0.008125542736633129,0.0,1.4734793221304971
2025-04-03 18:00:00-06:00,0.16419,0.0,0.010213499046329844,0.0,1.4734793221304971
2025-04-04 18:00:00-06:00,0.16196,0.0,-0.013581825933369984,-0.0,1.4734793221304971
2025-04-05 18:00:00-06:00,0.14001,0.0,-0.135527290689059,-0.0,1.4734793221304971
2025-04-06 18:00:00-06:00,0.15235,0.0,0.08813656167416628,0.0,1.4734793221304971
2025-04-07 18:00:00-06:00,0.14599,0.0,-0.041745979652116905,-0.0,1.4734793221304971
2025-04-08 18:00:00-06:00,0.16866,0.0,0.15528460853483117,0.0,1.4734793221304971
2025-04-09 18:00:00-06:00,0.16776,0.0,-0.005336179295624355,-0.0,1.4734793221304971
2025-04-10 18:00:00-06:00,0.16736,0.0,-0.002384358607534498,-0.0,1.4734793221304971
2025-04-11 18:00:00-06:00,0.1769,0.0,0.0570028680688337,0.0,1.4734793221304971
2025-04-12 18:00:00-06:00,0.16515,0.0,-0.06642170717919738,-0.0,1.4734793221304971
2025-04-13 18:00:00-06:00,0.16512,0.0,-0.00018165304268846771,-0.0,1.4734793221304971
2025-04-14 18:00:00-06:00,0.1569,0.0,-0.04978197674418594,-0.0,1.4734793221304971
2025-04-15 18:00:00-06:00,0.15735,1.0,0.00286806883365176,0.00266806883365176,1.477410666386904
2025-04-16 18:00:00-06:00,0.16289,1.0,0.035208134731490315,0.035208134731490315,1.529427540182795
2025-04-17 18:00:00-06:00,0.16505,1.0,0.013260482534225515,0.013260482534225515,1.5497084873667524
2025-04-18 18:00:00-06:00,0.16684,1.0,0.01084519842471976,0.01084519842471976,1.566515383412717
2025-04-19 18:00:00-06:00,0.16594,1.0,-0.0053943898345719665,-0.0053943898345719665,1.558064988752735
2025-04-20 18:00:00-06:00,0.16911,1.0,0.019103290345908297,0.019103290345908297,1.5878291566106728
2025-04-21 18:00:00-06:00,0.1812,1.0,0.0714919283306723,0.0714919283306723,1.7013461248764348
2025-04-22 18:00:00-06:00,0.18022,1.0,-0.005408388520971363,-0.005408388520971363,1.692144584024454
2025-04-23 18:00:00-06:00,0.18827,1.0,0.04466762845411165,0.04466762845411165,1.7677286695942955
2025-04-24 18:00:00-06:00,0.19247,1.0,0.022308386891167098,0.022308386891167098,1.807163844674213
2025-04-25 18:00:00-06:00,0.19145,1.0,-0.0052995271990439186,-0.0052995271990439186,1.7975867307262334
2025-04-26 18:00:00-06:00,0.19012,1.0,-0.006946983546617935,-0.006946983546617935,1.7850989252842595
2025-04-27 18:00:00-06:00,0.1907,1.0,0.0030507048180097307,0.0030507048180097307,1.7905447351762482
2025-04-28 18:00:00-06:00,0.18589,1.0,-0.025222863135815454,-0.025222863135815454,1.7453820703823428
2025-04-29 18:00:00-06:00,0.18199,1.0,-0.020980149550809513,-0.020980149550809513,1.7087636935224197
2025-04-30 18:00:00-06:00,0.18585,1.0,0.021209956591021317,0.021209956591021317,1.7450064972863435
2025-05-01 18:00:00-06:00,0.18689,1.0,0.005595910680656457,0.005595910680656457,1.7547713977823232
2025-05-02 18:00:00-06:00,0.18009,1.0,-0.0363850393279469,-0.0363850393279469,1.6909239714624569
2025-05-03 18:00:00-06:00,0.17603,1.0,-0.02254428341384873,-0.02254428341384873,1.6528033022185367
2025-05-04 18:00:00-06:00,0.17332,1.0,-0.015395103107424868,-0.015395103107424868,1.62735822496459
2025-05-05 18:00:00-06:00,0.17699,1.0,0.021174705746595857,0.021174705746595857,1.6618170565225177
2025-05-06 18:00:00-06:00,0.17565,1.0,-0.007571049211819947,-0.007571049211819947,1.649235357806544
2025-05-07 18:00:00-06:00,0.19523,0.0,0.11147167662966129,-0.0002,1.6489055107349826
2025-05-08 18:00:00-06:00,0.20248,0.0,0.03713568611381457,0.0,1.6489055107349826
2025-05-09 18:00:00-06:00,0.21911,0.0,0.08213156854998038,0.0,1.6489055107349826
2025-05-10 18:00:00-06:00,0.2068,1.0,-0.05618182647985026,-0.05638182647985026,1.555937206347054
2025-05-11 18:00:00-06:00,0.215,1.0,0.03965183752417789,0.03965183752417789,1.6176329756509507
2025-05-12 18:00:00-06:00,0.21605,1.0,0.0048837209302325935,0.0048837209302325935,1.6255330436715716
2025-05-13 18:00:00-06:00,0.206,1.0,-0.04651700995140018,-0.04651700995140018,1.5499181069027712
2025-05-14 18:00:00-06:00,0.19792,1.0,-0.039223300970873676,-0.039223300970873676,1.489125202515517
2025-05-15 18:00:00-06:00,0.19541,1.0,-0.0126818916734035,-0.0126818916734035,1.4702402780090802
2025-05-16 18:00:00-06:00,0.19086,1.0,-0.023284376439281496,-0.023284376439281496,1.4360066499197228
2025-05-17 18:00:00-06:00,0.19673,1.0,0.030755527611862066,0.030755527611862066,1.4801717920921464
2025-05-18 18:00:00-06:00,0.19366,1.0,-0.015605144106135227,-0.015605144106135227,1.457073497974712
2025-05-19 18:00:00-06:00,0.19477,1.0,0.005731694722709957,0.005731694722709957,1.4654249984536543
2025-05-20 18:00:00-06:00,0.19793,1.0,0.016224264517122666,0.016224264517122666,1.4892004412585704
2025-05-21 18:00:00-06:00,0.20464,1.0,0.03390087404637998,0.03390087404637998,1.5396856378474908
2025-05-22 18:00:00-06:00,0.19034,1.0,-0.06987881157154019,-0.06987881157154019,1.4320942352809394
2025-05-23 18:00:00-06:00,0.18829,0.0,-0.01077020069349588,-0.0002,1.4318078164338832
2025-05-24 18:00:00-06:00,0.18793,0.0,-0.0019119443411758086,-0.0,1.4318078164338832
2025-05-25 18:00:00-06:00,0.18577,0.0,-0.011493641249401443,-0.0,1.4318078164338832
2025-05-26 18:00:00-06:00,0.18711,0.0,0.007213220649189944,0.0,1.4318078164338832
2025-05-27 18:00:00-06:00,0.18593,0.0,-0.006306450750895087,-0.0,1.4318078164338832
2025-05-28 18:00:00-06:00,0.17951,0.0,-0.03452912386381979,-0.0,1.4318078164338832
2025-05-29 18:00:00-06:00,0.16711,0.0,-0.06907693164726192,-0.0,1.4318078164338832
2025-05-30 18:00:00-06:00,0.1673,0.0,0.0011369756447847656,0.0,1.4318078164338832
2025-05-31 18:00:00-06:00,0.16859,0.0,0.0077106993424984616,0.0,1.4318078164338832
2025-06-01 18:00:00-06:00,0.17133,0.0,0.01625244676433968,0.0,1.4318078164338832
2025-06-02 18:00:00-06:00,0.17175,0.0,0.002451409560497275,0.0,1.4318078164338832
2025-06-03 18:00:00-06:00,0.16695,0.0,-0.027947598253275308,-0.0,1.4318078164338832
2025-06-04 18:00:00-06:00,0.15926,0.0,-0.04606169511829872,-0.0,1.4318078164338832
2025-06-05 18:00:00-06:00,0.16431,0.0,0.03170915484114034,0.0,1.4318078164338832
2025-06-06 18:00:00-06:00,0.16868,0.0,0.026596068407278795,0.0,1.4318078164338832
2025-06-07 18:00:00-06:00,0.16915,0.0,0.002786341000711401,0.0,1.4318078164338832
2025-06-08 18:00:00-06:00,0.17787,0.0,0.05155187703221986,0.0,1.4318078164338832
2025-06-09 18:00:00-06:00,0.1801,0.0,0.012537246303480076,0.0,1.4318078164338832
2025-06-10 18:00:00-06:00,0.17277,0.0,-0.040699611327040586,-0.0,1.4318078164338832
2025-06-11 18:00:00-06:00,0.16274,0.0,-0.058054060311396705,-0.0,1.4318078164338832
2025-06-12 18:00:00-06:00,0.15886,0.0,-0.02384171070419072,-0.0,1.4318078164338832
2025-06-13 18:00:00-06:00,0.15487,0.0,-0.025116454740022665,-0.0,1.4318078164338832
2025-06-14 18:00:00-06:00,0.15431,0.0,-0.0036159359462775154,-0.0,1.4318078164338832
2025-06-15 18:00:00-06:00,0.1533,0.0,-0.006545266022940921,-0.0,1.4318078164338832
2025-06-16 18:00:00-06:00,0.14849,0.0,-0.031376386170906545,-0.0,1.4318078164338832
2025-06-17 18:00:00-06:00,0.14778,0.0,-0.004781466765438891,-0.0,1.4318078164338832
2025-06-18 18:00:00-06:00,0.14764,0.0,-0.000947354175125148,-0.0,1.4318078164338832
2025-06-19 18:00:00-06:00,0.1445,0.0,-0.021267949065293945,-0.0,1.4318078164338832
2025-06-20 18:00:00-06:00,0.1379,0.0,-0.04567474048442899,-0.0,1.4318078164338832
2025-06-21 18:00:00-06:00,0.13353,0.0,-0.031689630166787386,-0.0,1.4318078164338832
2025-06-22 18:00:00-06:00,0.15144,0.0,0.13412716243540768,0.0,1.4318078164338832
2025-06-23 18:00:00-06:00,0.15391,0.0,0.01631008980454296,0.0,1.4318078164338832
2025-06-24 18:00:00-06:00,0.14973,0.0,-0.027158729127412018,-0.0,1.4318078164338832
2025-06-25 18:00:00-06:00,0.14269,0.0,-0.04701796567154204,-0.0,1.4318078164338832
2025-06-26 18:00:00-06:00,0.14591,0.0,0.022566402691148735,0.0,1.4318078164338832
2025-06-27 18:00:00-06:00,0.1477,0.0,0.012267836337468196,0.0,1.4318078164338832
2025-06-28 18:00:00-06:00,0.1526,0.0,0.033175355450236976,0.0,1.4318078164338832
2025-06-29 18:00:00-06:00,0.14993,0.0,-0.017496723460026287,-0.0,1.4318078164338832
2025-06-30 18:00:00-06:00,0.1446,0.0,-0.03554992329753881,-0.0,1.4318078164338832
2025-07-01 18:00:00-06:00,0.15533,0.0,0.0742047026279391,0.0,1.4318078164338832
2025-07-02 18:00:00-06:00,0.15892,0.0,0.0231120839502994,0.0,1.4318078164338832
2025-07-03 18:00:00-06:00,0.15293,1.0,-0.03769192046312608,-0.03789192046312608,1.3775538685350883
2025-07-04 18:00:00-06:00,0.15413,1.0,0.007846727260838238,0.007846727260838238,1.3883631580285958
2025-07-05 18:00:00-06:00,0.15921,1.0,0.0329591902939077,0.0329591902939077,1.4341224835511108
2025-07-06 18:00:00-06:00,0.15836,1.0,-0.005338860624332531,-0.005338860624332531,1.42646590349321
2025-07-07 18:00:00-06:00,0.16066,1.0,0.01452386966405661,0.01452386966405661,1.447183708355766
2025-07-08 18:00:00-06:00,0.17081,1.0,0.06317689530685922,0.06317689530685922,1.5386122819883505
2025-07-09 18:00:00-06:00,0.18981,1.0,0.11123470522803136,0.11123470522803136,1.7097593656355534
2025-07-10 18:00:00-06:00,0.1938,1.0,0.02102102102102088,0.02102102102102088,1.7457002532014656
2025-07-11 18:00:00-06:00,0.19731,1.0,0.01811145510835921,0.01811145510835921,1.7773174249699752
2025-07-12 18:00:00-06:00,0.24121,1.0,0.22249252445390488,0.22249252445390488,2.1727572656074585
2025-07-13 18:00:00-06:00,0.23686,1.0,-0.018034078189129943,-0.018034078189129943,2.1335735911934934
2025-07-14 18:00:00-06:00,0.23301,1.0,-0.016254327450814787,-0.016254327450814787,2.0988937874018236
2025-07-15 18:00:00-06:00,0.23606,1.0,0.013089566971374644,0.013089566971374644,2.126367398197822
2025-07-16 18:00:00-06:00,0.27655,1.0,0.1715241887655683,0.1715241887655683,2.4910908411912556
2025-07-17 18:00:00-06:00,0.25933,1.0,-0.062267221117338734,-0.062267221117338734,2.3359775369594225
2025-07-18 18:00:00-06:00,0.26633,1.0,0.02699263486677217,0.02699263486677217,2.39903172567155
2025-07-19 18:00:00-06:00,0.27073,1.0,0.01652085758269828,0.01652085758269828,2.4386657871477446
2025-07-20 18:00:00-06:00,0.27103,1.0,0.0011081150962211073,0.0011081150962211073,2.441368109521121
2025-07-21 18:00:00-06:00,0.27537,1.0,0.016012987492159514,0.016012987492159514,2.4804617065226395
2025-07-22 18:00:00-06:00,0.24516,1.0,-0.10970693975378587,-0.10970693975378587,2.2083378435235876
2025-07-23 18:00:00-06:00,0.23892,1.0,-0.02545276554087128,-0.02545276554087128,2.1521295381573484
2025-07-24 18:00:00-06:00,0.25849,1.0,0.08191026284948943,0.08191026284948943,2.3284110343139672
2025-07-25 18:00:00-06:00,0.27976,1.0,0.08228558164725919,0.08228558164725919,2.5200056905863883
2025-07-26 18:00:00-06:00,0.29166,1.0,0.04253645982270515,0.04253645982270515,2.6271978113970045
2025-07-27 18:00:00-06:00,0.27151,1.0,-0.06908729342384967,-0.06908729342384967,2.445691825318524
2025-07-28 18:00:00-06:00,0.26365,1.0,-0.028949209973849865,-0.028949209973849865,2.3748909791360497
2025-07-29 18:00:00-06:00,0.25569,1.0,-0.030191541816802614,-0.030191541816802614,2.3031893588291164
2025-07-30 18:00:00-06:00,0.25087,1.0,-0.01885095232508116,-0.01885095232508116,2.259772046030194
2025-07-31 18:00:00-06:00,0.24099,1.0,-0.039382947343245434,-0.039382947343245434,2.170775562533649
2025-08-01 18:00:00-06:00,0.22997,1.0,-0.04572803850782192,-0.04572803850782192,2.0715102540182713
2025-08-02 18:00:00-06:00,0.24846,1.0,0.08040179153802662,0.08040179153802662,2.238063389630733
2025-08-03 18:00:00-06:00,0.25067,0.0,0.008894791918216294,-0.0002,2.237615776952807
2025-08-04 18:00:00-06:00,0.23918,0.0,-0.045837156420792224,-0.0,2.237615776952807
2025-08-05 18:00:00-06:00,0.2445,0.0,0.022242662429968973,0.0,2.237615776952807
2025-08-06 18:00:00-06:00,0.25972,0.0,0.062249488752556204,0.0,2.237615776952807
2025-08-07 18:00:00-06:00,0.26173,0.0,0.007739103650084678,0.0,2.237615776952807
2025-08-08 18:00:00-06:00,0.26584,0.0,0.01570320559355065,0.0,2.237615776952807
2025-08-09 18:00:00-06:00,0.25919,0.0,-0.025015046644598415,-0.0,2.237615776952807
2025-08-10 18:00:00-06:00,0.24637,0.0,-0.049461784791079766,-0.0,2.237615776952807
2025-08-11 18:00:00-06:00,0.26096,0.0,0.05921987254941752,0.0,2.237615776952807
2025-08-12 18:00:00-06:00,0.26614,1.0,0.019849785407725085,0.019649785407725086,2.2815844467948696
2025-08-13 18:00:00-06:00,0.24845,1.0,-0.06646877583226862,-0.06646877583226862,2.129930321658471
2025-08-14 18:00:00-06:00,0.24739,1.0,-0.004266452002415044,-0.004266452002415044,2.1208430761726267
2025-08-15 18:00:00-06:00,0.25218,1.0,0.019362140749423995,0.019362140749423995,2.1619071383209225
2025-08-16 18:00:00-06:00,0.25194,1.0,-0.0009517011658339847,-0.0009517011658339847,2.159849648776958
2025-08-17 18:00:00-06:00,0.24489,1.0,-0.0279828530602525,-0.0279828530602525,2.0994108934229945
2025-08-18 18:00:00-06:00,0.23141,1.0,-0.05504512229980807,-0.05504512229980807,1.9838485640369765
2025-08-19 18:00:00-06:00,0.24157,0.0,0.04390475778920533,-0.0002,1.9834517943241692
2025-08-20 18:00:00-06:00,0.23544,0.0,-0.025375667508382604,-0.0,1.9834517943241692
2025-08-21 18:00:00-06:00,0.25695,0.0,0.09136085626911306,0.0,1.9834517943241692
2025-08-22 18:00:00-06:00,0.25337,0.0,-0.013932671726016865,-0.0,1.9834517943241692
2025-08-23 18:00:00-06:00,0.24807,0.0,-0.02091802502269402,-0.0,1.9834517943241692
2025-08-24 18:00:00-06:00,0.23058,0.0,-0.0705042931430645,-0.0,1.9834517943241692
2025-08-25 18:00:00-06:00,0.24165,0.0,0.04800936768149877,0.0,1.9834517943241692
2025-08-26 18:00:00-06:00,0.2375,0.0,-0.017173598179184846,-0.0,1.9834517943241692
2025-08-27 18:00:00-06:00,0.2391,0.0,0.006736842105263152,0.0,1.9834517943241692
2025-08-28 18:00:00-06:00,0.22784,0.0,-0.047093266415725754,-0.0,1.9834517943241692
2025-08-29 18:00:00-06:00,0.22564,0.0,-0.00965589887640439,-0.0,1.9834517943241692
2025-08-30 18:00:00-06:00,0.21887,0.0,-0.030003545470661197,-0.0,1.9834517943241692
2025-08-31 18:00:00-06:00,0.21459,0.0,-0.01955498697857183,-0.0,1.9834517943241692
2025-09-01 18:00:00-06:00,0.22055,0.0,0.027773894403280597,0.0,1.9834517943241692
2025-09-02 18:00:00-06:00,0.21921,0.0,-0.006075719791430512,-0.0,1.9834517943241692
2025-09-03 18:00:00-06:00,0.21339,0.0,-0.02654988367319011,-0.0,1.9834517943241692
2025-09-04 18:00:00-06:00,0.21818,0.0,0.02244716247246825,0.0,1.9834517943241692
2025-09-05 18:00:00-06:00,0.21449,0.0,-0.016912640938674617,-0.0,1.9834517943241692
2025-09-06 18:00:00-06:00,0.21946,0.0,0.02317124341461141,0.0,1.9834517943241692
2025-09-07 18:00:00-06:00,0.22611,0.0,0.030301649503326367,0.0,1.9834517943241692
2025-09-08 18:00:00-06:00,0.22798,0.0,0.008270310910618583,0.0,1.9834517943241692
2025-09-09 18:00:00-06:00,0.23414,0.0,0.02701991402754622,0.0,1.9834517943241692
2025-09-10 18:00:00-06:00,0.23966,0.0,0.023575638506876384,0.0,1.9834517943241692
2025-09-11 18:00:00-06:00,0.24543,0.0,0.02407577401318539,0.0,1.9834517943241692
2025-09-12 18:00:00-06:00,0.24811,1.0,0.010919610479566355,0.010719610479566355,2.0047136249643214
2025-09-13 18:00:00-06:00,0.24058,1.0,-0.030349441779855768,-0.030349441779855768,1.943871685518183
2025-09-14 18:00:00-06:00,0.24091,1.0,0.0013716850943554793,0.0013716850943554793,1.9465380653345479
