date,close,pos,ret,strat_ret,equity
2019-12-31 18:00:00-06:00,7197.57,0.0,0.0,0.0,1.0
2020-01-01 18:00:00-06:00,6962.04,1.0,-0.03272354419616619,-0.032923544196166186,0.9670764558038338
2020-01-02 18:00:00-06:00,7341.72,1.0,0.05453573952462221,0.05453573952462221,1.0198166854979465
2020-01-03 18:00:00-06:00,7350.71,1.0,0.0012245086982340947,0.0012245086982340947,1.021065459899943
2020-01-04 18:00:00-06:00,7354.36,1.0,0.0004965506733363156,0.0004965506733363156,1.0215724706415767
2020-01-05 18:00:00-06:00,7757.39,1.0,0.05480150550149854,0.05480150550149854,1.0775561800116205
2020-01-06 18:00:00-06:00,8152.49,1.0,0.05093207895954688,0.05093207895954688,1.13243835645532
2020-01-07 18:00:00-06:00,8059.84,1.0,-0.011364626022233648,-0.011364626022233648,1.1195686180409723
2020-01-08 18:00:00-06:00,7818.59,1.0,-0.029932355977289826,-0.029932355977289826,1.0860572916247675
2020-01-09 18:00:00-06:00,8207.09,1.0,0.049689266223193584,0.049689266223193584,1.1400226815219512
2020-01-10 18:00:00-06:00,8020.56,1.0,-0.022727909648852407,-0.022727909648852407,1.1141123490186777
2020-01-11 18:00:00-06:00,8186.7,1.0,0.020714264340644384,0.020714264340644384,1.137190366721427
2020-01-12 18:00:00-06:00,8113.0,1.0,-0.009002406341993674,-0.009002406341993674,1.1269529169519998
2020-01-13 18:00:00-06:00,8825.0,1.0,0.0877603845679773,0.0877603845679773,1.225854738333711
2020-01-14 18:00:00-06:00,8825.3,1.0,3.3994334277531735e-05,3.3994334277531735e-05,1.2258964104494616
2020-01-15 18:00:00-06:00,8725.08,1.0,-0.011355987898428288,-0.011355987898428288,1.2119751456476708
2020-01-16 18:00:00-06:00,8918.72,1.0,0.022193492781727997,0.022193492781727997,1.238873107294236
2020-01-17 18:00:00-06:00,8925.0,1.0,0.000704136916508169,0.000704136916508169,1.239745443583951
2020-01-18 18:00:00-06:00,8705.85,1.0,-0.024554621848739466,-0.024554621848739466,1.2093039630280493
2020-01-19 18:00:00-06:00,8650.0,1.0,-0.006415226543071695,-0.006415226543071695,1.20154600414579
2020-01-20 18:00:00-06:00,8742.43,1.0,0.010685549132948058,0.010685549132948058,1.2143851830085872
2020-01-21 18:00:00-06:00,8684.57,1.0,-0.0066182972011215035,-0.0066182972011215035,1.206348020950798
2020-01-22 18:00:00-06:00,8409.6,1.0,-0.03166190151037984,-0.03166190151037984,1.1681527487242123
2020-01-23 18:00:00-06:00,8441.96,1.0,0.0038479832572297923,0.0038479832572297923,1.1726477809431899
2020-01-24 18:00:00-06:00,8344.64,1.0,-0.011528128538870086,-0.011528128538870086,1.159129346593656
2020-01-25 18:00:00-06:00,8611.21,1.0,0.03194505694673455,0.03194505694673455,1.1961577995792216
2020-01-26 18:00:00-06:00,8913.61,1.0,0.035117016075557395,0.035117016075557395,1.2381632922559485
2020-01-27 18:00:00-06:00,9398.98,1.0,0.054452685275662605,0.054452685275662605,1.3055846083290399
2020-01-28 18:00:00-06:00,9311.0,1.0,-0.009360590191701657,-0.009360590191701657,1.2933635658498783
2020-01-29 18:00:00-06:00,9525.67,1.0,0.023055525722263992,0.023055525722263992,1.3231827428105694
2020-01-30 18:00:00-06:00,9364.51,1.0,-0.016918494972007148,-0.016918494972007148,1.3007964822292821
2020-01-31 18:00:00-06:00,9392.74,1.0,0.0030145731063344616,0.0030145731063344616,1.304717828321425
2020-02-01 18:00:00-06:00,9338.2,1.0,-0.005806612341020756,-0.005806612341020756,1.297141837677944
2020-02-02 18:00:00-06:00,9300.64,1.0,-0.004022188430318652,-0.004022188430318652,1.2919244887859536
2020-02-03 18:00:00-06:00,9198.35,1.0,-0.01099816786801755,-0.01099816786801755,1.2777156863854828
2020-02-04 18:00:00-06:00,9630.0,1.0,0.04692689449738263,0.04692689449738263,1.337674915598145
2020-02-05 18:00:00-06:00,9778.12,1.0,0.015381100726895136,0.015381100726895136,1.3582498282148012
2020-02-06 18:00:00-06:00,9821.52,1.0,0.004438481016800777,0.004438481016800777,1.3642783942934056
2020-02-07 18:00:00-06:00,9906.43,1.0,0.008645301338285671,0.008645301338285671,1.3760729921213846
2020-02-08 18:00:00-06:00,10167.38,1.0,0.026341477202180608,0.026341477202180608,1.4123207874718864
2020-02-09 18:00:00-06:00,9865.56,1.0,-0.02968513028921904,-0.02968513028921904,1.370395860885611
2020-02-10 18:00:00-06:00,10229.06,1.0,0.03684534887021118,0.03684534887021118,1.4208885744702349
2020-02-11 18:00:00-06:00,10339.99,1.0,0.010844593735885866,0.010844593735885866,1.4362975338043267
2020-02-12 18:00:00-06:00,10239.63,1.0,-0.009706005518380634,-0.009706005518380634,1.4223568220151854
2020-02-13 18:00:00-06:00,10356.82,1.0,0.011444749468486615,0.011444749468486615,1.438635339497942
2020-02-14 18:00:00-06:00,9914.99,1.0,-0.04266077811529023,-0.04266077811529023,1.3772620364908053
2020-02-15 18:00:00-06:00,9921.86,1.0,0.0006928902601011089,0.0006928902601011089,1.3782163279414967
2020-02-16 18:00:00-06:00,9716.0,1.0,-0.020748125855434396,-0.020748125855434396,1.349620922113352
2020-02-17 18:00:00-06:00,10174.32,1.0,0.04717167558666113,0.04717167558666113,1.4132848024162534
2020-02-18 18:00:00-06:00,9593.65,1.0,-0.05707211882464869,-0.05707211882464869,1.3326256442396829
2020-02-19 18:00:00-06:00,9601.99,1.0,0.0008693250222804316,0.0008693250222804316,1.333784129057553
2020-02-20 18:00:00-06:00,9681.39,1.0,0.008269119213829557,0.008269119213829557,1.3448133490262437
2020-02-21 18:00:00-06:00,9659.2,0.0,-0.00229202624829683,-0.0002,1.3445443863564386
2020-02-22 18:00:00-06:00,9943.12,0.0,0.029393738611893427,0.0,1.3445443863564386
2020-02-23 18:00:00-06:00,9662.95,0.0,-0.02817727232498457,-0.0,1.3445443863564386
2020-02-24 18:00:00-06:00,9326.0,0.0,-0.034870303582239415,-0.0,1.3445443863564386
2020-02-25 18:00:00-06:00,8792.22,0.0,-0.05723568518121391,-0.0,1.3445443863564386
2020-02-26 18:00:00-06:00,8828.0,0.0,0.004069506904968323,0.0,1.3445443863564386
2020-02-27 18:00:00-06:00,8699.57,0.0,-0.014548028998640716,-0.0,1.3445443863564386
2020-02-28 18:00:00-06:00,8531.98,0.0,-0.019264170527968694,-0.0,1.3445443863564386
2020-02-29 18:00:00-06:00,8537.84,0.0,0.0006868276765767956,0.0,1.3445443863564386
2020-03-01 18:00:00-06:00,8919.7,0.0,0.044725598043533266,0.0,1.3445443863564386
2020-03-02 18:00:00-06:00,8765.0,0.0,-0.017343632633384565,-0.0,1.3445443863564386
2020-03-03 18:00:00-06:00,8756.93,0.0,-0.000920707358813444,-0.0,1.3445443863564386
2020-03-04 18:00:00-06:00,9062.81,0.0,0.034930049686362485,0.0,1.3445443863564386
2020-03-05 18:00:00-06:00,9139.48,0.0,0.008459848545870452,0.0,1.3445443863564386
2020-03-06 18:00:00-06:00,8897.18,0.0,-0.026511355131801695,-0.0,1.3445443863564386
2020-03-07 18:00:00-06:00,8038.46,0.0,-0.09651597472457563,-0.0,1.3445443863564386
2020-03-08 18:00:00-06:00,7932.15,0.0,-0.01322516999524792,-0.0,1.3445443863564386
2020-03-09 18:00:00-06:00,7897.66,0.0,-0.004348127556841441,-0.0,1.3445443863564386
2020-03-10 18:00:00-06:00,7938.39,0.0,0.005157223785273057,0.0,1.3445443863564386
2020-03-11 18:00:00-06:00,4764.65,0.0,-0.3997964322740506,-0.0,1.3445443863564386
2020-03-12 18:00:00-06:00,5570.26,0.0,0.16908062501967636,0.0,1.3445443863564386
2020-03-13 18:00:00-06:00,5167.01,0.0,-0.07239338917752491,-0.0,1.3445443863564386
2020-03-14 18:00:00-06:00,5357.32,0.0,0.036831746019458045,0.0,1.3445443863564386
2020-03-15 18:00:00-06:00,5026.26,0.0,-0.06179582328477662,-0.0,1.3445443863564386
2020-03-16 18:00:00-06:00,5307.38,0.0,0.055930254304393356,0.0,1.3445443863564386
2020-03-17 18:00:00-06:00,5389.64,0.0,0.015499172849880782,0.0,1.3445443863564386
2020-03-18 18:00:00-06:00,6159.6,0.0,0.14285926332742083,0.0,1.3445443863564386
2020-03-19 18:00:00-06:00,6203.77,0.0,0.0071709201896226205,0.0,1.3445443863564386
2020-03-20 18:00:00-06:00,6183.69,0.0,-0.0032367415297474,-0.0,1.3445443863564386
2020-03-21 18:00:00-06:00,5810.17,0.0,-0.06040406294623435,-0.0,1.3445443863564386
2020-03-22 18:00:00-06:00,6463.84,0.0,0.11250445339809345,0.0,1.3445443863564386
2020-03-23 18:00:00-06:00,6741.33,0.0,0.04292958984133266,0.0,1.3445443863564386
2020-03-24 18:00:00-06:00,6673.41,0.0,-0.010075163209633753,-0.0,1.3445443863564386
2020-03-25 18:00:00-06:00,6733.76,0.0,0.009043352648795855,0.0,1.3445443863564386
2020-03-26 18:00:00-06:00,6353.64,0.0,-0.05644988832390818,-0.0,1.3445443863564386
2020-03-27 18:00:00-06:00,6230.95,1.0,-0.019310190693838547,-0.019510190693838546,1.3183120689822945
2020-03-28 18:00:00-06:00,5876.27,1.0,-0.05692229916786351,-0.05692229916786351,1.2432707149950792
2020-03-29 18:00:00-06:00,6391.08,1.0,0.08760829573862328,0.08760829573862328,1.3521915434775378
2020-03-30 18:00:00-06:00,6407.1,1.0,0.0025066185996733825,0.0025066185996733825,1.3555809719507397
2020-03-31 18:00:00-06:00,6641.51,1.0,0.036585974934057575,0.036585974934057575,1.4051762234116147
2020-04-01 18:00:00-06:00,6791.63,1.0,0.0226032935281284,0.0226032935281284,1.4369378340481345
2020-04-02 18:00:00-06:00,6729.8,1.0,-0.009103852830616543,-0.009103852830616543,1.4238561634802154
2020-04-03 18:00:00-06:00,6851.1,1.0,0.018024309786323522,0.018024309786323522,1.4495201880619488
2020-04-04 18:00:00-06:00,6768.9,1.0,-0.011998073302097567,-0.011998073302097567,1.4321287385927113
2020-04-05 18:00:00-06:00,7325.73,1.0,0.08226299694189598,0.08226299694189598,1.5499399406359649
2020-04-06 18:00:00-06:00,7192.9,1.0,-0.01813198138615535,-0.01813198138615535,1.5218364584826949
2020-04-07 18:00:00-06:00,7357.66,1.0,0.02290592111665668,0.02290592111665668,1.5566955243531517
2020-04-08 18:00:00-06:00,7278.65,1.0,-0.010738468480468,-0.010738468480468,1.5399789985311998
2020-04-09 18:00:00-06:00,6857.82,1.0,-0.05781704024784817,-0.05781704024784817,1.4509419707922806
2020-04-10 18:00:00-06:00,6874.18,1.0,0.0023855977555551355,0.0023855977555551355,1.4544033347012435
2020-04-11 18:00:00-06:00,6900.52,1.0,0.003831729748130064,0.003831729748130064,1.4599762152245979
2020-04-12 18:00:00-06:00,6834.0,1.0,-0.0096398532284524,-0.0096398532284524,1.4459022587928012
2020-04-13 18:00:00-06:00,6864.11,1.0,0.004405911618378555,0.004405911618378555,1.452272776353856
2020-04-14 18:00:00-06:00,6616.89,1.0,-0.036016322582242855,-0.036016322582242855,1.3999672515632862
2020-04-15 18:00:00-06:00,7098.15,1.0,0.07273205388029713,0.07273205388029713,1.5017897451346385
2020-04-16 18:00:00-06:00,7022.44,1.0,-0.010666159492262128,-0.010666159492262128,1.4857714161891886
2020-04-17 18:00:00-06:00,7242.42,1.0,0.0313252943421376,0.0313252943421376,1.5323136431264497
2020-04-18 18:00:00-06:00,7118.03,1.0,-0.017175198345304565,-0.017175198345304565,1.5059958523785366
2020-04-19 18:00:00-06:00,6825.29,1.0,-0.041126547654336876,-0.041126547654336876,1.444059442188457
2020-04-20 18:00:00-06:00,6838.0,1.0,0.0018621919361667683,0.0018621919361667683,1.4467485580370458
2020-04-21 18:00:00-06:00,7120.06,0.0,0.04124890318806673,-0.0002,1.4464592083254384
2020-04-22 18:00:00-06:00,7483.35,1.0,0.05102344643163126,0.05082344643163126,1.519973250415306
2020-04-23 18:00:00-06:00,7504.11,1.0,0.002774158632163237,0.002774158632163237,1.524189897328603
2020-04-24 18:00:00-06:00,7534.01,1.0,0.003984483169889641,0.003984483169889641,1.5302630063222247
2020-04-25 18:00:00-06:00,7694.17,1.0,0.021258267509599804,0.021258267509599804,1.562793746670667
2020-04-26 18:00:00-06:00,7774.0,1.0,0.010375388118536444,0.010375388118536444,1.579008338341597
2020-04-27 18:00:00-06:00,7735.75,1.0,-0.004920246977103138,-0.004920246977103138,1.571239227338051
2020-04-28 18:00:00-06:00,8784.2,1.0,0.1355330769479366,0.1355330769479366,1.7841941144404756
2020-04-29 18:00:00-06:00,8624.76,1.0,-0.018150770701942154,-0.018150770701942154,1.7518096161815118
2020-04-30 18:00:00-06:00,8830.52,1.0,0.023856895728113114,0.023856895728113114,1.79360235553026
2020-05-01 18:00:00-06:00,8975.18,1.0,0.016381821229100924,0.016381821229100924,1.822984828674651
2020-05-02 18:00:00-06:00,8900.0,1.0,-0.008376433675982065,-0.008376433675982065,1.8077147171649364
2020-05-03 18:00:00-06:00,8873.98,1.0,-0.0029235955056180485,-0.0029235955056180485,1.8024296905423933
2020-05-04 18:00:00-06:00,9022.78,1.0,0.01676812433654362,0.01676812433654362,1.8326530557012861
2020-05-05 18:00:00-06:00,9148.27,1.0,0.013908130310170463,0.013908130310170463,1.8581418332133117
2020-05-06 18:00:00-06:00,9995.0,1.0,0.09255629752947825,0.09255629752947825,2.0301245615801733
2020-05-07 18:00:00-06:00,9807.49,1.0,-0.018760380190095072,-0.018760380190095072,1.9920386529716791
2020-05-08 18:00:00-06:00,9550.67,1.0,-0.02618610878012617,-0.02618610878012617,1.9398749121107468
2020-05-09 18:00:00-06:00,8719.53,1.0,-0.08702426112513562,-0.08702426112513562,1.7710587312091217
2020-05-10 18:00:00-06:00,8561.09,1.0,-0.018170704154925832,-0.018170704154925832,1.7388773469633225
2020-05-11 18:00:00-06:00,8808.71,1.0,0.028923887028403872,0.028923887028403872,1.7891724389031403
2020-05-12 18:00:00-06:00,9305.91,1.0,0.05644413313640717,0.05644413313640717,1.8901607262485793
2020-05-13 18:00:00-06:00,9786.8,1.0,0.051675763036607814,0.051675763036607814,1.9878362240393035
2020-05-14 18:00:00-06:00,9310.73,1.0,-0.04864409204234277,-0.04864409204234277,1.8911397357920325
2020-05-15 18:00:00-06:00,9374.99,1.0,0.006901714473516174,0.006901714473516174,1.90419184227799
2020-05-16 18:00:00-06:00,9678.57,1.0,0.032381901207361174,0.032381901207361174,1.965853194394499
2020-05-17 18:00:00-06:00,9731.1,1.0,0.0054274546756392095,0.0054274546756392095,1.9765227735060358
2020-05-18 18:00:00-06:00,9773.64,1.0,0.004371551006566499,0.004371551006566499,1.9851632436260578
2020-05-19 18:00:00-06:00,9508.11,1.0,-0.027167974265473127,-0.027167974265473127,1.931230379710462
2020-05-20 18:00:00-06:00,9060.0,1.0,-0.047129240196001176,-0.047129240196001176,1.840212959271273
2020-05-21 18:00:00-06:00,9166.4,1.0,0.01174392935982338,0.01174392935982338,1.8618242902719864
2020-05-22 18:00:00-06:00,9176.41,1.0,0.0010920317681968328,0.0010920317681968328,1.863857461543764
2020-05-23 18:00:00-06:00,8711.37,1.0,-0.05067777050066413,-0.05067777050066413,1.7694013208616988
2020-05-24 18:00:00-06:00,8895.65,0.0,0.021153963153901056,-0.0002,1.7690474405975265
2020-05-25 18:00:00-06:00,8837.05,0.0,-0.006587489390882051,-0.0,1.7690474405975265
2020-05-26 18:00:00-06:00,9197.32,0.0,0.040768129636021166,0.0,1.7690474405975265
2020-05-27 18:00:00-06:00,9569.59,0.0,0.040475921246624136,0.0,1.7690474405975265
2020-05-28 18:00:00-06:00,9422.26,0.0,-0.015395643909509205,-0.0,1.7690474405975265
2020-05-29 18:00:00-06:00,9695.0,0.0,0.028946346205687368,0.0,1.7690474405975265
2020-05-30 18:00:00-06:00,9446.43,0.0,-0.025638989169675108,-0.0,1.7690474405975265
2020-05-31 18:00:00-06:00,10232.48,0.0,0.08321132957106547,0.0,1.7690474405975265
2020-06-01 18:00:00-06:00,9514.9,1.0,-0.07012767188403979,-0.0703276718840398,1.6446344526478833
2020-06-02 18:00:00-06:00,9663.59,1.0,0.015627069123164805,0.015627069123164805,1.67033526892175
2020-06-03 18:00:00-06:00,9788.33,1.0,0.01290824631425802,0.01290824631425802,1.6918963680003845
2020-06-04 18:00:00-06:00,9617.29,1.0,-0.01747386939345108,-0.01747386939345108,1.6623323918386914
2020-06-05 18:00:00-06:00,9664.0,1.0,0.004856877561142392,0.004856877561142392,1.6704061367317729
2020-06-06 18:00:00-06:00,9743.92,1.0,0.008269867549668852,0.008269867549668852,1.6842201742366987
2020-06-07 18:00:00-06:00,9778.87,1.0,0.0035868521088022742,0.0035868521088022742,1.6902612229203469
2020-06-08 18:00:00-06:00,9771.66,1.0,-0.0007373040034278633,-0.0007373040034278633,1.6890149865538489
2020-06-09 18:00:00-06:00,9884.99,1.0,0.011597824729882023,0.011597824729882023,1.7086038863340445
2020-06-10 18:00:00-06:00,9278.03,1.0,-0.06140218654748253,-0.06140218654748253,1.6036918717696078
2020-06-11 18:00:00-06:00,9458.91,1.0,0.01949551790627968,0.01949551790627968,1.6349566753718474
2020-06-12 18:00:00-06:00,9468.54,1.0,0.0010180877077803352,0.0010180877077803352,1.6366212046657969
2020-06-13 18:00:00-06:00,9339.61,1.0,-0.013616671630473198,-0.013616671630473198,1.6143358711383933
2020-06-14 18:00:00-06:00,9422.01,1.0,0.008822638204379007,0.008822638204379007,1.6285785724697983
2020-06-15 18:00:00-06:00,9519.12,0.0,0.010306717993294523,-0.0002,1.6282528567553043
2020-06-16 18:00:00-06:00,9458.45,0.0,-0.006373488305641661,-0.0,1.6282528567553043
2020-06-17 18:00:00-06:00,9381.59,0.0,-0.008126067167453455,-0.0,1.6282528567553043
2020-06-18 18:00:00-06:00,9307.0,0.0,-0.00795067787016912,-0.0,1.6282528567553043
2020-06-19 18:00:00-06:00,9354.04,0.0,0.005054260234232499,0.0,1.6282528567553043
2020-06-20 18:00:00-06:00,9293.51,0.0,-0.006471000765444712,-0.0,1.6282528567553043
2020-06-21 18:00:00-06:00,9686.99,0.0,0.04233922382393729,0.0,1.6282528567553043
2020-06-22 18:00:00-06:00,9631.66,0.0,-0.005711784568787626,-0.0,1.6282528567553043
2020-06-23 18:00:00-06:00,9298.4,0.0,-0.03460047385393594,-0.0,1.6282528567553043
2020-06-24 18:00:00-06:00,9246.75,0.0,-0.00555471909145655,-0.0,1.6282528567553043
2020-06-25 18:00:00-06:00,9159.99,0.0,-0.009382756103495815,-0.0,1.6282528567553043
2020-06-26 18:00:00-06:00,9008.0,0.0,-0.01659281287424985,-0.0,1.6282528567553043
2020-06-27 18:00:00-06:00,9114.0,0.0,0.011767317939609168,0.0,1.6282528567553043
2020-06-28 18:00:00-06:00,9189.48,0.0,0.008281764318630591,0.0,1.6282528567553043
2020-06-29 18:00:00-06:00,9138.87,0.0,-0.005507384531007076,-0.0,1.6282528567553043
2020-06-30 18:00:00-06:00,9233.29,0.0,0.010331693086782057,0.0,1.6282528567553043
2020-07-01 18:00:00-06:00,9087.72,0.0,-0.015765777962134964,-0.0,1.6282528567553043
2020-07-02 18:00:00-06:00,9057.52,0.0,-0.003323165766550784,-0.0,1.6282528567553043
2020-07-03 18:00:00-06:00,9137.18,0.0,0.00879490191575627,0.0,1.6282528567553043
2020-07-04 18:00:00-06:00,9071.86,0.0,-0.00714881396667244,-0.0,1.6282528567553043
2020-07-05 18:00:00-06:00,9339.6,0.0,0.029513242047386035,0.0,1.6282528567553043
2020-07-06 18:00:00-06:00,9258.51,0.0,-0.008682384684568945,-0.0,1.6282528567553043
2020-07-07 18:00:00-06:00,9436.08,0.0,0.01917911197374078,0.0,1.6282528567553043
2020-07-08 18:00:00-06:00,9236.28,0.0,-0.021174046849963046,-0.0,1.6282528567553043
2020-07-09 18:00:00-06:00,9288.39,0.0,0.005641881796567327,0.0,1.6282528567553043
2020-07-10 18:00:00-06:00,9233.5,1.0,-0.00590952791603272,-0.006109527916032719,1.6183050004725978
2020-07-11 18:00:00-06:00,9300.69,1.0,0.007276763957329235,0.007276763957329235,1.6300810239720025
2020-07-12 18:00:00-06:00,9241.2,1.0,-0.006396299629382263,-0.006396299629382263,1.6196545373225073
2020-07-13 18:00:00-06:00,9254.17,1.0,0.0014034973812924179,0.0014034973812924179,1.6219277182242378
2020-07-14 18:00:00-06:00,9197.3,1.0,-0.006145337723426403,-0.006145337723426403,1.6119604246327635
2020-07-15 18:00:00-06:00,9132.0,1.0,-0.007099909756123957,-0.007099909756123957,1.6005156510874277
2020-07-16 18:00:00-06:00,9151.69,1.0,0.0021561541830925623,0.0021561541830925623,1.603966609603625
2020-07-17 18:00:00-06:00,9171.8,1.0,0.0021974083475291284,0.0021974083475291284,1.6074911792207258
2020-07-18 18:00:00-06:00,9210.51,0.0,0.00422054558538143,-0.0002,1.6071696809848817
2020-07-19 18:00:00-06:00,9161.13,0.0,-0.005361266639958173,-0.0,1.6071696809848817
2020-07-20 18:00:00-06:00,9388.01,0.0,0.02476550381885212,0.0,1.6071696809848817
2020-07-21 18:00:00-06:00,9518.25,0.0,0.013873014621841984,0.0,1.6071696809848817
2020-07-22 18:00:00-06:00,9604.41,1.0,0.009052084154125062,0.008852084154125061,1.6213964822509181
2020-07-23 18:00:00-06:00,9539.7,1.0,-0.006737529947180465,-0.006737529947180465,1.6104722748954996
2020-07-24 18:00:00-06:00,9701.49,1.0,0.01695965281927103,0.01695965281927103,1.637785325552789
2020-07-25 18:00:00-06:00,9939.69,1.0,0.024552929498458553,0.024552929498458553,1.6779977531846966
2020-07-26 18:00:00-06:00,11047.58,1.0,0.11146122263370373,0.11146122263370373,1.8650294343312708
2020-07-27 18:00:00-06:00,10919.94,1.0,-0.01155366152587256,-0.01155366152587256,1.8434815155112176
2020-07-28 18:00:00-06:00,11113.03,1.0,0.017682331587902445,0.017682331587902445,1.876078566944656
2020-07-29 18:00:00-06:00,11111.96,1.0,-9.628337186184943e-05,-9.628337186184943e-05,1.875897931774353
2020-07-30 18:00:00-06:00,11343.68,1.0,0.02085320681499936,0.02085320681499936,1.915016419309473
2020-07-31 18:00:00-06:00,11811.42,1.0,0.041233532680752694,0.041233532680752694,1.9939793114192481
2020-08-01 18:00:00-06:00,11079.72,1.0,-0.06194852100763504,-0.06194852100763504,1.870455242157003
2020-08-02 18:00:00-06:00,11227.07,1.0,0.013299072539739276,0.013299072539739276,1.8953305621047847
2020-08-03 18:00:00-06:00,11200.05,1.0,-0.002406683132820997,-0.002406683132820997,1.890769102009847
2020-08-04 18:00:00-06:00,11752.5,1.0,0.049325672653247166,0.049325672653247166,1.9840325597984587
2020-08-05 18:00:00-06:00,11770.56,1.0,0.0015366943203574124,0.0015366943203574124,1.9870814113645052
2020-08-06 18:00:00-06:00,11596.06,1.0,-0.014825123018785802,-0.014825123018785802,1.9576226849926839
2020-08-07 18:00:00-06:00,11765.72,1.0,0.014630831506563524,0.014630831506563524,1.9862643326502383
2020-08-08 18:00:00-06:00,11685.99,1.0,-0.006776465868642112,-0.006776465868642112,1.9728044801939328
2020-08-09 18:00:00-06:00,11896.89,1.0,0.018047251452380175,0.018047251452380175,2.008408178714375
2020-08-10 18:00:00-06:00,11392.64,1.0,-0.04238502667503863,-0.04238502667503863,1.9232817444852006
2020-08-11 18:00:00-06:00,11568.36,1.0,0.01542399303409936,0.01542399303409936,1.9529464287147509
2020-08-12 18:00:00-06:00,11790.0,1.0,0.019159154798087163,0.019159154798087163,1.9903632316548683
2020-08-13 18:00:00-06:00,11767.89,1.0,-0.0018753180661578162,-0.0018753180661578162,1.9866306675283296
2020-08-14 18:00:00-06:00,11859.04,1.0,0.00774565363884272,0.00774565363884272,2.002018420587307
2020-08-15 18:00:00-06:00,11921.23,1.0,0.005244100702923582,0.005244100702923582,2.0125172067939747
2020-08-16 18:00:00-06:00,12298.06,1.0,0.03160999326411784,0.03160999326411784,2.0761328621446533
2020-08-17 18:00:00-06:00,11960.79,1.0,-0.027424650717267518,-0.027424650717267518,2.0191956435576954
2020-08-18 18:00:00-06:00,11763.87,1.0,-0.01646379545163823,-0.01646379545163823,1.9859520195053224
2020-08-19 18:00:00-06:00,11857.92,1.0,0.007994818031821005,0.007994818031821005,2.001829344521195
2020-08-20 18:00:00-06:00,11538.53,1.0,-0.026934740662780565,-0.026934740662780565,1.9479105902753726
2020-08-21 18:00:00-06:00,11670.47,1.0,0.011434732153922544,0.011434732153922544,1.9701844261349606
2020-08-22 18:00:00-06:00,11654.0,1.0,-0.0014112542168395192,-0.0014112542168395192,1.9674039950556261
2020-08-23 18:00:00-06:00,11753.3,1.0,0.008520679594988811,0.008520679594988811,1.984167614131396
2020-08-24 18:00:00-06:00,11327.17,0.0,-0.03625620038627442,-0.0002,1.9837707806085698
2020-08-25 18:00:00-06:00,11466.22,0.0,0.012275793512412925,0.0,1.9837707806085698
2020-08-26 18:00:00-06:00,11335.53,0.0,-0.011397827706079111,-0.0,1.9837707806085698
2020-08-27 18:00:00-06:00,11526.85,0.0,0.016877905135445737,0.0,1.9837707806085698
2020-08-28 18:00:00-06:00,11466.66,0.0,-0.005221721459028328,-0.0,1.9837707806085698
2020-08-29 18:00:00-06:00,11714.14,0.0,0.02158257068754099,0.0,1.9837707806085698
2020-08-30 18:00:00-06:00,11658.11,0.0,-0.004783108277688242,-0.0,1.9837707806085698
2020-08-31 18:00:00-06:00,11930.18,0.0,0.023337402031718746,0.0,1.9837707806085698
2020-09-01 18:00:00-06:00,11396.96,0.0,-0.04469505070334234,-0.0,1.9837707806085698
2020-09-02 18:00:00-06:00,10141.08,0.0,-0.11019429742668219,-0.0,1.9837707806085698
2020-09-03 18:00:00-06:00,10448.0,0.0,0.030265021082567234,0.0,1.9837707806085698
2020-09-04 18:00:00-06:00,10168.71,0.0,-0.02673143185298632,-0.0,1.9837707806085698
2020-09-05 18:00:00-06:00,10258.13,0.0,0.008793642458089668,0.0,1.9837707806085698
2020-09-06 18:00:00-06:00,10378.76,0.0,0.011759453233679107,0.0,1.9837707806085698
2020-09-07 18:00:00-06:00,10129.02,0.0,-0.024062604781303287,-0.0,1.9837707806085698
2020-09-08 18:00:00-06:00,10219.29,0.0,0.008912017154670382,0.0,1.9837707806085698
2020-09-09 18:00:00-06:00,10335.91,0.0,0.011411751697035566,0.0,1.9837707806085698
2020-09-10 18:00:00-06:00,10387.81,0.0,0.005021328552589965,0.0,1.9837707806085698
2020-09-11 18:00:00-06:00,10438.28,0.0,0.004858579431083365,0.0,1.9837707806085698
2020-09-12 18:00:00-06:00,10327.72,0.0,-0.010591783320623827,-0.0,1.9837707806085698
2020-09-13 18:00:00-06:00,10664.1,0.0,0.03257059641431037,0.0,1.9837707806085698
2020-09-14 18:00:00-06:00,10776.78,0.0,0.010566292514136322,0.0,1.9837707806085698
2020-09-15 18:00:00-06:00,10948.17,0.0,0.01590363726456312,0.0,1.9837707806085698
2020-09-16 18:00:00-06:00,10935.33,0.0,-0.0011727987417075036,-0.0,1.9837707806085698
2020-09-17 18:00:00-06:00,10926.29,0.0,-0.0008266782986886545,-0.0,1.9837707806085698
2020-09-18 18:00:00-06:00,11073.74,1.0,0.013494974048830821,0.01329497404883082,2.0101449616555898
2020-09-19 18:00:00-06:00,10914.28,1.0,-0.01439983239628162,-0.01439983239628162,1.9811992111155192
2020-09-20 18:00:00-06:00,10414.73,1.0,-0.04577031192162939,-0.04577031192162939,1.890519105243876
2020-09-21 18:00:00-06:00,10523.32,1.0,0.010426578509476592,0.010426578509476592,1.9102307511183667
2020-09-22 18:00:00-06:00,10237.91,1.0,-0.02712166882694811,-0.02712166882694811,1.858422105303482
2020-09-23 18:00:00-06:00,10724.92,1.0,0.047569279276727494,0.047569279276727494,1.9468259054447072
2020-09-24 18:00:00-06:00,10683.51,1.0,-0.0038611010618261332,-0.0038611010618261332,1.9393090138740041
2020-09-25 18:00:00-06:00,10726.5,1.0,0.004023958418160278,0.004023958418160278,1.9471127127057966
2020-09-26 18:00:00-06:00,10768.0,1.0,0.003868922761385285,0.003868922761385285,1.9546459413989667
2020-09-27 18:00:00-06:00,10691.45,0.0,-0.007109026745913738,-0.0002,1.954255012210687
2020-09-28 18:00:00-06:00,10836.98,0.0,0.013611811307165933,0.0,1.954255012210687
2020-09-29 18:00:00-06:00,10773.0,1.0,-0.0059038588241373535,-0.006103858824137353,1.9423265155097902
2020-09-30 18:00:00-06:00,10612.63,1.0,-0.01488628979857054,-0.01488628979857054,1.9134124801164638
2020-10-01 18:00:00-06:00,10565.15,1.0,-0.004473914571600068,-0.004473914571600068,1.9048520361401893
2020-10-02 18:00:00-06:00,10537.96,1.0,-0.0025735555103335583,-0.0025735555103335583,1.8999497936862106
2020-10-03 18:00:00-06:00,10660.16,0.0,0.011596172314186193,-0.0002,1.8995698037274735
2020-10-04 18:00:00-06:00,10785.0,0.0,0.011710893645123566,0.0,1.8995698037274735
2020-10-05 18:00:00-06:00,10593.65,0.0,-0.017742234585071848,-0.0,1.8995698037274735
2020-10-06 18:00:00-06:00,10658.75,0.0,0.006145190751063234,0.0,1.8995698037274735
2020-10-07 18:00:00-06:00,10919.45,0.0,0.02445877799929641,0.0,1.8995698037274735
2020-10-08 18:00:00-06:00,11050.47,0.0,0.011998772831964821,0.0,1.8995698037274735
2020-10-09 18:00:00-06:00,11294.79,1.0,0.02210946683715731,0.02190946683715731,1.941188365347106
2020-10-10 18:00:00-06:00,11369.59,1.0,0.006622522419628796,0.006622522419628796,1.95404392881734
2020-10-11 18:00:00-06:00,11530.36,1.0,0.014140351586996669,0.014140351586996669,1.9816747969872535
2020-10-12 18:00:00-06:00,11419.36,1.0,-0.00962675926857448,-0.00962675926857448,1.962597690768056
2020-10-13 18:00:00-06:00,11417.13,1.0,-0.00019528239761257282,-0.00019528239761257282,1.962214429985454
2020-10-14 18:00:00-06:00,11502.0,1.0,0.007433566929692548,0.007433566929692548,1.9768006822811595
2020-10-15 18:00:00-06:00,11318.92,1.0,-0.01591723178577642,-0.01591723178577642,1.9453354876270093
2020-10-16 18:00:00-06:00,11356.25,1.0,0.00329801783209005,0.00329801783209005,1.9517512387546008
2020-10-17 18:00:00-06:00,11501.1,1.0,0.012755090809025926,0.012755090809025926,1.9766460030415445
2020-10-18 18:00:00-06:00,11745.0,1.0,0.021206667188355954,0.021206667188355954,2.0185640769772406
2020-10-19 18:00:00-06:00,11900.03,1.0,0.013199659429544486,0.013199659429544486,2.045208435330053
2020-10-20 18:00:00-06:00,12796.07,1.0,0.0752972891664978,0.0752972891664978,2.1992070862908606
2020-10-21 18:00:00-06:00,12968.87,1.0,0.01350414619488638,0.01350414619488638,2.2289055002969627
2020-10-22 18:00:00-06:00,12925.82,1.0,-0.003319487357032691,-0.003319487357032691,2.221506676668706
2020-10-23 18:00:00-06:00,13110.88,1.0,0.014317080076931221,0.014317080076931221,2.2533121656500095
2020-10-24 18:00:00-06:00,13023.81,1.0,-0.006641049265953103,-0.006641049265953103,2.238347808546356
2020-10-25 18:00:00-06:00,13047.24,1.0,0.0017990127312974558,0.0017990127312974558,2.242374624751003
2020-10-26 18:00:00-06:00,13629.38,1.0,0.044617865540911295,0.044617865540911295,2.3424245942504944
2020-10-27 18:00:00-06:00,13256.17,1.0,-0.027382756955928955,-0.027382756955928955,2.2782825508985427
2020-10-28 18:00:00-06:00,13446.65,1.0,0.01436915790910942,0.01436915790910942,2.3110195526339723
2020-10-29 18:00:00-06:00,13549.12,1.0,0.007620485399709276,0.007620485399709276,2.328630643393262
2020-10-30 18:00:00-06:00,13783.73,1.0,0.017315515694008132,0.017315515694008132,2.3689520838444866
2020-10-31 18:00:00-06:00,13752.86,1.0,-0.002239596974113578,-0.002239596974113578,2.3636465859256885
2020-11-01 18:00:00-06:00,13540.54,1.0,-0.01543824339082922,-0.01543824339082922,2.327156034642265
2020-11-02 18:00:00-06:00,14016.55,1.0,0.03515443254109507,0.03515443254109507,2.408965884474699
2020-11-03 18:00:00-06:00,14134.31,1.0,0.008401496801994757,0.008401496801994757,2.4292048036492275
2020-11-04 18:00:00-06:00,15598.75,1.0,0.10360887797140439,0.10360887797140439,2.68089198771807
2020-11-05 18:00:00-06:00,15590.96,1.0,-0.0004993989903037122,-0.0004993989903037122,2.67955315296629
2020-11-06 18:00:00-06:00,14824.34,1.0,-0.04917080154140596,-0.04917080154140596,2.5477973766621362
2020-11-07 18:00:00-06:00,15473.2,1.0,0.043769908137563096,0.043769908137563096,2.659314233791762
2020-11-08 18:00:00-06:00,15328.72,1.0,-0.009337435048987985,-0.009337435048987985,2.634483059858882
2020-11-09 18:00:00-06:00,15294.68,1.0,-0.0022206681314551613,-0.0022206681314551613,2.6286327472849953
2020-11-10 18:00:00-06:00,15690.24,1.0,0.025862587514089874,0.025862587514089874,2.696615991754056
2020-11-11 18:00:00-06:00,16289.02,1.0,0.03816257750040797,0.03816257750040797,2.7995258085282098
2020-11-12 18:00:00-06:00,16320.54,1.0,0.0019350458161386808,0.0019350458161386808,2.8049430192311746
2020-11-13 18:00:00-06:00,16064.51,1.0,-0.015687593670307476,-0.015687593670307476,2.7609402128771103
2020-11-14 18:00:00-06:00,15952.27,1.0,-0.00698682997489497,-0.00698682997489497,2.741649993038888
2020-11-15 18:00:00-06:00,16707.07,1.0,0.047316149989938605,0.047316149989938605,2.87137431532943
2020-11-16 18:00:00-06:00,17670.01,1.0,0.057636677167211214,0.057636677167211214,3.0368707897682943
2020-11-17 18:00:00-06:00,17788.32,1.0,0.006695525356239296,0.006695525356239296,3.0572042351448103
2020-11-18 18:00:00-06:00,17811.68,1.0,0.0013132212597930515,0.0013132212597930515,3.0612190207419316
2020-11-19 18:00:00-06:00,18664.31,1.0,0.0478691510289877,0.0478691510289877,3.207756976378637
2020-11-20 18:00:00-06:00,18721.99,1.0,0.0030903901617578278,0.0030903901617578278,3.2176701969797477
2020-11-21 18:00:00-06:00,18435.2,1.0,-0.015318350239477807,-0.015318350239477807,3.1683807979472824
2020-11-22 18:00:00-06:00,18382.07,1.0,-0.002881986634264977,-0.002881986634264977,3.1592495668353364
2020-11-23 18:00:00-06:00,19179.64,1.0,0.04338847583541994,0.04338847583541994,3.296324590324032
2020-11-24 18:00:00-06:00,18741.67,1.0,-0.02283515227605948,-0.02283515227605948,3.2210525163526635
2020-11-25 18:00:00-06:00,17155.34,1.0,-0.08464187022821335,-0.08464187022821335,2.9484166072652815
2020-11-26 18:00:00-06:00,17144.1,1.0,-0.0006551895794546514,-0.0006551895794546514,2.9464848354283104
2020-11-27 18:00:00-06:00,17717.74,1.0,0.033459907490040575,0.033459907490040575,3.045073945442549
2020-11-28 18:00:00-06:00,18181.09,1.0,0.026151755246436537,0.026151755246436537,3.1247079739710633
2020-11-29 18:00:00-06:00,19720.0,1.0,0.08464343996977086,0.08464343996977086,3.3891940057889474
2020-11-30 18:00:00-06:00,18772.7,1.0,-0.048037525354969524,-0.048037525354969524,3.22638551280295
2020-12-01 18:00:00-06:00,19207.01,1.0,0.023135190995434707,0.023135190995434707,3.30102855786655
2020-12-02 18:00:00-06:00,19434.3,1.0,0.011833700300046823,0.011833700300046823,3.3400919405022385
2020-12-03 18:00:00-06:00,18664.2,1.0,-0.039625816211543485,-0.039625816211543485,3.2077380711382393
2020-12-04 18:00:00-06:00,19147.62,1.0,0.025900922621917788,0.025900922621917788,3.290821446710171
2020-12-05 18:00:00-06:00,19375.02,1.0,0.011876149620684062,0.011876149620684062,3.329903734586257
2020-12-06 18:00:00-06:00,19172.88,1.0,-0.010433021488493899,-0.010433021488493899,3.2951627773687027
2020-12-07 18:00:00-06:00,18319.32,1.0,-0.044519133275752076,-0.044519133275752076,3.148464986517728
2020-12-08 18:00:00-06:00,18537.98,1.0,0.011936032560160514,0.011936032560160514,3.1860451671113292
2020-12-09 18:00:00-06:00,18253.51,1.0,-0.015345253366332301,-0.015345253366332301,3.1371544967854272
2020-12-10 18:00:00-06:00,18031.47,1.0,-0.012164235809989266,-0.012164235809989266,3.098993409714161
2020-12-11 18:00:00-06:00,18800.0,1.0,0.04262159435697699,0.04262159435697699,3.231077449737943
2020-12-12 18:00:00-06:00,19175.07,1.0,0.0199505319148936,0.0199505319148936,3.295539163518433
2020-12-13 18:00:00-06:00,19270.7,0.0,0.00498720474032166,-0.0002,3.2948800556857294
2020-12-14 18:00:00-06:00,19424.91,0.0,0.008002304015941153,0.0,3.2948800556857294
2020-12-15 18:00:00-06:00,21346.8,1.0,0.09893945454573538,0.09873945454573538,3.6202147151777604
2020-12-16 18:00:00-06:00,22816.99,1.0,0.06887168100136809,0.06887168100136809,3.8695449881979416
2020-12-17 18:00:00-06:00,23124.35,1.0,0.013470663746620204,0.013470663746620204,3.9216703275863756
2020-12-18 18:00:00-06:00,23847.28,1.0,0.03126271657365498,0.03126271657365498,4.044272395533021
2020-12-19 18:00:00-06:00,23472.96,1.0,-0.015696549040393748,-0.015696549040393748,3.980791275543826
2020-12-20 18:00:00-06:00,22730.1,1.0,-0.03164747863073092,-0.03164747863073092,3.8548092687176525
2020-12-21 18:00:00-06:00,23826.99,1.0,0.048257156809693,0.048257156809693,4.0408314040696185
2020-12-22 18:00:00-06:00,23238.27,1.0,-0.0247081146212762,-0.0247081146212762,3.940990078572614
2020-12-23 18:00:00-06:00,23737.44,1.0,0.021480514685473517,0.021480514685473517,4.025644573830698
2020-12-24 18:00:00-06:00,24730.0,1.0,0.04181411306358229,0.04181411306358229,4.193973331194652
2020-12-25 18:00:00-06:00,26508.83,1.0,0.07193004448038831,0.07193004448038831,4.495646019457046
2020-12-26 18:00:00-06:00,26305.64,1.0,-0.007664993136249354,-0.007664993136249354,4.461186923574901
2020-12-27 18:00:00-06:00,27102.66,1.0,0.030298445504462146,0.030298445504462146,4.596353952464054
2020-12-28 18:00:00-06:00,27402.83,1.0,0.011075296668297652,0.011075296668297652,4.647259936080096
2020-12-29 18:00:00-06:00,28906.99,1.0,0.0548906809990064,0.0548906809990064,4.902351198750932
2020-12-30 18:00:00-06:00,28951.68,1.0,0.0015459928550152213,0.0015459928550152213,4.909930198676975
2020-12-31 18:00:00-06:00,29337.16,1.0,0.013314598669230904,0.013314598669230904,4.975303948766297
2021-01-01 18:00:00-06:00,32199.91,1.0,0.09758102011237635,0.09758102011237635,5.4607991834560465
2021-01-02 18:00:00-06:00,33054.53,1.0,0.026541067971929122,0.026541067971929122,5.6057346257652085
2021-01-03 18:00:00-06:00,32031.07,1.0,-0.030962775752672922,-0.030962775752672922,5.432165521618646
2021-01-04 18:00:00-06:00,33999.52,1.0,0.06145439412420495,0.06145439412420495,5.765995962532116
2021-01-05 18:00:00-06:00,36823.68,1.0,0.08306470208991201,0.08306470208991201,6.244946699411482
2021-01-06 18:00:00-06:00,39498.92,1.0,0.07264999044093368,0.07264999044093368,6.698642017427867
2021-01-07 18:00:00-06:00,40637.23,1.0,0.02881876263958616,0.02881876263958616,6.891688591735679
2021-01-08 18:00:00-06:00,40136.04,1.0,-0.012333271731365558,-0.012333271731365558,6.806691523645851
2021-01-09 18:00:00-06:00,38221.67,1.0,-0.04769703239283207,-0.04769703239283207,6.482032537554499
2021-01-10 18:00:00-06:00,35408.46,1.0,-0.07360248780338485,-0.07360248780338485,6.004938816768
2021-01-11 18:00:00-06:00,34056.9,1.0,-0.03817053890510902,-0.03817053890510902,5.7757270660397575
2021-01-12 18:00:00-06:00,37421.07,1.0,0.09878086378971651,0.09878086378971651,6.34625837463681
2021-01-13 18:00:00-06:00,39163.31,1.0,0.04655772803931035,0.04655772803931035,6.641725746110347
2021-01-14 18:00:00-06:00,36755.24,1.0,-0.061487907942408326,-0.061487907942408326,6.233339924854791
2021-01-15 18:00:00-06:00,36025.66,1.0,-0.019849686738543815,-0.019849686738543815,6.109610080011565
2021-01-16 18:00:00-06:00,35869.83,1.0,-0.004325527970896359,-0.004325527970896359,6.083182790719205
2021-01-17 18:00:00-06:00,36686.86,1.0,0.022777637920224247,0.022777637920224247,6.221743325728746
2021-01-18 18:00:00-06:00,35891.03,1.0,-0.02169250788974586,-0.02169250788974586,6.086778109547402
2021-01-19 18:00:00-06:00,35500.0,1.0,-0.010894922770396942,-0.010894922770396942,6.02046313212334
2021-01-20 18:00:00-06:00,30879.97,1.0,-0.1301416901408451,-0.1301416901408451,5.236949884678163
2021-01-21 18:00:00-06:00,32986.34,0.0,0.06821152999824798,-0.0002,5.235902494701227
2021-01-22 18:00:00-06:00,32086.48,0.0,-0.027279777022852447,-0.0,5.235902494701227
2021-01-23 18:00:00-06:00,32275.63,0.0,0.005895006245621337,0.0,5.235902494701227
2021-01-24 18:00:00-06:00,32253.68,0.0,-0.0006800796762139738,-0.0,5.235902494701227
2021-01-25 18:00:00-06:00,32474.14,0.0,0.0068351890388942405,0.0,5.235902494701227
2021-01-26 18:00:00-06:00,30381.04,0.0,-0.06445436276372518,-0.0,5.235902494701227
2021-01-27 18:00:00-06:00,33399.75,0.0,0.0993616413394669,0.0,5.235902494701227
2021-01-28 18:00:00-06:00,34269.35,0.0,0.026036123024872904,0.0,5.235902494701227
2021-01-29 18:00:00-06:00,34289.85,0.0,0.0005982021835839735,0.0,5.235902494701227
2021-01-30 18:00:00-06:00,33126.21,0.0,-0.03393540654158589,-0.0,5.235902494701227
2021-01-31 18:00:00-06:00,33546.09,0.0,0.01267515963945165,0.0,5.235902494701227
2021-02-01 18:00:00-06:00,35504.06,0.0,0.05836656373365723,0.0,5.235902494701227
2021-02-02 18:00:00-06:00,37652.51,0.0,0.060512797691306464,0.0,5.235902494701227
2021-02-03 18:00:00-06:00,36976.93,1.0,-0.017942495732688246,-0.018142495732688245,5.140910156034338
2021-02-04 18:00:00-06:00,38362.65,1.0,0.03747525822181563,0.03747525822181563,5.33356709162688
2021-02-05 18:00:00-06:00,39249.54,1.0,0.02311858018150459,0.02311858018150459,5.45687159008809
2021-02-06 18:00:00-06:00,38849.25,1.0,-0.010198590862466217,-0.010198590862466217,5.4012191893517665
2021-02-07 18:00:00-06:00,46451.32,1.0,0.19568125510788503,0.19568125510788503,6.4581365394369135
2021-02-08 18:00:00-06:00,46492.54,1.0,0.0008873805954277003,0.0008873805954277003,6.463867364484632
2021-02-09 18:00:00-06:00,44850.0,1.0,-0.03532910871292472,-0.03532910871292472,6.235504691658829
2021-02-10 18:00:00-06:00,48060.21,1.0,0.07157658862876248,0.07157658862876248,6.681820845866411
2021-02-11 18:00:00-06:00,47361.03,1.0,-0.014548001350805584,-0.014548001350805584,6.584613707174905
2021-02-12 18:00:00-06:00,47221.62,1.0,-0.002943559293368314,-0.002943559293368314,6.565231506303911
2021-02-13 18:00:00-06:00,48655.21,1.0,0.030358763634114938,0.030358763634114938,6.764543817807035
2021-02-14 18:00:00-06:00,47981.58,1.0,-0.013844971586804311,-0.013844971586804311,6.670888900851804
2021-02-15 18:00:00-06:00,49197.94,1.0,0.02535056161135163,0.02535056161135163,6.83999968093533
2021-02-16 18:00:00-06:00,52194.62,1.0,0.060910680406537354,0.060910680406537354,7.256628715481599
2021-02-17 18:00:00-06:00,51619.7,1.0,-0.011014928358516696,-0.011014928358516696,7.176697470056214
2021-02-18 18:00:00-06:00,56004.1,1.0,0.08493656491610757,0.08493656491610757,7.786261500604909
2021-02-19 18:00:00-06:00,55917.41,1.0,-0.0015479223842539414,-0.0015479223842539414,7.774208972138468
2021-02-20 18:00:00-06:00,57487.43,1.0,0.028077480698766255,0.028077480698766255,7.992489174501862
2021-02-21 18:00:00-06:00,54121.1,1.0,-0.058557670781247295,-0.058557670781247295,7.524467624698699
2021-02-22 18:00:00-06:00,48930.0,1.0,-0.0959163801179207,-0.0959163801179207,6.80274792782311
2021-02-23 18:00:00-06:00,49702.03,1.0,0.015778254649499335,0.015778254649499335,6.910083416944657
2021-02-24 18:00:00-06:00,47089.37,1.0,-0.05256646458907199,-0.05256646458907199,6.546844761700302
2021-02-25 18:00:00-06:00,46313.13,1.0,-0.016484399770054337,-0.016484399770054337,6.438923955415948
2021-02-26 18:00:00-06:00,46102.63,1.0,-0.0045451473480631055,-0.0045451473480631055,6.409658097275609
2021-02-27 18:00:00-06:00,45163.36,1.0,-0.02037345808688129,-0.02037345808688129,6.279071196679525
2021-02-28 18:00:00-06:00,49592.7,0.0,0.09807374827736459,-0.0002,6.277815382440189
2021-03-01 18:00:00-06:00,48450.57,0.0,-0.023030204042127078,-0.0,6.277815382440189
2021-03-02 18:00:00-06:00,50373.75,0.0,0.03969365066293329,0.0,6.277815382440189
2021-03-03 18:00:00-06:00,48385.77,0.0,-0.03946460209930769,-0.0,6.277815382440189
2021-03-04 18:00:00-06:00,48770.57,0.0,0.007952751397776625,0.0,6.277815382440189
2021-03-05 18:00:00-06:00,48908.21,0.0,0.0028221937943313513,0.0,6.277815382440189
2021-03-06 18:00:00-06:00,50995.27,0.0,0.0426729990731618,0.0,6.277815382440189
2021-03-07 18:00:00-06:00,52429.43,0.0,0.028123392620531318,0.0,6.277815382440189
2021-03-08 18:00:00-06:00,54917.78,0.0,0.04746093939987528,0.0,6.277815382440189
2021-03-09 18:00:00-06:00,55947.98,1.0,0.018758952018818054,0.018558952018818055,6.3943250569058945
2021-03-10 18:00:00-06:00,57844.52,1.0,0.03389827479026031,0.03389827479026031,6.6110816447831375
2021-03-11 18:00:00-06:00,57291.03,1.0,-0.00956858143174144,-0.00956858143174144,6.547822971713139
2021-03-12 18:00:00-06:00,61267.41,1.0,0.06940667675201517,0.06940667675201517,7.002285604140252
2021-03-13 18:00:00-06:00,59037.12,1.0,-0.036402550719868865,-0.036402550719868865,6.747384547280529
2021-03-14 18:00:00-06:00,55646.61,1.0,-0.05743013886856274,-0.05743013886856274,6.359881315730614
2021-03-15 18:00:00-06:00,56954.19,1.0,0.023497927367003957,0.023497927367003957,6.509325344950417
2021-03-16 18:00:00-06:00,58959.0,1.0,0.0352003952650366,0.0352003952650366,6.738456170001393
2021-03-17 18:00:00-06:00,57700.01,1.0,-0.021353652538204426,-0.021353652538204426,6.594565518303264
2021-03-18 18:00:00-06:00,58089.11,1.0,0.006743499697833721,0.006743499697833721,6.639035968883286
2021-03-19 18:00:00-06:00,58145.61,1.0,0.0009726435815593515,0.0009726435815593515,6.645493384606162
2021-03-20 18:00:00-06:00,57415.18,1.0,-0.012562083362785303,-0.012562083362785303,6.562012142721901
2021-03-21 18:00:00-06:00,54129.56,1.0,-0.05722563266369629,-0.05722563266369629,6.186496846307783
2021-03-22 18:00:00-06:00,54400.0,1.0,0.00499616106245826,0.00499616106245826,6.217405580964327
2021-03-23 18:00:00-06:00,52311.54,1.0,-0.03839080882352941,-0.03839080882352941,5.978714351927181
2021-03-24 18:00:00-06:00,51325.21,1.0,-0.01885492187765836,-0.01885492187765836,5.865986159892759
2021-03-25 18:00:00-06:00,55030.0,0.0,0.07218265643725563,-0.0002,5.86481296266078
2021-03-26 18:00:00-06:00,55828.0,0.0,0.014501181173905087,0.0,5.86481296266078
2021-03-27 18:00:00-06:00,55805.08,0.0,-0.0004105466790856882,-0.0,5.86481296266078
2021-03-28 18:00:00-06:00,57677.64,0.0,0.03355536807760151,0.0,5.86481296266078
2021-03-29 18:00:00-06:00,58794.16,0.0,0.019357934894701057,0.0,5.86481296266078
2021-03-30 18:00:00-06:00,58807.24,0.0,0.00022247107535844357,0.0,5.86481296266078
2021-03-31 18:00:00-06:00,58794.01,0.0,-0.0002249722993290515,-0.0,5.86481296266078
2021-04-01 18:00:00-06:00,59031.36,1.0,0.004036975875603588,0.0038369758756035877,5.887316108513437
2021-04-02 18:00:00-06:00,57134.65,1.0,-0.03213054891501732,-0.03213054891501732,5.698153410310677
2021-04-03 18:00:00-06:00,58234.61,1.0,0.019252065077846714,0.019252065077846714,5.8078546305895316
2021-04-04 18:00:00-06:00,59243.39,1.0,0.017322688346328663,0.017322688346328663,5.908462286316015
2021-04-05 18:00:00-06:00,58059.99,1.0,-0.01997522424020637,-0.01997522424020637,5.790439427232051
2021-04-06 18:00:00-06:00,56018.18,1.0,-0.035167246842446875,-0.035167246842446875,5.586805614568345
2021-04-07 18:00:00-06:00,58122.26,1.0,0.037560663341793754,0.037560663341793754,5.79664973941319
2021-04-08 18:00:00-06:00,58176.03,1.0,0.0009251188787220421,0.0009251188787220421,5.80201232952046
2021-04-09 18:00:00-06:00,59832.43,1.0,0.028472207539772088,0.028472207539772088,5.967208428714883
2021-04-10 18:00:00-06:00,60090.2,1.0,0.004308198747736025,0.004308198747736025,5.992916348594953
2021-04-11 18:00:00-06:00,59911.18,1.0,-0.0029791879541088973,-0.0029791879541088973,5.975062324399237
2021-04-12 18:00:00-06:00,63649.71,1.0,0.062401207921459756,0.062401207921459756,6.347913430847754
2021-04-13 18:00:00-06:00,63019.1,1.0,-0.009907507826822815,-0.009907507826822815,6.285021428847636
2021-04-14 18:00:00-06:00,63232.55,1.0,0.003387068364987922,0.003387068364987922,6.306309226102557
2021-04-15 18:00:00-06:00,61424.67,1.0,-0.02859097094771612,-0.02859097094771612,6.126005722231745
2021-04-16 18:00:00-06:00,60090.14,1.0,-0.021726286848590348,-0.021726286848590348,5.992910364674432
2021-04-17 18:00:00-06:00,56140.05,1.0,-0.0657360758354032,-0.0657360758354032,5.59895995446742
2021-04-18 18:00:00-06:00,55634.39,1.0,-0.009007117022517885,-0.009007117022517885,5.54852946695314
2021-04-19 18:00:00-06:00,56410.56,1.0,0.013951262878949544,0.013951262878949544,5.625938460138202
2021-04-20 18:00:00-06:00,53800.0,1.0,-0.0462778600318805,-0.0462778600318805,5.365582067531953
2021-04-21 18:00:00-06:00,51714.61,0.0,-0.03876189591078061,-0.0002,5.364508951118447
2021-04-22 18:00:00-06:00,51122.62,0.0,-0.011447248659518072,-0.0,5.364508951118447
2021-04-23 18:00:00-06:00,50092.4,0.0,-0.02015194056955616,-0.0,5.364508951118447
2021-04-24 18:00:00-06:00,49063.94,0.0,-0.02053125823478208,-0.0,5.364508951118447
2021-04-25 18:00:00-06:00,53984.33,0.0,0.10028526041732477,0.0,5.364508951118447
2021-04-26 18:00:00-06:00,55006.25,0.0,0.01892993763190165,0.0,5.364508951118447
2021-04-27 18:00:00-06:00,54861.77,0.0,-0.0026266106124304134,-0.0,5.364508951118447
2021-04-28 18:00:00-06:00,53558.8,0.0,-0.023750053999351373,-0.0,5.364508951118447
2021-04-29 18:00:00-06:00,57684.16,0.0,0.07702487733108287,0.0,5.364508951118447
2021-04-30 18:00:00-06:00,57836.34,0.0,0.0026381592451028,0.0,5.364508951118447
2021-05-01 18:00:00-06:00,56630.33,0.0,-0.02085211477766391,-0.0,5.364508951118447
2021-05-02 18:00:00-06:00,57214.83,0.0,0.010321324279763067,0.0,5.364508951118447
2021-05-03 18:00:00-06:00,53263.32,1.0,-0.0690644366154719,-0.06926443661547191,4.992939260900572
2021-05-04 18:00:00-06:00,57497.77,1.0,0.07950030152082133,0.07950030152082133,5.3898794376173145
2021-05-05 18:00:00-06:00,56435.35,1.0,-0.01847758617421158,-0.01847758617421158,5.290287475840129
2021-05-06 18:00:00-06:00,57350.88,1.0,0.016222633508961914,0.016222633508961914,5.376109870717735
2021-05-07 18:00:00-06:00,58924.98,1.0,0.027446832550782174,0.027446832550782174,5.523667058113932
2021-05-08 18:00:00-06:00,58292.53,1.0,-0.010733138984518997,-0.010733138984518997,5.464380771874986
2021-05-09 18:00:00-06:00,55869.67,1.0,-0.04156381615277294,-0.04156381615277294,5.237260254084027
2021-05-10 18:00:00-06:00,56710.43,1.0,0.01504859434465966,0.01504859434465966,5.316073659125147
2021-05-11 18:00:00-06:00,49595.76,1.0,-0.12545611098346454,-0.12545611098346454,4.64913973214967
2021-05-12 18:00:00-06:00,49707.9,1.0,0.0022610803826779158,0.0022610803826779158,4.659651810794362
2021-05-13 18:00:00-06:00,49873.27,1.0,0.003326835372244652,0.003326835372244652,4.675153705260856
2021-05-14 18:00:00-06:00,46793.41,0.0,-0.0617537209811988,-0.0002,4.674218674519803
2021-05-15 18:00:00-06:00,46429.28,0.0,-0.007781651305173165,-0.0,4.674218674519803
2021-05-16 18:00:00-06:00,43566.18,0.0,-0.0616658281153617,-0.0,4.674218674519803
2021-05-17 18:00:00-06:00,42882.53,0.0,-0.01569221813801447,-0.0,4.674218674519803
2021-05-18 18:00:00-06:00,36689.14,0.0,-0.14442687966404966,-0.0,4.674218674519803
2021-05-19 18:00:00-06:00,40500.3,0.0,0.10387706007826858,0.0,4.674218674519803
2021-05-20 18:00:00-06:00,37211.02,0.0,-0.08121618852206047,-0.0,4.674218674519803
2021-05-21 18:00:00-06:00,37432.58,0.0,0.005954150141544323,0.0,4.674218674519803
2021-05-22 18:00:00-06:00,34651.6,0.0,-0.07429303563900758,-0.0,4.674218674519803
2021-05-23 18:00:00-06:00,38779.66,0.0,0.11913042976370525,0.0,4.674218674519803
2021-05-24 18:00:00-06:00,38326.84,0.0,-0.011676739816697923,-0.0,4.674218674519803
2021-05-25 18:00:00-06:00,39224.2,0.0,0.02341335732348404,0.0,4.674218674519803
2021-05-26 18:00:00-06:00,38527.38,0.0,-0.017765053206948767,-0.0,4.674218674519803
2021-05-27 18:00:00-06:00,35670.99,0.0,-0.074139222547705,-0.0,4.674218674519803
2021-05-28 18:00:00-06:00,34611.94,0.0,-0.02968939185595898,-0.0,4.674218674519803
2021-05-29 18:00:00-06:00,35651.81,0.0,0.03004367856872503,0.0,4.674218674519803
2021-05-30 18:00:00-06:00,37243.38,0.0,0.04464205323656789,0.0,4.674218674519803
2021-05-31 18:00:00-06:00,36693.41,0.0,-0.014766919651223787,-0.0,4.674218674519803
2021-06-01 18:00:00-06:00,37569.99,0.0,0.02388930328361405,0.0,4.674218674519803
2021-06-02 18:00:00-06:00,39247.4,0.0,0.044647603047006434,0.0,4.674218674519803
2021-06-03 18:00:00-06:00,36828.03,0.0,-0.06164408342973049,-0.0,4.674218674519803
2021-06-04 18:00:00-06:00,35498.62,0.0,-0.03609777661199898,-0.0,4.674218674519803
2021-06-05 18:00:00-06:00,35801.71,0.0,0.008538078381638448,0.0,4.674218674519803
2021-06-06 18:00:00-06:00,33550.96,0.0,-0.06286710886156,-0.0,4.674218674519803
2021-06-07 18:00:00-06:00,33372.58,0.0,-0.005316688404743086,-0.0,4.674218674519803
2021-06-08 18:00:00-06:00,37368.45,0.0,0.11973512386516094,0.0,4.674218674519803
2021-06-09 18:00:00-06:00,36669.66,0.0,-0.0186999995985917,-0.0,4.674218674519803
2021-06-10 18:00:00-06:00,37300.42,0.0,0.017201141215926086,0.0,4.674218674519803
2021-06-11 18:00:00-06:00,35537.05,0.0,-0.0472748028038289,-0.0,4.674218674519803
2021-06-12 18:00:00-06:00,38993.65,0.0,0.0972674996939813,0.0,4.674218674519803
2021-06-13 18:00:00-06:00,40489.1,0.0,0.03835111614326947,0.0,4.674218674519803
2021-06-14 18:00:00-06:00,40132.86,1.0,-0.008798417351830401,-0.008998417351830401,4.632158104092754
2021-06-15 18:00:00-06:00,38344.97,1.0,-0.0445492795679151,-0.0445492795679151,4.425798797710743
2021-06-16 18:00:00-06:00,38060.71,1.0,-0.0074132278627419,-0.0074132278627419,4.392989342748664
2021-06-17 18:00:00-06:00,35811.41,1.0,-0.05909768892908185,-0.05909768892908185,4.133373825102132
2021-06-18 18:00:00-06:00,35483.0,1.0,-0.009170540897440294,-0.009170540897440294,4.095468551394624
2021-06-19 18:00:00-06:00,35588.64,1.0,0.0029772003494630273,0.0029772003494630273,4.107661581797051
2021-06-20 18:00:00-06:00,31606.0,1.0,-0.1119076199596275,-0.1119076199596275,3.647982950578544
2021-06-21 18:00:00-06:00,32496.0,0.0,0.02815921027652979,-0.0002,3.6472533539884284
2021-06-22 18:00:00-06:00,33649.0,0.0,0.03548129000492373,0.0,3.6472533539884284
2021-06-23 18:00:00-06:00,34644.64,0.0,0.02958899224345446,0.0,3.6472533539884284
2021-06-24 18:00:00-06:00,31568.07,0.0,-0.0888036360025678,-0.0,3.6472533539884284
2021-06-25 18:00:00-06:00,32255.56,0.0,0.021778018105002905,0.0,3.6472533539884284
2021-06-26 18:00:00-06:00,34687.71,0.0,0.07540250425042982,0.0,3.6472533539884284
2021-06-27 18:00:00-06:00,34487.22,0.0,-0.005779856900325786,-0.0,3.6472533539884284
2021-06-28 18:00:00-06:00,35911.26,0.0,0.04129181766463064,0.0,3.6472533539884284
2021-06-29 18:00:00-06:00,35031.39,0.0,-0.024501228862479407,-0.0,3.6472533539884284
2021-06-30 18:00:00-06:00,33489.96,0.0,-0.04400139417819282,-0.0,3.6472533539884284
2021-07-01 18:00:00-06:00,33760.94,0.0,0.008091380222610134,0.0,3.6472533539884284
2021-07-02 18:00:00-06:00,34652.94,0.0,0.026421065290243684,0.0,3.6472533539884284
2021-07-03 18:00:00-06:00,35280.16,0.0,0.018100051539638562,0.0,3.6472533539884284
2021-07-04 18:00:00-06:00,33672.72,0.0,-0.04556215164557087,-0.0,3.6472533539884284
2021-07-05 18:00:00-06:00,34206.01,1.0,0.015837449424935146,0.015637449424935147,3.7042870938513475
2021-07-06 18:00:00-06:00,33845.64,0.0,-0.010535283127146466,-0.0002,3.7035462364325773
2021-07-07 18:00:00-06:00,32852.04,1.0,-0.029356809326105182,-0.02955680932610518,3.5940812264919253
2021-07-08 18:00:00-06:00,33805.01,1.0,0.029007939841787733,0.029007939841787733,3.6983381184965016
2021-07-09 18:00:00-06:00,33497.98,1.0,-0.009082381575985288,-0.009082381575985288,3.664748400507305
2021-07-10 18:00:00-06:00,34253.81,1.0,0.02256345009460259,0.02256345009460259,3.747437768151426
2021-07-11 18:00:00-06:00,33070.87,0.0,-0.03453455250671367,-0.0002,3.746688280597796
2021-07-12 18:00:00-06:00,32709.09,0.0,-0.010939536818958873,-0.0,3.746688280597796
2021-07-13 18:00:00-06:00,32803.01,0.0,0.0028713730647964564,0.0,3.746688280597796
2021-07-14 18:00:00-06:00,31866.43,0.0,-0.028551648156678322,-0.0,3.746688280597796
2021-07-15 18:00:00-06:00,31382.95,0.0,-0.015172079206864364,-0.0,3.746688280597796
2021-07-16 18:00:00-06:00,31496.65,0.0,0.0036229863668011397,0.0,3.746688280597796
2021-07-17 18:00:00-06:00,31767.0,0.0,0.008583452525903423,0.0,3.746688280597796
2021-07-18 18:00:00-06:00,30823.62,0.0,-0.02969685522712251,-0.0,3.746688280597796
2021-07-19 18:00:00-06:00,29775.9,0.0,-0.0339908161338609,-0.0,3.746688280597796
2021-07-20 18:00:00-06:00,32120.0,0.0,0.07872474047803757,0.0,3.746688280597796
2021-07-21 18:00:00-06:00,32268.11,0.0,0.004611145703611541,0.0,3.746688280597796
2021-07-22 18:00:00-06:00,33634.46,0.0,0.04234366375966858,0.0,3.746688280597796
2021-07-23 18:00:00-06:00,34230.0,0.0,0.017706245321019054,0.0,3.746688280597796
2021-07-24 18:00:00-06:00,35370.66,0.0,0.033323400525854696,0.0,3.746688280597796
2021-07-25 18:00:00-06:00,37218.09,0.0,0.052230577546474866,0.0,3.746688280597796
2021-07-26 18:00:00-06:00,39442.33,1.0,0.05976233600380909,0.05956233600380909,3.969849786868296
2021-07-27 18:00:00-06:00,40003.08,1.0,0.014216959292212117,0.014216959292212117,4.0262889796843995
2021-07-28 18:00:00-06:00,40012.9,1.0,0.0002454810979555244,0.0002454810979555244,4.027277357523818
2021-07-29 18:00:00-06:00,42203.25,1.0,0.05474109599654109,0.05474109599654109,4.247734933956726
2021-07-30 18:00:00-06:00,41448.11,1.0,-0.017892934785828096,-0.017892934785828096,4.171730489795954
2021-07-31 18:00:00-06:00,39846.78,1.0,-0.03863457223984401,-0.03863457223984401,4.010557466822773
2021-08-01 18:00:00-06:00,39147.48,1.0,-0.017549724218619334,-0.017549724218619334,3.9401732893171086
2021-08-02 18:00:00-06:00,38203.26,1.0,-0.02411956018624961,-0.02411956018624961,3.8451380425211714
2021-08-03 18:00:00-06:00,39731.31,1.0,0.0399978954675595,0.0399978954675595,3.9989354720042694
2021-08-04 18:00:00-06:00,40882.4,1.0,0.02897186123488016,0.02897186123488016,4.114792075586417
2021-08-05 18:00:00-06:00,42825.43,1.0,0.047527297810304736,0.047527297810304736,4.310357023990294
2021-08-06 18:00:00-06:00,44601.11,1.0,0.041463214730126374,0.041463214730126374,4.489078282839512
2021-08-07 18:00:00-06:00,43787.71,1.0,-0.01823721427560887,-0.01823721427560887,4.407210000295385
2021-08-08 18:00:00-06:00,46259.7,1.0,0.056453968476542826,0.056453968476542826,4.656014494721565
2021-08-09 18:00:00-06:00,45589.99,1.0,-0.014477179921184025,-0.014477179921184025,4.58860853516584
2021-08-10 18:00:00-06:00,45522.12,1.0,-0.0014887039896256393,-0.0014887039896256393,4.581777455332709
2021-08-11 18:00:00-06:00,44385.09,1.0,-0.024977527408653333,-0.024977527408653333,4.467335983361786
2021-08-12 18:00:00-06:00,47792.52,1.0,0.0767696990137905,0.0767696990137905,4.810292022197946
2021-08-13 18:00:00-06:00,47083.74,1.0,-0.014830354206055607,-0.014830354206055607,4.738953687674187
2021-08-14 18:00:00-06:00,47006.02,1.0,-0.001650676008320473,-0.001650676008320473,4.731131210517402
2021-08-15 18:00:00-06:00,45926.23,1.0,-0.022971313036074803,-0.022971313036074803,4.622450914465864
2021-08-16 18:00:00-06:00,44704.84,1.0,-0.02659460617603504,-0.02659460617603504,4.499518652827591
2021-08-17 18:00:00-06:00,44714.09,1.0,0.00020691271907025133,0.00020691271907025133,4.500449660466555
2021-08-18 18:00:00-06:00,46772.0,1.0,0.046023747771675616,0.046023747771675616,4.707577220498991
2021-08-19 18:00:00-06:00,49332.74,1.0,0.054749422731548814,0.054749422731548814,4.9653143557855
2021-08-20 18:00:00-06:00,48848.29,1.0,-0.00982005053844559,-0.00982005053844559,4.916554717872417
2021-08-21 18:00:00-06:00,49273.28,1.0,0.008700202197456708,0.008700202197456708,4.959329738032767
2021-08-22 18:00:00-06:00,49523.91,1.0,0.005086529656641581,0.005086529656641581,4.984555515822335
2021-08-23 18:00:00-06:00,47719.36,1.0,-0.03643795491914925,-0.03643795491914925,4.802928506644804
2021-08-24 18:00:00-06:00,48992.65,1.0,0.026682880910389395,0.026682880910389395,4.931084476008722
2021-08-25 18:00:00-06:00,46853.06,1.0,-0.04367165278873475,-0.04367165278873475,4.715735866900548
2021-08-26 18:00:00-06:00,49083.98,1.0,0.047615246474830064,0.047615246474830064,4.940276792513214
2021-08-27 18:00:00-06:00,48931.99,1.0,-0.003096529662020231,-0.003096529662020231,4.924979078886607
2021-08-28 18:00:00-06:00,48795.41,1.0,-0.002791221039651015,-0.002791221039651015,4.911232373661778
2021-08-29 18:00:00-06:00,47024.7,1.0,-0.036288454180424035,-0.036288454180424035,4.733011342700737
2021-08-30 18:00:00-06:00,47150.32,1.0,0.0026713620714220454,0.0026713620714220454,4.745654929685238
2021-08-31 18:00:00-06:00,48842.94,1.0,0.03589837778407445,0.03589837778407445,4.916016243183934
2021-09-01 18:00:00-06:00,49299.14,1.0,0.009340142096278425,0.009340142096278425,4.961932533442885
2021-09-02 18:00:00-06:00,50027.08,1.0,0.014765774818789934,0.014765774818789934,5.035199311897731
2021-09-03 18:00:00-06:00,49940.74,1.0,-0.001725865271369087,-0.001725865271369087,5.026509236270905
2021-09-04 18:00:00-06:00,51799.57,1.0,0.0372207139902212,0.0372207139902212,5.213599498923349
2021-09-05 18:00:00-06:00,52683.97,1.0,0.01707350080319192,0.01707350080319192,5.302613894155738
2021-09-06 18:00:00-06:00,46864.39,1.0,-0.11046206274887793,-0.11046206274887793,4.716876225446435
2021-09-07 18:00:00-06:00,46062.29,1.0,-0.01711534066697551,-0.01711534066697551,4.6361452819639615
2021-09-08 18:00:00-06:00,46413.88,1.0,0.007632924893660187,0.007632924893660187,4.671532630697289
2021-09-09 18:00:00-06:00,44860.83,1.0,-0.03346089574928868,-0.03346089574928868,4.515218964352127
2021-09-10 18:00:00-06:00,45193.78,0.0,0.007421842172781856,-0.0002,4.514315920559256
2021-09-11 18:00:00-06:00,46046.73,0.0,0.01887317237018027,0.0,4.514315920559256
2021-09-12 18:00:00-06:00,44975.96,0.0,-0.02325398567933068,-0.0,4.514315920559256
2021-09-13 18:00:00-06:00,47087.18,0.0,0.046941076966450446,0.0,4.514315920559256
2021-09-14 18:00:00-06:00,48106.12,0.0,0.021639435617083036,0.0,4.514315920559256
2021-09-15 18:00:00-06:00,47745.55,0.0,-0.00749530413178201,-0.0,4.514315920559256
2021-09-16 18:00:00-06:00,47303.11,0.0,-0.009266622753324683,-0.0,4.514315920559256
2021-09-17 18:00:00-06:00,48285.15,0.0,0.020760580012603835,0.0,4.514315920559256
2021-09-18 18:00:00-06:00,47256.91,0.0,-0.02129516010616095,-0.0,4.514315920559256
2021-09-19 18:00:00-06:00,43026.6,0.0,-0.08951727906035334,-0.0,4.514315920559256
2021-09-20 18:00:00-06:00,40726.1,0.0,-0.05346692511144269,-0.0,4.514315920559256
2021-09-21 18:00:00-06:00,43520.0,0.0,0.06860219859009331,0.0,4.514315920559256
2021-09-22 18:00:00-06:00,44828.29,0.0,0.03006181066176472,0.0,4.514315920559256
2021-09-23 18:00:00-06:00,42798.49,0.0,-0.04527944295889941,-0.0,4.514315920559256
2021-09-24 18:00:00-06:00,42651.58,0.0,-0.003432597738845411,-0.0,4.514315920559256
2021-09-25 18:00:00-06:00,43150.0,0.0,0.01168585079380402,0.0,4.514315920559256
2021-09-26 18:00:00-06:00,42122.69,0.0,-0.02380787949015062,-0.0,4.514315920559256
2021-09-27 18:00:00-06:00,41006.32,0.0,-0.02650281831478485,-0.0,4.514315920559256
2021-09-28 18:00:00-06:00,41499.71,0.0,0.012032047742884577,0.0,4.514315920559256
2021-09-29 18:00:00-06:00,43796.57,0.0,0.055346410854437256,0.0,4.514315920559256
2021-09-30 18:00:00-06:00,48123.94,0.0,0.09880613938488803,0.0,4.514315920559256
2021-10-01 18:00:00-06:00,47626.61,0.0,-0.010334357494419688,-0.0,4.514315920559256
2021-10-02 18:00:00-06:00,48187.3,0.0,0.011772620390155808,0.0,4.514315920559256
2021-10-03 18:00:00-06:00,49198.22,0.0,0.020978971637755084,0.0,4.514315920559256
2021-10-04 18:00:00-06:00,51455.12,1.0,0.045873610874539894,0.045673610874539895,4.72050102927962
2021-10-05 18:00:00-06:00,55321.6,1.0,0.07514276519032492,0.07514276519032492,5.075212529703466
2021-10-06 18:00:00-06:00,53814.99,1.0,-0.027233666416011104,-0.027233666416011104,4.9369958846791615
2021-10-07 18:00:00-06:00,53975.0,1.0,0.002973335124655918,0.002973335124655918,4.95167522795336
2021-10-08 18:00:00-06:00,54960.77,1.0,0.018263455303381138,0.018263455303381138,5.042109927155946
2021-10-09 18:00:00-06:00,54700.0,1.0,-0.004744656961683691,-0.004744656961683691,5.018186845188491
2021-10-10 18:00:00-06:00,57500.01,1.0,0.05118848263254128,0.05118848263254128,5.275060215360269
2021-10-11 18:00:00-06:00,56011.84,1.0,-0.025881212890223937,-0.025881212890223937,5.13853525891778
2021-10-12 18:00:00-06:00,57393.65,1.0,0.024669962636471254,0.024669962636471254,5.265302731761471
2021-10-13 18:00:00-06:00,57378.19,1.0,-0.00026936777849118076,-0.00026936777849118076,5.263884428861533
2021-10-14 18:00:00-06:00,61702.33,1.0,0.07536208444358383,0.07536208444358383,5.6605817316906615
2021-10-15 18:00:00-06:00,60925.56,1.0,-0.012588989751278534,-0.012588989751278534,5.589320726284133
2021-10-16 18:00:00-06:00,61571.45,1.0,0.01060129771478513,0.01060129771478513,5.64857477932689
2021-10-17 18:00:00-06:00,62037.92,1.0,0.00757607624962553,0.00757607624962553,5.6913688125567825
2021-10-18 18:00:00-06:00,64316.7,1.0,0.036732050333086574,0.036732050333086574,5.900424458243777
2021-10-19 18:00:00-06:00,66064.24,1.0,0.027170859201420594,0.027170859201420594,6.0607440604273375
2021-10-20 18:00:00-06:00,62260.33,1.0,-0.057578956482357224,-0.057578956482357224,5.711772741921287
2021-10-21 18:00:00-06:00,60734.27,1.0,-0.024510952640308892,-0.024510952640308892,5.571771750751847
2021-10-22 18:00:00-06:00,61325.11,1.0,0.009728280260880684,0.009728280260880684,5.625975507892819
2021-10-23 18:00:00-06:00,60902.82,1.0,-0.006886086302984262,-0.006886086302984262,5.587234555006993
2021-10-24 18:00:00-06:00,63127.04,1.0,0.03652080478375219,0.03652080478375219,5.791284857471438
2021-10-25 18:00:00-06:00,60358.75,1.0,-0.04385268183016344,-0.04385268183016344,5.537321485228899
2021-10-26 18:00:00-06:00,58449.36,1.0,-0.03163402157930706,-0.03163402157930706,5.362153737873608
2021-10-27 18:00:00-06:00,60622.03,1.0,0.03717183558553927,0.03717183558553927,5.5614748350022305
2021-10-28 18:00:00-06:00,62308.22,1.0,0.027814805937709464,0.027814805937709464,5.716166178265272
2021-10-29 18:00:00-06:00,61895.19,1.0,-0.006628820402829638,-0.006628820402829638,5.678274739276823
2021-10-30 18:00:00-06:00,61348.61,1.0,-0.00883073466613482,-0.00883073466613482,5.628131401692853
2021-10-31 18:00:00-06:00,60942.87,1.0,-0.0066136787777261175,-0.0066136787777261175,5.590908748483223
2021-11-01 18:00:00-06:00,63266.69,0.0,0.038131121819500846,-0.0002,5.589790566733527
2021-11-02 18:00:00-06:00,62946.45,0.0,-0.0050617473428751225,-0.0,5.589790566733527
2021-11-03 18:00:00-06:00,61431.86,1.0,-0.024061563440035072,-0.02426156344003507,5.454173508282212
2021-11-04 18:00:00-06:00,61006.0,1.0,-0.006932233534846621,-0.006932233534846621,5.416363903783226
2021-11-05 18:00:00-06:00,61511.3,0.0,0.008282791856538685,-0.0002,5.415280631002469
2021-11-06 18:00:00-06:00,63316.4,0.0,0.029345827514619227,0.0,5.415280631002469
2021-11-07 18:00:00-06:00,67606.96,1.0,0.0677638021113014,0.06756380211130139,5.7811575799326835
2021-11-08 18:00:00-06:00,67009.98,1.0,-0.008830155948440943,-0.008830155948440943,5.730109056939367
2021-11-09 18:00:00-06:00,64920.13,1.0,-0.031187145556527573,-0.031187145556527573,5.551403311725822
2021-11-10 18:00:00-06:00,64831.3,1.0,-0.001368296705505534,-0.001368296705505534,5.543807344863454
2021-11-11 18:00:00-06:00,64156.08,1.0,-0.010415031011255405,-0.010415031011255405,5.486068419446276
2021-11-12 18:00:00-06:00,64427.0,1.0,0.004222826581673944,0.004222826581673944,5.509235134996796
2021-11-13 18:00:00-06:00,65568.39,1.0,0.017716019681189632,0.017716019681189632,5.606836853076701
2021-11-14 18:00:00-06:00,63654.49,1.0,-0.029189370060786923,-0.029189370060786923,5.443176817301787
2021-11-15 18:00:00-06:00,60106.03,1.0,-0.05574563553961398,-0.05574563553961398,5.139743466266806
2021-11-16 18:00:00-06:00,60366.96,1.0,0.004341161776946434,0.004341161776946434,5.162055924145873
2021-11-17 18:00:00-06:00,56921.05,1.0,-0.057082715445667565,-0.057082715445667565,4.867391754713232
2021-11-18 18:00:00-06:00,58069.51,0.0,0.020176367090909197,-0.0002,4.866418276362289
2021-11-19 18:00:00-06:00,59716.29,0.0,0.028358772099161822,0.0,4.866418276362289
2021-11-20 18:00:00-06:00,58661.39,0.0,-0.01766519654854648,-0.0,4.866418276362289
2021-11-21 18:00:00-06:00,56268.31,0.0,-0.04079480557825177,-0.0,4.866418276362289
2021-11-22 18:00:00-06:00,57574.23,0.0,0.023208800833008914,0.0,4.866418276362289
2021-11-23 18:00:00-06:00,57165.08,0.0,-0.0071064780197668265,-0.0,4.866418276362289
2021-11-24 18:00:00-06:00,58988.21,0.0,0.03189237205650719,0.0,4.866418276362289
2021-11-25 18:00:00-06:00,53755.65,0.0,-0.08870518362906754,-0.0,4.866418276362289
2021-11-26 18:00:00-06:00,54738.77,0.0,0.018288682212939333,0.0,4.866418276362289
2021-11-27 18:00:00-06:00,57315.73,0.0,0.04707741880206684,0.0,4.866418276362289
2021-11-28 18:00:00-06:00,57827.98,0.0,0.008937337097512321,0.0,4.866418276362289
2021-11-29 18:00:00-06:00,56975.0,0.0,-0.014750299076675355,-0.0,4.866418276362289
2021-11-30 18:00:00-06:00,57209.29,0.0,0.004112154453707717,0.0,4.866418276362289
2021-12-01 18:00:00-06:00,56513.57,0.0,-0.012160961969638118,-0.0,4.866418276362289
2021-12-02 18:00:00-06:00,53612.0,0.0,-0.051342889858134955,-0.0,4.866418276362289
2021-12-03 18:00:00-06:00,49135.66,0.0,-0.08349511303439527,-0.0,4.866418276362289
2021-12-04 18:00:00-06:00,49376.6,0.0,0.004903566981699248,0.0,4.866418276362289
2021-12-05 18:00:00-06:00,50424.72,0.0,0.021227058971253543,0.0,4.866418276362289
2021-12-06 18:00:00-06:00,50577.2,0.0,0.0030239136677405742,0.0,4.866418276362289
2021-12-07 18:00:00-06:00,50455.61,0.0,-0.0024040476736552074,-0.0,4.866418276362289
2021-12-08 18:00:00-06:00,47539.76,0.0,-0.057790402296196586,-0.0,4.866418276362289
2021-12-09 18:00:00-06:00,47136.35,0.0,-0.008485739095022815,-0.0,4.866418276362289
2021-12-10 18:00:00-06:00,49381.15,0.0,0.047623543189067474,0.0,4.866418276362289
2021-12-11 18:00:00-06:00,50057.01,0.0,0.013686599036272007,0.0,4.866418276362289
2021-12-12 18:00:00-06:00,46679.93,0.0,-0.06746467677554058,-0.0,4.866418276362289
2021-12-13 18:00:00-06:00,48324.04,0.0,0.03522091828329654,0.0,4.866418276362289
2021-12-14 18:00:00-06:00,48870.48,0.0,0.01130782939505881,0.0,4.866418276362289
2021-12-15 18:00:00-06:00,47624.5,0.0,-0.02549555478071841,-0.0,4.866418276362289
2021-12-16 18:00:00-06:00,46125.33,0.0,-0.03147896565843211,-0.0,4.866418276362289
2021-12-17 18:00:00-06:00,46815.99,0.0,0.014973551408737906,0.0,4.866418276362289
2021-12-18 18:00:00-06:00,46668.63,0.0,-0.0031476425041957468,-0.0,4.866418276362289
2021-12-19 18:00:00-06:00,46898.14,0.0,0.004917864526985394,0.0,4.866418276362289
2021-12-20 18:00:00-06:00,48875.15,0.0,0.042155403178036455,0.0,4.866418276362289
2021-12-21 18:00:00-06:00,48569.69,0.0,-0.006249801790889631,-0.0,4.866418276362289
2021-12-22 18:00:00-06:00,50817.92,0.0,0.04628874510008196,0.0,4.866418276362289
2021-12-23 18:00:00-06:00,50808.55,0.0,-0.00018438377643148485,-0.0,4.866418276362289
2021-12-24 18:00:00-06:00,50403.64,0.0,-0.007969327996961262,-0.0,4.866418276362289
2021-12-25 18:00:00-06:00,50765.73,1.0,0.007183806566351203,0.006983806566351203,4.9004044002753595
2021-12-26 18:00:00-06:00,50707.72,1.0,-0.0011427000064807569,-0.0011427000064807569,4.894804708135407
2021-12-27 18:00:00-06:00,47522.03,1.0,-0.06282455610309445,-0.06282455610309445,4.587290775135463
2021-12-28 18:00:00-06:00,46436.54,1.0,-0.02284182725359163,-0.02284182725359163,4.482508671687824
2021-12-29 18:00:00-06:00,47095.02,1.0,0.014180212393085201,0.014180212393085201,4.546071596706203
2021-12-30 18:00:00-06:00,46210.56,1.0,-0.018780329639949134,-0.018780329639949134,4.46069487355325
2021-12-31 18:00:00-06:00,47704.35,1.0,0.03232572814525514,0.03232572814525514,4.6048900833746655
2022-01-01 18:00:00-06:00,47280.0,0.0,-0.00889541519798509,-0.0002,4.603969105357991
2022-01-02 18:00:00-06:00,46445.81,0.0,-0.017643612521150653,-0.0,4.603969105357991
2022-01-03 18:00:00-06:00,45833.42,0.0,-0.013185042956512127,-0.0,4.603969105357991
2022-01-04 18:00:00-06:00,43421.69,0.0,-0.052619464137740435,-0.0,4.603969105357991
2022-01-05 18:00:00-06:00,43080.01,0.0,-0.007868878433796578,-0.0,4.603969105357991
2022-01-06 18:00:00-06:00,41553.86,0.0,-0.03542594349444217,-0.0,4.603969105357991
2022-01-07 18:00:00-06:00,41688.05,0.0,0.0032293028854599726,0.0,4.603969105357991
2022-01-08 18:00:00-06:00,41851.22,0.0,0.003914071298609434,0.0,4.603969105357991
2022-01-09 18:00:00-06:00,41801.55,0.0,-0.0011868232276143198,-0.0,4.603969105357991
2022-01-10 18:00:00-06:00,42700.68,0.0,0.02150948948065312,0.0,4.603969105357991
2022-01-11 18:00:00-06:00,43880.72,0.0,0.027635157098200747,0.0,4.603969105357991
2022-01-12 18:00:00-06:00,42534.32,0.0,-0.030683179309728748,-0.0,4.603969105357991
2022-01-13 18:00:00-06:00,43042.4,0.0,0.011945177447294286,0.0,4.603969105357991
2022-01-14 18:00:00-06:00,43070.51,0.0,0.0006530769659685021,0.0,4.603969105357991
2022-01-15 18:00:00-06:00,43060.66,0.0,-0.00022869476121822885,-0.0,4.603969105357991
2022-01-16 18:00:00-06:00,42176.34,0.0,-0.02053661044675137,-0.0,4.603969105357991
2022-01-17 18:00:00-06:00,42337.58,0.0,0.0038229964951914663,0.0,4.603969105357991
2022-01-18 18:00:00-06:00,41657.89,0.0,-0.016054058829059303,-0.0,4.603969105357991
2022-01-19 18:00:00-06:00,40661.69,0.0,-0.023913837210669975,-0.0,4.603969105357991
2022-01-20 18:00:00-06:00,36425.98,0.0,-0.10416955124098382,-0.0,4.603969105357991
2022-01-21 18:00:00-06:00,35043.73,0.0,-0.03794681707945813,-0.0,4.603969105357991
2022-01-22 18:00:00-06:00,36230.01,0.0,0.03385141935518843,0.0,4.603969105357991
2022-01-23 18:00:00-06:00,36648.31,0.0,0.011545677188606884,0.0,4.603969105357991
2022-01-24 18:00:00-06:00,36934.26,0.0,0.007802542600190865,0.0,4.603969105357991
2022-01-25 18:00:00-06:00,36787.43,0.0,-0.003975441771406851,-0.0,4.603969105357991
2022-01-26 18:00:00-06:00,37131.0,0.0,0.00933933139662102,0.0,4.603969105357991
2022-01-27 18:00:00-06:00,37696.21,0.0,0.015222051654951274,0.0,4.603969105357991
2022-01-28 18:00:00-06:00,38150.01,0.0,0.012038345499454817,0.0,4.603969105357991
2022-01-29 18:00:00-06:00,37870.01,0.0,-0.007339447617444872,-0.0,4.603969105357991
2022-01-30 18:00:00-06:00,38439.04,0.0,0.015025874035945463,0.0,4.603969105357991
2022-01-31 18:00:00-06:00,38680.51,0.0,0.006281894657098608,0.0,4.603969105357991
2022-02-01 18:00:00-06:00,36892.03,0.0,-0.04623723937455848,-0.0,4.603969105357991
2022-02-02 18:00:00-06:00,37289.86,0.0,0.010783629960183783,0.0,4.603969105357991
2022-02-03 18:00:00-06:00,41550.0,0.0,0.11424392582863008,0.0,4.603969105357991
2022-02-04 18:00:00-06:00,41374.69,0.0,-0.004219253910950571,-0.0,4.603969105357991
2022-02-05 18:00:00-06:00,42361.35,1.0,0.023846946043583506,0.023646946043583507,4.712838914378717
2022-02-06 18:00:00-06:00,43829.99,1.0,0.03466933891389212,0.03466933891389212,4.876229923947893
2022-02-07 18:00:00-06:00,44021.57,1.0,0.004370979778913986,0.004370979778913986,4.897543826342805
2022-02-08 18:00:00-06:00,44358.08,1.0,0.007644207146632942,0.007644207146632942,4.934981665861082
2022-02-09 18:00:00-06:00,43471.29,1.0,-0.019991622721271973,-0.019991622721271973,4.836323374260793
2022-02-10 18:00:00-06:00,42366.0,1.0,-0.025425746509938008,-0.025425746509938008,4.71335624210675
2022-02-11 18:00:00-06:00,42199.87,1.0,-0.003921304819902716,-0.003921304819902716,4.6948737355566585
2022-02-12 18:00:00-06:00,42041.13,1.0,-0.003761622962345723,-0.003761622962345723,4.677213390707675
2022-02-13 18:00:00-06:00,42525.14,1.0,0.01151277332459899,0.01151277332459899,4.731061088265672
2022-02-14 18:00:00-06:00,44529.6,1.0,0.0471358824450665,0.0471358824450665,4.954063827562591
2022-02-15 18:00:00-06:00,43860.7,1.0,-0.015021468865653476,-0.015021468865653476,4.879646512018399
2022-02-16 18:00:00-06:00,40491.7,1.0,-0.07681135959982399,-0.07681135959982399,4.504834229063727
2022-02-17 18:00:00-06:00,39966.8,1.0,-0.012963150472812823,-0.012963150472812823,4.446437385097296
2022-02-18 18:00:00-06:00,40052.6,1.0,0.0021467818289178098,0.0021467818289178098,4.455982916079043
2022-02-19 18:00:00-06:00,38368.1,1.0,-0.042057194788852614,-0.042057194788852614,4.268576774601708
2022-02-20 18:00:00-06:00,36986.4,0.0,-0.03601168679189215,-0.0002,4.267723059246787
2022-02-21 18:00:00-06:00,38212.0,0.0,0.033136504228581165,0.0,4.267723059246787
2022-02-22 18:00:00-06:00,37227.8,0.0,-0.025756306919292316,-0.0,4.267723059246787
2022-02-23 18:00:00-06:00,38315.1,0.0,0.02920666813510331,0.0,4.267723059246787
2022-02-24 18:00:00-06:00,39205.4,0.0,0.023236269773535767,0.0,4.267723059246787
2022-02-25 18:00:00-06:00,39099.3,0.0,-0.0027062598519591585,-0.0,4.267723059246787
2022-02-26 18:00:00-06:00,37672.0,0.0,-0.03650448985020205,-0.0,4.267723059246787
2022-02-27 18:00:00-06:00,43155.0,0.0,0.14554576343172654,0.0,4.267723059246787
2022-02-28 18:00:00-06:00,44394.1,0.0,0.02871277951569917,0.0,4.267723059246787
2022-03-01 18:00:00-06:00,43885.7,0.0,-0.011451972221533935,-0.0,4.267723059246787
2022-03-02 18:00:00-06:00,42449.5,1.0,-0.03272592211130265,-0.03292592211130265,4.127204342205418
2022-03-03 18:00:00-06:00,39127.7,1.0,-0.07825298295621863,-0.07825298295621863,3.8042382911579855
2022-03-04 18:00:00-06:00,39375.1,1.0,0.006322886343945733,0.006322886343945733,3.8282920574982637
2022-03-05 18:00:00-06:00,38401.1,1.0,-0.02473644511379014,-0.02473644511379014,3.733593721138399
2022-03-06 18:00:00-06:00,37963.8,1.0,-0.011387694623331002,-0.011387694623331002,3.691076695994489
2022-03-07 18:00:00-06:00,38709.9,1.0,0.019652932530463296,0.019652932530463296,3.763617177265634
2022-03-08 18:00:00-06:00,41937.5,1.0,0.08337918723634008,0.08337918723634008,4.077424518574771
2022-03-09 18:00:00-06:00,39407.2,0.0,-0.06033502235469457,-0.0002,4.0766090336710565
2022-03-10 18:00:00-06:00,38713.0,0.0,-0.01761607015976774,-0.0,4.0766090336710565
2022-03-11 18:00:00-06:00,38792.6,0.0,0.0020561568465373714,0.0,4.0766090336710565
2022-03-12 18:00:00-06:00,37743.7,0.0,-0.027038662012858206,-0.0,4.0766090336710565
2022-03-13 18:00:00-06:00,39653.8,0.0,0.05060712118843691,0.0,4.0766090336710565
2022-03-14 18:00:00-06:00,39271.0,0.0,-0.009653551488129852,-0.0,4.0766090336710565
2022-03-15 18:00:00-06:00,41105.8,0.0,0.046721499325201865,0.0,4.0766090336710565
2022-03-16 18:00:00-06:00,40898.1,0.0,-0.005052814931226335,-0.0,4.0766090336710565
2022-03-17 18:00:00-06:00,41751.5,0.0,0.020866495020551046,0.0,4.0766090336710565
2022-03-18 18:00:00-06:00,42188.2,0.0,0.010459504448941948,0.0,4.0766090336710565
2022-03-19 18:00:00-06:00,41261.0,0.0,-0.021977709406895696,-0.0,4.0766090336710565
2022-03-20 18:00:00-06:00,40982.0,1.0,-0.006761833208114187,-0.006961833208114187,4.048228361523948
2022-03-21 18:00:00-06:00,42349.8,1.0,0.03337562832463048,0.03337562832463048,4.183340526691398
2022-03-22 18:00:00-06:00,42867.9,1.0,0.012233824008613947,0.012233824008613947,4.234518778463043
2022-03-23 18:00:00-06:00,43973.4,1.0,0.025788527079702916,0.025788527079702916,4.343720780650948
2022-03-24 18:00:00-06:00,44290.6,1.0,0.007213451768569135,0.007213451768569135,4.375054000998305
2022-03-25 18:00:00-06:00,44489.2,1.0,0.004484021440215313,0.004484021440215313,4.394671836940881
2022-03-26 18:00:00-06:00,46820.8,1.0,0.052408224917508184,0.052408224917508184,4.624988787009918
2022-03-27 18:00:00-06:00,47121.9,1.0,0.006430902504869662,0.006430902504869662,4.654731638985294
2022-03-28 18:00:00-06:00,47418.5,1.0,0.006294313259864293,0.006294313259864293,4.684029978061669
2022-03-29 18:00:00-06:00,47053.2,1.0,-0.007703744319200401,-0.007703744319200401,4.647945408727212
2022-03-30 18:00:00-06:00,45506.0,1.0,-0.032881929390562115,-0.032881929390562115,4.495111995986257
2022-03-31 18:00:00-06:00,46266.2,1.0,0.016705489386015016,0.016705489386015016,4.5702050417241535
2022-04-01 18:00:00-06:00,45794.6,1.0,-0.010193186386606157,-0.010193186386606157,4.523620089908852
2022-04-02 18:00:00-06:00,46392.4,1.0,0.013053940857655766,0.013053940857655766,4.5826711590250255
2022-04-03 18:00:00-06:00,46580.9,1.0,0.004063165518490175,0.004063165518490175,4.601291310460955
2022-04-04 18:00:00-06:00,45477.4,1.0,-0.02368996734713158,-0.02368996734713158,4.492286869561495
2022-04-05 18:00:00-06:00,43159.7,1.0,-0.0509637754137221,-0.0509637754137221,4.26334297044715
2022-04-06 18:00:00-06:00,43417.1,1.0,0.0059638968760209465,0.0059638968760209465,4.288769108270006
2022-04-07 18:00:00-06:00,42229.2,1.0,-0.027360187575863004,-0.027360187575863004,4.171427580998172
2022-04-08 18:00:00-06:00,42727.7,1.0,0.011804628077254575,0.011804628077254575,4.220669732143057
2022-04-09 18:00:00-06:00,42140.4,0.0,-0.013745181697119135,-0.0002,4.219825598196628
2022-04-10 18:00:00-06:00,39505.6,0.0,-0.06252432345207926,-0.0,4.219825598196628
2022-04-11 18:00:00-06:00,40060.7,0.0,0.014051172492001163,0.0,4.219825598196628
2022-04-12 18:00:00-06:00,41129.8,0.0,0.026687002473746224,0.0,4.219825598196628
2022-04-13 18:00:00-06:00,39915.9,0.0,-0.029513880446780716,-0.0,4.219825598196628
2022-04-14 18:00:00-06:00,40529.5,0.0,0.015372320303437936,0.0,4.219825598196628
2022-04-15 18:00:00-06:00,40361.0,0.0,-0.004157465549784689,-0.0,4.219825598196628
2022-04-16 18:00:00-06:00,39649.1,0.0,-0.017638314214216688,-0.0,4.219825598196628
2022-04-17 18:00:00-06:00,40785.6,0.0,0.028663954541212844,0.0,4.219825598196628
2022-04-18 18:00:00-06:00,41472.9,0.0,0.0168515358361776,0.0,4.219825598196628
2022-04-19 18:00:00-06:00,41327.7,0.0,-0.0035010814290779013,-0.0,4.219825598196628
2022-04-20 18:00:00-06:00,40449.8,0.0,-0.021242411264115746,-0.0,4.219825598196628
2022-04-21 18:00:00-06:00,39674.2,0.0,-0.019174384051342752,-0.0,4.219825598196628
2022-04-22 18:00:00-06:00,39415.1,0.0,-0.006530692490333778,-0.0,4.219825598196628
2022-04-23 18:00:00-06:00,39433.4,0.0,0.00046428906688045224,0.0,4.219825598196628
2022-04-24 18:00:00-06:00,40411.0,0.0,0.024791166878838755,0.0,4.219825598196628
2022-04-25 18:00:00-06:00,38093.7,0.0,-0.057343297616985534,-0.0,4.219825598196628
2022-04-26 18:00:00-06:00,39209.0,0.0,0.02927780709146144,0.0,4.219825598196628
2022-04-27 18:00:00-06:00,39732.5,0.0,0.013351526435257277,0.0,4.219825598196628
2022-04-28 18:00:00-06:00,38572.2,0.0,-0.02920279368275347,-0.0,4.219825598196628
2022-04-29 18:00:00-06:00,37614.5,0.0,-0.024828762684005468,-0.0,4.219825598196628
2022-04-30 18:00:00-06:00,38440.5,0.0,0.02195961663720114,0.0,4.219825598196628
2022-05-01 18:00:00-06:00,38525.6,0.0,0.002213810954592166,0.0,4.219825598196628
2022-05-02 18:00:00-06:00,37712.9,0.0,-0.021095064061299462,-0.0,4.219825598196628
2022-05-03 18:00:00-06:00,39684.0,0.0,0.05226593552869163,0.0,4.219825598196628
2022-05-04 18:00:00-06:00,36534.7,0.0,-0.07935943957262381,-0.0,4.219825598196628
2022-05-05 18:00:00-06:00,35995.3,0.0,-0.014764046235496542,-0.0,4.219825598196628
2022-05-06 18:00:00-06:00,35466.7,0.0,-0.014685250574380748,-0.0,4.219825598196628
2022-05-07 18:00:00-06:00,34032.0,0.0,-0.040452029650348,-0.0,4.219825598196628
2022-05-08 18:00:00-06:00,30056.6,0.0,-0.11681358721203572,-0.0,4.219825598196628
2022-05-09 18:00:00-06:00,31002.1,0.0,0.0314573171948922,0.0,4.219825598196628
2022-05-10 18:00:00-06:00,29074.7,0.0,-0.062169982033475124,-0.0,4.219825598196628
2022-05-11 18:00:00-06:00,29020.7,0.0,-0.0018572848559056387,-0.0,4.219825598196628
2022-05-12 18:00:00-06:00,29274.3,0.0,0.008738590040901828,0.0,4.219825598196628
2022-05-13 18:00:00-06:00,30079.8,0.0,0.02751560242260287,0.0,4.219825598196628
2022-05-14 18:00:00-06:00,31324.4,0.0,0.04137660489763895,0.0,4.219825598196628
2022-05-15 18:00:00-06:00,29866.7,0.0,-0.046535608024415476,-0.0,4.219825598196628
2022-05-16 18:00:00-06:00,30437.0,0.0,0.019094844760217944,0.0,4.219825598196628
2022-05-17 18:00:00-06:00,28700.6,0.0,-0.05704898643098866,-0.0,4.219825598196628
2022-05-18 18:00:00-06:00,30319.9,0.0,0.05642042326641272,0.0,4.219825598196628
2022-05-19 18:00:00-06:00,29188.9,0.0,-0.03730223384641773,-0.0,4.219825598196628
2022-05-20 18:00:00-06:00,29427.4,0.0,0.008170914285910102,0.0,4.219825598196628
2022-05-21 18:00:00-06:00,30284.0,0.0,0.029108925695100485,0.0,4.219825598196628
2022-05-22 18:00:00-06:00,29097.7,0.0,-0.03917250033020736,-0.0,4.219825598196628
2022-05-23 18:00:00-06:00,29643.1,0.0,0.018743749505974572,0.0,4.219825598196628
2022-05-24 18:00:00-06:00,29536.7,0.0,-0.0035893681834895386,-0.0,4.219825598196628
2022-05-25 18:00:00-06:00,29194.0,0.0,-0.011602514837473432,-0.0,4.219825598196628
2022-05-26 18:00:00-06:00,28623.2,0.0,-0.019551962732068162,-0.0,4.219825598196628
2022-05-27 18:00:00-06:00,29018.8,0.0,0.013820956426954245,0.0,4.219825598196628
2022-05-28 18:00:00-06:00,29452.8,0.0,0.014955821743145803,0.0,4.219825598196628
2022-05-29 18:00:00-06:00,31726.5,0.0,0.0771980932203391,0.0,4.219825598196628
2022-05-30 18:00:00-06:00,31797.8,0.0,0.002247332671426072,0.0,4.219825598196628
2022-05-31 18:00:00-06:00,29796.9,1.0,-0.06292573700067294,-0.06312573700067295,3.9534459972961606
2022-06-01 18:00:00-06:00,30437.1,1.0,0.021485456540780934,0.021485456540780934,4.0383875894573915
2022-06-02 18:00:00-06:00,29682.8,1.0,-0.024782255865374747,-0.024782255865374747,3.9383072349319046
2022-06-03 18:00:00-06:00,29848.4,1.0,0.005578988505127613,0.005578988505127613,3.960279005725251
2022-06-04 18:00:00-06:00,29909.9,1.0,0.002060411948379137,0.002060411948379137,3.968438811907562
2022-06-05 18:00:00-06:00,31361.2,1.0,0.04852239559476956,0.04852239559476956,4.160996969832578
2022-06-06 18:00:00-06:00,31118.1,1.0,-0.007751616647322268,-0.007751616647322268,4.128742516451766
2022-06-07 18:00:00-06:00,30192.5,1.0,-0.029744746626561347,-0.029744746626561347,4.005934116413597
2022-06-08 18:00:00-06:00,30093.3,1.0,-0.0032855841682537523,-0.0032855841682537523,3.9927722827016408
2022-06-09 18:00:00-06:00,29077.7,1.0,-0.03374837588433299,-0.03374837588433299,3.8580227028844796
2022-06-10 18:00:00-06:00,28416.7,1.0,-0.022732196838126772,-0.022732196838126772,3.7703213713965478
2022-06-11 18:00:00-06:00,26564.7,1.0,-0.06517294407865792,-0.06517294407865792,3.5245984274999516
2022-06-12 18:00:00-06:00,22471.5,0.0,-0.1540841793809078,-0.0002,3.5238935078144515
2022-06-13 18:00:00-06:00,22122.7,0.0,-0.015521883274369763,-0.0,3.5238935078144515
2022-06-14 18:00:00-06:00,22567.5,0.0,0.02010604492218393,0.0,3.5238935078144515
2022-06-15 18:00:00-06:00,20387.4,0.0,-0.09660352276503814,-0.0,3.5238935078144515
2022-06-16 18:00:00-06:00,20457.3,0.0,0.0034285882456810413,0.0,3.5238935078144515
2022-06-17 18:00:00-06:00,18959.7,0.0,-0.07320614157293481,-0.0,3.5238935078144515
2022-06-18 18:00:00-06:00,20564.2,0.0,0.08462686645885742,0.0,3.5238935078144515
2022-06-19 18:00:00-06:00,20570.1,0.0,0.0002869063712664932,0.0,3.5238935078144515
2022-06-20 18:00:00-06:00,20713.1,0.0,0.006951837861750798,0.0,3.5238935078144515
2022-06-21 18:00:00-06:00,19977.4,0.0,-0.03551858485692616,-0.0,3.5238935078144515
2022-06-22 18:00:00-06:00,21096.6,0.0,0.056023306336159706,0.0,3.5238935078144515
2022-06-23 18:00:00-06:00,21231.2,0.0,0.0063801750045031635,0.0,3.5238935078144515
2022-06-24 18:00:00-06:00,21481.9,0.0,0.011808093748822523,0.0,3.5238935078144515
2022-06-25 18:00:00-06:00,21029.1,0.0,-0.021078210027977162,-0.0,3.5238935078144515
2022-06-26 18:00:00-06:00,20730.0,0.0,-0.014223147923591473,-0.0,3.5238935078144515
2022-06-27 18:00:00-06:00,20268.6,0.0,-0.022257597684515296,-0.0,3.5238935078144515
2022-06-28 18:00:00-06:00,20109.9,0.0,-0.007829845179242678,-0.0,3.5238935078144515
2022-06-29 18:00:00-06:00,19923.5,0.0,-0.009269066479694166,-0.0,3.5238935078144515
2022-06-30 18:00:00-06:00,19272.0,0.0,-0.03270007779757578,-0.0,3.5238935078144515
2022-07-01 18:00:00-06:00,19240.9,0.0,-0.0016137401411373542,-0.0,3.5238935078144515
2022-07-02 18:00:00-06:00,19305.9,0.0,0.003378220353517758,0.0,3.5238935078144515
2022-07-03 18:00:00-06:00,20226.6,0.0,0.04769008437835054,0.0,3.5238935078144515
2022-07-04 18:00:00-06:00,20170.0,0.0,-0.002798295314091259,-0.0,3.5238935078144515
2022-07-05 18:00:00-06:00,20554.1,0.0,0.019043133366385634,0.0,3.5238935078144515
2022-07-06 18:00:00-06:00,21613.4,0.0,0.051537162901805544,0.0,3.5238935078144515
2022-07-07 18:00:00-06:00,21587.9,0.0,-0.001179823627934562,-0.0,3.5238935078144515
2022-07-08 18:00:00-06:00,21580.0,0.0,-0.0003659457381218756,-0.0,3.5238935078144515
2022-07-09 18:00:00-06:00,20853.8,1.0,-0.03365152919369785,-0.03385152919369785,3.4046043238591883
2022-07-10 18:00:00-06:00,19954.3,1.0,-0.04313362552628297,-0.04313362552628297,3.257751395888682
2022-07-11 18:00:00-06:00,19322.9,1.0,-0.031642302661581634,-0.031642302661581634,3.1546686402237825
2022-07-12 18:00:00-06:00,20220.1,1.0,0.046431953795755154,0.046431953795755154,3.301146068767571
2022-07-13 18:00:00-06:00,20578.6,1.0,0.01772988264152997,0.01772988264152997,3.359675001149368
2022-07-14 18:00:00-06:00,20823.1,1.0,0.011881274722284285,0.011881274722284285,3.399592222815614
2022-07-15 18:00:00-06:00,21183.5,1.0,0.0173077015429981,0.0173077015429981,3.4584313503760042
2022-07-16 18:00:00-06:00,20794.4,1.0,-0.018368069488044925,-0.018368069488044925,3.3949066430126646
2022-07-17 18:00:00-06:00,22423.9,1.0,0.0783624437348518,0.0783624437348518,3.660939823810819
2022-07-18 18:00:00-06:00,23385.9,1.0,0.042900655104598284,0.042900655104598284,3.8179965405508156
2022-07-19 18:00:00-06:00,23221.5,1.0,-0.00702987697715296,-0.00702987697715296,3.7911564945715477
2022-07-20 18:00:00-06:00,23144.5,1.0,-0.003315892599530579,-0.003315892599530579,3.7785854268075356
2022-07-21 18:00:00-06:00,22675.1,1.0,-0.020281276329149556,-0.020281276329149556,3.7019508916331545
2022-07-22 18:00:00-06:00,22440.2,1.0,-0.010359380995012102,-0.010359380995012102,3.663600971921902
2022-07-23 18:00:00-06:00,22570.6,1.0,0.005810999901961544,0.005810999901961544,3.684890156810566
2022-07-24 18:00:00-06:00,21300.0,1.0,-0.056294471569209414,-0.056294471569209414,3.4774512126423343
2022-07-25 18:00:00-06:00,21241.0,1.0,-0.0027699530516431814,-0.0027699530516431814,3.4678188360439353
2022-07-26 18:00:00-06:00,22941.1,1.0,0.08003860458547152,0.08003860458547152,3.745378216636106
2022-07-27 18:00:00-06:00,23836.2,1.0,0.03901730954487803,0.03901730954487803,3.8915127978772404
2022-07-28 18:00:00-06:00,23771.1,1.0,-0.0027311400307097333,-0.0027311400307097333,3.8808845314949387
2022-07-29 18:00:00-06:00,23629.9,1.0,-0.0059399859493248774,-0.0059399859493248774,3.8578321319069064
2022-07-30 18:00:00-06:00,23290.1,1.0,-0.014380086246662205,-0.014380086246662205,3.8023561731249402
2022-07-31 18:00:00-06:00,23257.6,1.0,-0.0013954426988290747,-0.0013954426988290747,3.7970502029648054
2022-08-01 18:00:00-06:00,22975.1,1.0,-0.012146567143643372,-0.012146567143643372,3.750929077726709
2022-08-02 18:00:00-06:00,22801.5,1.0,-0.007556006285065031,-0.007556006285065031,3.7225870340405725
2022-08-03 18:00:00-06:00,22608.9,1.0,-0.008446812709690055,-0.008446812709690055,3.6911430385685113
2022-08-04 18:00:00-06:00,23298.1,1.0,0.030483570629265433,0.030483570629265433,3.803662258087436
2022-08-05 18:00:00-06:00,22943.3,1.0,-0.015228709637266524,-0.015228709637266524,3.745737390000793
2022-08-06 18:00:00-06:00,23167.8,1.0,0.009784991696922374,0.009784991696922374,3.7823893992608024
2022-08-07 18:00:00-06:00,23804.4,1.0,0.02747779245331894,0.02747779245331894,3.8863211101513246
2022-08-08 18:00:00-06:00,23140.2,1.0,-0.0279024045974694,-0.0279024045974694,3.777883406140196
2022-08-09 18:00:00-06:00,23940.9,1.0,0.034602120984261076,0.034602120984261076,3.908606184823891
2022-08-10 18:00:00-06:00,23917.2,1.0,-0.0009899377216395777,-0.0009899377216395777,3.9047369081225
2022-08-11 18:00:00-06:00,24387.5,1.0,0.019663673005201332,0.019663673005201332,3.9815183778551617
2022-08-12 18:00:00-06:00,24429.0,1.0,0.0017016914402869787,0.0017016914402869787,3.988293693598103
2022-08-13 18:00:00-06:00,24294.1,1.0,-0.005522125342830253,-0.005522125342830253,3.966269835918035
2022-08-14 18:00:00-06:00,24085.2,1.0,-0.008598795592345332,-0.008598795592345332,3.9321646923348905
2022-08-15 18:00:00-06:00,23843.0,1.0,-0.010055967980336478,-0.010055967980336478,3.892622970095361
2022-08-16 18:00:00-06:00,23333.1,1.0,-0.021385731661284324,-0.021385731661284324,3.80937637979835
2022-08-17 18:00:00-06:00,23185.1,1.0,-0.006342920572062871,-0.006342920572062871,3.7852138079921964
2022-08-18 18:00:00-06:00,20824.9,1.0,-0.10179813759699108,-0.10179813759699108,3.399886091932176
2022-08-19 18:00:00-06:00,21127.8,1.0,0.014545087851562277,0.014545087851562277,3.4493377338246343
2022-08-20 18:00:00-06:00,21505.6,0.0,0.01788165355597826,-0.0002,3.4486478662778692
2022-08-21 18:00:00-06:00,21387.0,0.0,-0.0055148426456363975,-0.0,3.4486478662778692
2022-08-22 18:00:00-06:00,21518.2,0.0,0.006134567728059093,0.0,3.4486478662778692
2022-08-23 18:00:00-06:00,21354.9,0.0,-0.0075889247241869295,-0.0,3.4486478662778692
2022-08-24 18:00:00-06:00,21548.3,0.0,0.009056469475389628,0.0,3.4486478662778692
2022-08-25 18:00:00-06:00,20228.7,0.0,-0.06123916967927856,-0.0,3.4486478662778692
2022-08-26 18:00:00-06:00,20023.9,0.0,-0.010124229436394794,-0.0,3.4486478662778692
2022-08-27 18:00:00-06:00,19547.5,0.0,-0.0237915690749555,-0.0,3.4486478662778692
2022-08-28 18:00:00-06:00,20275.5,0.0,0.03724261414503127,0.0,3.4486478662778692
2022-08-29 18:00:00-06:00,19803.1,0.0,-0.023299055510345057,-0.0,3.4486478662778692
2022-08-30 18:00:00-06:00,20041.5,0.0,0.012038519221738042,0.0,3.4486478662778692
2022-08-31 18:00:00-06:00,20122.5,0.0,0.004041613651672771,0.0,3.4486478662778692
2022-09-01 18:00:00-06:00,19941.0,0.0,-0.009019754006708958,-0.0,3.4486478662778692
2022-09-02 18:00:00-06:00,19820.7,0.0,-0.006032796750413683,-0.0,3.4486478662778692
2022-09-03 18:00:00-06:00,19992.7,0.0,0.008677796445130559,0.0,3.4486478662778692
2022-09-04 18:00:00-06:00,19784.9,0.0,-0.010393793734713164,-0.0,3.4486478662778692
2022-09-05 18:00:00-06:00,18781.5,0.0,-0.0507154446067456,-0.0,3.4486478662778692
2022-09-06 18:00:00-06:00,19287.0,0.0,0.026914783164283973,0.0,3.4486478662778692
2022-09-07 18:00:00-06:00,19309.3,0.0,0.0011562192150151862,0.0,3.4486478662778692
2022-09-08 18:00:00-06:00,21352.0,0.0,0.10578840247963428,0.0,3.4486478662778692
2022-09-09 18:00:00-06:00,21639.5,0.0,0.013464780816785371,0.0,3.4486478662778692
2022-09-10 18:00:00-06:00,21820.3,0.0,0.008355091383811963,0.0,3.4486478662778692
2022-09-11 18:00:00-06:00,22386.0,0.0,0.02592539974244179,0.0,3.4486478662778692
2022-09-12 18:00:00-06:00,20162.5,1.0,-0.09932547127669078,-0.09952547127669079,3.10541956211921
2022-09-13 18:00:00-06:00,20217.0,1.0,0.0027030378177308467,0.0027030378177308467,3.1138136286355396
2022-09-14 18:00:00-06:00,19690.8,1.0,-0.026027600534203943,-0.026027600534203943,3.032768531371454
2022-09-15 18:00:00-06:00,19792.5,1.0,0.005164848558717905,0.005164848558717905,3.0484323215496327
2022-09-16 18:00:00-06:00,20102.0,1.0,0.015637236326891513,0.015637236326891513,3.096101378188239
2022-09-17 18:00:00-06:00,19404.5,1.0,-0.03469803999602028,-0.03469803999602028,2.98867272873613
2022-09-18 18:00:00-06:00,19528.6,1.0,0.006395423741915485,0.006395423741915485,3.007786557262304
2022-09-19 18:00:00-06:00,18866.8,0.0,-0.033888758026689,-0.0002,3.0071849999508515
2022-09-20 18:00:00-06:00,18447.5,0.0,-0.022224224563783923,-0.0,3.0071849999508515
2022-09-21 18:00:00-06:00,19392.5,0.0,0.051226453448976805,0.0,3.0071849999508515
2022-09-22 18:00:00-06:00,19280.7,0.0,-0.005765115379657071,-0.0,3.0071849999508515
2022-09-23 18:00:00-06:00,18911.0,0.0,-0.019174615029537323,-0.0,3.0071849999508515
2022-09-24 18:00:00-06:00,18799.7,0.0,-0.005885463486859477,-0.0,3.0071849999508515
2022-09-25 18:00:00-06:00,19216.3,0.0,0.022159928083958613,0.0,3.0071849999508515
2022-09-26 18:00:00-06:00,19070.1,0.0,-0.007608124352763035,-0.0,3.0071849999508515
2022-09-27 18:00:00-06:00,19407.3,0.0,0.017682130665282347,0.0,3.0071849999508515
2022-09-28 18:00:00-06:00,19582.5,0.0,0.009027530877556478,0.0,3.0071849999508515
2022-09-29 18:00:00-06:00,19411.7,0.0,-0.008722073279713971,-0.0,3.0071849999508515
2022-09-30 18:00:00-06:00,19304.0,0.0,-0.005548200312182949,-0.0,3.0071849999508515
2022-10-01 18:00:00-06:00,19049.4,0.0,-0.013188976377952688,-0.0,3.0071849999508515
2022-10-02 18:00:00-06:00,19622.0,0.0,0.030058689512530545,0.0,3.0071849999508515
2022-10-03 18:00:00-06:00,20333.0,0.0,0.03623483844664155,0.0,3.0071849999508515
2022-10-04 18:00:00-06:00,20150.0,1.0,-0.009000147543402393,-0.009200147543402393,2.9795184542609974
2022-10-05 18:00:00-06:00,19954.0,1.0,-0.009727047146401935,-0.009727047146401935,2.950536537782826
2022-10-06 18:00:00-06:00,19520.9,1.0,-0.021704921319033676,-0.021704921319033676,2.8864953743813158
2022-10-07 18:00:00-06:00,19406.2,1.0,-0.005875753679389861,-0.005875753679389861,2.869535038564753
2022-10-08 18:00:00-06:00,19430.0,1.0,0.0012264121775513726,0.0012264121775513726,2.873054271279959
2022-10-09 18:00:00-06:00,19124.0,1.0,-0.015748841996911955,-0.015748841996911955,2.827806993513018
2022-10-10 18:00:00-06:00,19055.0,1.0,-0.003608031792512012,-0.003608031792512012,2.817604175977335
2022-10-11 18:00:00-06:00,19148.0,1.0,0.004880608764104011,0.004880608764104011,2.8313557996123864
2022-10-12 18:00:00-06:00,19365.5,0.0,0.01135888865677881,-0.0002,2.830789528452464
2022-10-13 18:00:00-06:00,19164.6,0.0,-0.010374118922826803,-0.0,2.830789528452464
2022-10-14 18:00:00-06:00,19060.4,0.0,-0.0054371080012104445,-0.0,2.830789528452464
2022-10-15 18:00:00-06:00,19251.9,0.0,0.010047008457325202,0.0,2.830789528452464
2022-10-16 18:00:00-06:00,19540.6,0.0,0.014995922480378399,0.0,2.830789528452464
2022-10-17 18:00:00-06:00,19320.9,0.0,-0.01124325762770828,-0.0,2.830789528452464
2022-10-18 18:00:00-06:00,19116.7,0.0,-0.010568865839583053,-0.0,2.830789528452464
2022-10-19 18:00:00-06:00,19034.7,0.0,-0.004289443261650816,-0.0,2.830789528452464
2022-10-20 18:00:00-06:00,19150.9,0.0,0.006104640472400336,0.0,2.830789528452464
2022-10-21 18:00:00-06:00,19195.1,0.0,0.0023079855254843906,0.0,2.830789528452464
2022-10-22 18:00:00-06:00,19560.7,0.0,0.019046527499205546,0.0,2.830789528452464
2022-10-23 18:00:00-06:00,19318.1,0.0,-0.012402419136329557,-0.0,2.830789528452464
2022-10-24 18:00:00-06:00,20068.3,0.0,0.03883404682655134,0.0,2.830789528452464
2022-10-25 18:00:00-06:00,20758.3,1.0,0.03438258347742451,0.03418258347742451,2.9275532278158094
2022-10-26 18:00:00-06:00,20285.5,1.0,-0.022776431596036262,-0.022776431596036262,2.8608740119787073
2022-10-27 18:00:00-06:00,20582.8,1.0,0.014655788617485399,0.014655788617485399,2.902802376759525
2022-10-28 18:00:00-06:00,20796.7,1.0,0.010392172104864317,0.010392172104864317,2.932968798645219
2022-10-29 18:00:00-06:00,20615.6,1.0,-0.00870811234474711,-0.00870811234474711,2.9074281768429784
2022-10-30 18:00:00-06:00,20482.0,1.0,-0.0064805293079026605,-0.0064805293079026605,2.8885865033323253
2022-10-31 18:00:00-06:00,20472.1,1.0,-0.0004833512352310221,-0.0004833512352310221,2.887190301477868
2022-11-01 18:00:00-06:00,20140.1,1.0,-0.016217193155562915,-0.016217193155562915,2.8403681786819335
2022-11-02 18:00:00-06:00,20199.7,1.0,0.002959270311468254,0.002959270311468254,2.848773595906746
2022-11-03 18:00:00-06:00,21137.6,1.0,0.04643138264429658,0.04643138264429658,2.981046092805261
2022-11-04 18:00:00-06:00,21289.9,1.0,0.007205169934145994,0.007205169934145994,3.0025250364854448
2022-11-05 18:00:00-06:00,20900.0,1.0,-0.018313848350626438,-0.018313848350626438,2.9475372482982913
2022-11-06 18:00:00-06:00,20578.6,1.0,-0.015377990430622046,-0.015377990430622046,2.9022100487000584
2022-11-07 18:00:00-06:00,18534.0,1.0,-0.09935564129726993,-0.09935564129726993,2.613859108132083
2022-11-08 18:00:00-06:00,15905.0,1.0,-0.14184741556059133,-0.14184741556059133,2.243089949004035
2022-11-09 18:00:00-06:00,17588.0,0.0,0.1058157812008802,-0.0002,2.242641331014234
2022-11-10 18:00:00-06:00,17058.3,0.0,-0.030117125312713267,-0.0,2.242641331014234
2022-11-11 18:00:00-06:00,16806.9,0.0,-0.014737693674047092,-0.0,2.242641331014234
2022-11-12 18:00:00-06:00,16321.2,0.0,-0.028898845117184102,-0.0,2.242641331014234
2022-11-13 18:00:00-06:00,16605.2,0.0,0.017400681322451872,0.0,2.242641331014234
2022-11-14 18:00:00-06:00,16888.3,0.0,0.017048876255630674,0.0,2.242641331014234
2022-11-15 18:00:00-06:00,16650.6,0.0,-0.014074832872462029,-0.0,2.242641331014234
2022-11-16 18:00:00-06:00,16682.1,0.0,0.0018918237180642894,0.0,2.242641331014234
2022-11-17 18:00:00-06:00,16689.7,0.0,0.00045557813464736086,0.0,2.242641331014234
2022-11-18 18:00:00-06:00,16692.9,0.0,0.00019173502219937966,0.0,2.242641331014234
2022-11-19 18:00:00-06:00,16272.6,0.0,-0.02517836924680561,-0.0,2.242641331014234
2022-11-20 18:00:00-06:00,15773.0,0.0,-0.030701916104371785,-0.0,2.242641331014234
2022-11-21 18:00:00-06:00,16220.6,0.0,0.028377607303620156,0.0,2.242641331014234
2022-11-22 18:00:00-06:00,16595.8,0.0,0.02313108023131072,0.0,2.242641331014234
2022-11-23 18:00:00-06:00,16592.4,0.0,-0.0002048711119679858,-0.0,2.242641331014234
2022-11-24 18:00:00-06:00,16516.1,0.0,-0.0045984908753406994,-0.0,2.242641331014234
2022-11-25 18:00:00-06:00,16449.2,0.0,-0.004050593057682961,-0.0,2.242641331014234
2022-11-26 18:00:00-06:00,16422.6,0.0,-0.0016170999197531177,-0.0,2.242641331014234
2022-11-27 18:00:00-06:00,16204.5,0.0,-0.01328047933944676,-0.0,2.242641331014234
2022-11-28 18:00:00-06:00,16433.2,0.0,0.014113363571847337,0.0,2.242641331014234
2022-11-29 18:00:00-06:00,17153.3,0.0,0.04381982815276375,0.0,2.242641331014234
2022-11-30 18:00:00-06:00,16970.5,0.0,-0.010656841540694795,-0.0,2.242641331014234
2022-12-01 18:00:00-06:00,17083.0,1.0,0.0066291505848383725,0.006429150584838373,2.257059609839107
2022-12-02 18:00:00-06:00,16879.5,1.0,-0.011912427559562122,-0.011912427559562122,2.2301725507392853
2022-12-03 18:00:00-06:00,17099.5,1.0,0.013033561420658257,0.013033561420658257,2.259239641658012
2022-12-04 18:00:00-06:00,16958.3,1.0,-0.008257551390391527,-0.008257551390391527,2.2405838542138112
2022-12-05 18:00:00-06:00,17078.6,1.0,0.007093871437584998,0.007093871437584998,2.2564782680207327
2022-12-06 18:00:00-06:00,16828.0,1.0,-0.014673333879826167,-0.014673333879826167,2.223368209001493
2022-12-07 18:00:00-06:00,17216.0,1.0,0.023056810078440737,0.023056810078440737,2.274631987530883
2022-12-08 18:00:00-06:00,17122.0,1.0,-0.005460037174721211,-0.005460037174721211,2.2622124123201544
2022-12-09 18:00:00-06:00,17120.0,1.0,-0.00011680878402053896,-0.00011680878402053896,2.2619481660390752
2022-12-10 18:00:00-06:00,17077.3,1.0,-0.002494158878504682,-0.002494158878504682,2.2563065079380316
2022-12-11 18:00:00-06:00,17200.0,1.0,0.007184976547814914,0.007184976547814914,2.2725180172822483
2022-12-12 18:00:00-06:00,17777.1,1.0,0.033552325581395204,0.033552325581395204,2.348766281687689
2022-12-13 18:00:00-06:00,17803.9,1.0,0.0015075574756289178,0.0015075574756289178,2.3523071818541523
2022-12-14 18:00:00-06:00,17351.8,1.0,-0.02539331270114986,-0.02539331270114986,2.2925743100161693
2022-12-15 18:00:00-06:00,16624.1,1.0,-0.04193801219470028,-0.04193801219470028,2.196428300645455
2022-12-16 18:00:00-06:00,16768.0,1.0,0.008656107699063442,0.008656107699063442,2.2154408205691127
2022-12-17 18:00:00-06:00,16730.3,1.0,-0.0022483301526717847,-0.0022483301526717847,2.210459778170767
2022-12-18 18:00:00-06:00,16429.2,1.0,-0.01799728636067488,-0.01799728636067488,2.170677500554274
2022-12-19 18:00:00-06:00,16887.2,1.0,0.027877194263871585,0.027877194263871585,2.231189898921441
2022-12-20 18:00:00-06:00,16819.6,0.0,-0.004003031882135688,-0.0002,2.230743660941657
2022-12-21 18:00:00-06:00,16815.5,0.0,-0.00024376322861419109,-0.0,2.230743660941657
2022-12-22 18:00:00-06:00,16776.4,0.0,-0.0023252356456839873,-0.0,2.230743660941657
2022-12-23 18:00:00-06:00,16828.9,0.0,0.0031293960563649748,0.0,2.230743660941657
2022-12-24 18:00:00-06:00,16824.4,0.0,-0.00026739715608270487,-0.0,2.230743660941657
2022-12-25 18:00:00-06:00,16912.9,0.0,0.005260217303440173,0.0,2.230743660941657
2022-12-26 18:00:00-06:00,16698.2,0.0,-0.012694452163733105,-0.0,2.230743660941657
2022-12-27 18:00:00-06:00,16539.0,0.0,-0.009533961744379704,-0.0,2.230743660941657
2022-12-28 18:00:00-06:00,16630.3,0.0,0.0055202853860572,0.0,2.230743660941657
2022-12-29 18:00:00-06:00,16601.2,0.0,-0.0017498181031009308,-0.0,2.230743660941657
2022-12-30 18:00:00-06:00,16537.6,0.0,-0.0038310483579501176,-0.0,2.230743660941657
2022-12-31 18:00:00-06:00,16610.3,0.0,0.004396042956656299,0.0,2.230743660941657
2023-01-01 18:00:00-06:00,16666.0,0.0,0.0033533409992594354,0.0,2.230743660941657
2023-01-02 18:00:00-06:00,16667.2,0.0,7.20028801153294e-05,0.0,2.230743660941657
2023-01-03 18:00:00-06:00,16842.1,0.0,0.010493664202745334,0.0,2.230743660941657
2023-01-04 18:00:00-06:00,16823.8,0.0,-0.0010865628395508864,-0.0,2.230743660941657
2023-01-05 18:00:00-06:00,16943.8,0.0,0.007132752410276,0.0,2.230743660941657
2023-01-06 18:00:00-06:00,16936.5,0.0,-0.00043083605802707314,-0.0,2.230743660941657
2023-01-07 18:00:00-06:00,17124.7,1.0,0.011112095179051096,0.010912095179051095,2.2550857480899174
2023-01-08 18:00:00-06:00,17169.7,1.0,0.002627783260436667,0.002627783260436667,2.2610116246695973
2023-01-09 18:00:00-06:00,17428.8,1.0,0.01509053740018751,0.01509053740018751,2.2951315051539325
2023-01-10 18:00:00-06:00,17935.7,1.0,0.029084044799412512,0.029084044799412512,2.3618832126703726
2023-01-11 18:00:00-06:00,18838.0,1.0,0.05030748730186163,0.05030748730186163,2.4807036224002674
2023-01-12 18:00:00-06:00,19924.2,1.0,0.057660048837456346,0.057660048837456346,2.6237411144191216
2023-01-13 18:00:00-06:00,20962.8,1.0,0.052127563465534266,0.052127563465534266,2.760510345878136
2023-01-14 18:00:00-06:00,20882.7,1.0,-0.0038210544392923707,-0.0038210544392923707,2.7499622855663057
2023-01-15 18:00:00-06:00,21188.3,1.0,0.014634122982181363,0.014634122982181363,2.7902055718496435
2023-01-16 18:00:00-06:00,21130.9,1.0,-0.002709042254451677,-0.002709042254451677,2.7826467870568963
2023-01-17 18:00:00-06:00,20680.0,1.0,-0.02133841909241918,-0.02133841909241918,2.7232695037285026
2023-01-18 18:00:00-06:00,21068.3,1.0,0.018776595744680824,0.018776595744680824,2.77440323430383
2023-01-19 18:00:00-06:00,22661.1,1.0,0.07560173340990972,0.07560173340990972,2.9841529279952597
2023-01-20 18:00:00-06:00,22781.9,1.0,0.005330720927051225,0.005330720927051225,3.0000606144580453
2023-01-21 18:00:00-06:00,22704.6,1.0,-0.00339304447829214,-0.00339304447829214,2.9898812753556165
2023-01-22 18:00:00-06:00,22913.1,1.0,0.009183161121534944,0.009183161121534944,3.0173378368414676
2023-01-23 18:00:00-06:00,22627.4,1.0,-0.012468849697334639,-0.012468849697334639,2.9797151048678105
2023-01-24 18:00:00-06:00,23060.6,1.0,0.0191449304825122,0.0191449304825122,3.0367615434081965
2023-01-25 18:00:00-06:00,23001.9,1.0,-0.0025454671604380197,-0.0025454671604380197,3.02903156662537
2023-01-26 18:00:00-06:00,23068.0,1.0,0.0028736756528808804,0.0028736756528808804,3.037736020890189
2023-01-27 18:00:00-06:00,23015.9,1.0,-0.002258539968787887,-0.002258539968787887,3.0308751726723817
2023-01-28 18:00:00-06:00,23740.3,1.0,0.0314738941340551,0.0314738941340551,3.1262686169906084
2023-01-29 18:00:00-06:00,22819.9,1.0,-0.03876951849808119,-0.03876951849808119,3.00506468801422
2023-01-30 18:00:00-06:00,23119.4,1.0,0.013124509748070778,0.013124509748070778,3.044504688805646
2023-01-31 18:00:00-06:00,23730.0,1.0,0.026410720001384114,0.026410720001384114,3.124912249684593
2023-02-01 18:00:00-06:00,23493.1,1.0,-0.009983143699957897,-0.009983143699957897,3.093715801646233
2023-02-02 18:00:00-06:00,23424.7,1.0,-0.002911493161821932,-0.002911493161821932,3.0847084692451197
2023-02-03 18:00:00-06:00,23322.6,1.0,-0.004358647069119481,-0.004358647069119481,3.0712633137165564
2023-02-04 18:00:00-06:00,22929.2,1.0,-0.01686775916921779,-0.01686775916921779,3.0194579837955318
2023-02-05 18:00:00-06:00,22757.7,1.0,-0.007479545732079651,-0.007479545732079651,2.99687380971964
2023-02-06 18:00:00-06:00,23234.1,1.0,0.020933574130953314,0.020933574130953314,3.0596090897765187
2023-02-07 18:00:00-06:00,22955.9,1.0,-0.011973779918309613,-0.011973779918309613,3.022974003899475
2023-02-08 18:00:00-06:00,21793.4,1.0,-0.05064057606105621,-0.05064057606105621,2.869888858924408
2023-02-09 18:00:00-06:00,21618.6,0.0,-0.008020776932465945,-0.0002,2.869314881152623
2023-02-10 18:00:00-06:00,21851.3,0.0,0.01076387925212563,0.0,2.869314881152623
2023-02-11 18:00:00-06:00,21771.1,0.0,-0.003670262181197481,-0.0,2.869314881152623
2023-02-12 18:00:00-06:00,21766.2,0.0,-0.0002250690135086053,-0.0,2.869314881152623
2023-02-13 18:00:00-06:00,22187.4,0.0,0.01935110400529272,0.0,2.869314881152623
2023-02-14 18:00:00-06:00,24332.6,0.0,0.09668550618819682,0.0,2.869314881152623
2023-02-15 18:00:00-06:00,23526.6,0.0,-0.03312428593738437,-0.0,2.869314881152623
2023-02-16 18:00:00-06:00,24581.5,0.0,0.044838608213681574,0.0,2.869314881152623
2023-02-17 18:00:00-06:00,24636.9,0.0,0.0022537273966194427,0.0,2.869314881152623
2023-02-18 18:00:00-06:00,24265.9,1.0,-0.015058712743892255,-0.015258712743892256,2.82553282960934
2023-02-19 18:00:00-06:00,24849.9,1.0,0.02406669441479603,0.02406669441479603,2.893534064778522
2023-02-20 18:00:00-06:00,24443.4,1.0,-0.016358214721186037,-0.016358214721186037,2.8462010132438085
2023-02-21 18:00:00-06:00,24171.3,1.0,-0.011131839269496124,-0.011131839269496124,2.8145175610357014
2023-02-22 18:00:00-06:00,23928.8,1.0,-0.010032559274842479,-0.010032559274842479,2.7862807467745254
2023-02-23 18:00:00-06:00,23175.6,1.0,-0.03147671425228182,-0.03147671425228182,2.698577783881669
2023-02-24 18:00:00-06:00,23146.2,1.0,-0.0012685755708589097,-0.0012685755708589097,2.695154434028974
2023-02-25 18:00:00-06:00,23545.3,1.0,0.017242571134786555,0.017242571134786555,2.741625826076954
2023-02-26 18:00:00-06:00,23480.0,1.0,-0.0027733772769936715,-0.0027733772769936715,2.7340222633088933
2023-02-27 18:00:00-06:00,23129.6,1.0,-0.014923339011925107,-0.014923339011925107,2.693221522207384
2023-02-28 18:00:00-06:00,23619.8,1.0,0.021193622025456493,0.021193622025456493,2.7503006411798716
2023-03-01 18:00:00-06:00,23457.1,1.0,-0.006888288639192552,-0.006888288639192552,2.7313557765188685
2023-03-02 18:00:00-06:00,22342.8,0.0,-0.04750374087163367,-0.0002,2.7308095053635646
2023-03-03 18:00:00-06:00,22335.7,0.0,-0.000317775748786997,-0.0,2.7308095053635646
2023-03-04 18:00:00-06:00,22419.4,0.0,0.0037473640852985213,0.0,2.7308095053635646
2023-03-05 18:00:00-06:00,22397.1,0.0,-0.000994674255332617,-0.0,2.7308095053635646
2023-03-06 18:00:00-06:00,22187.1,0.0,-0.00937621388483334,-0.0,2.7308095053635646
2023-03-07 18:00:00-06:00,21695.4,0.0,-0.022161526292304834,-0.0,2.7308095053635646
2023-03-08 18:00:00-06:00,20348.3,0.0,-0.06209150326797397,-0.0,2.7308095053635646
2023-03-09 18:00:00-06:00,20140.3,0.0,-0.010221984146095764,-0.0,2.7308095053635646
2023-03-10 18:00:00-06:00,20447.3,0.0,0.015243069864897762,0.0,2.7308095053635646
2023-03-11 18:00:00-06:00,21986.2,0.0,0.07526177050270699,0.0,2.7308095053635646
2023-03-12 18:00:00-06:00,24119.5,0.0,0.09702904549217228,0.0,2.7308095053635646
2023-03-13 18:00:00-06:00,24682.5,0.0,0.023342109081863294,0.0,2.7308095053635646
2023-03-14 18:00:00-06:00,24288.0,0.0,-0.01598298389547248,-0.0,2.7308095053635646
2023-03-15 18:00:00-06:00,24990.4,0.0,0.02891963109354423,0.0,2.7308095053635646
2023-03-16 18:00:00-06:00,27384.0,1.0,0.09578077981945055,0.09558077981945054,2.991822407424582
2023-03-17 18:00:00-06:00,26907.0,1.0,-0.017418930762489016,-0.017418930762489016,2.93970806005599
2023-03-18 18:00:00-06:00,27955.7,1.0,0.038974987921358784,0.038974987921358784,3.054283146188993
2023-03-19 18:00:00-06:00,27704.1,1.0,-0.00899995349785565,-0.00899995349785565,3.026794739904008
2023-03-20 18:00:00-06:00,28091.1,1.0,0.013969051512231045,0.013969051512231045,3.069076191542677
2023-03-21 18:00:00-06:00,27233.8,1.0,-0.0305185628188287,-0.0305185628188287,2.9754123969953103
2023-03-22 18:00:00-06:00,28284.1,1.0,0.03856604660385243,0.03856604660385243,3.0901622901635117
2023-03-23 18:00:00-06:00,27438.9,1.0,-0.029882513496982344,-0.029882513496982344,2.997820473819835
2023-03-24 18:00:00-06:00,27447.3,1.0,0.0003061347211439358,0.0003061347211439358,2.9987382107546274
2023-03-25 18:00:00-06:00,27954.3,1.0,0.018471762249838708,0.018471762249838708,3.0541301900331934
2023-03-26 18:00:00-06:00,27112.0,1.0,-0.030131321478269912,-0.030131321478269912,2.9621052114408135
2023-03-27 18:00:00-06:00,27249.7,1.0,0.005078931838300438,0.005078931838300438,2.977149541907596
2023-03-28 18:00:00-06:00,28338.5,1.0,0.039956403189759904,0.039956403189759904,3.0961057293602647
2023-03-29 18:00:00-06:00,28015.0,1.0,-0.011415565396898253,-0.011415565396898253,3.060761931931041
2023-03-30 18:00:00-06:00,28454.9,1.0,0.01570230233803316,0.01570230233803316,3.1088229411709647
2023-03-31 18:00:00-06:00,28443.8,1.0,-0.0003900909860867774,-0.0003900909860867774,3.107610217364274
2023-04-01 18:00:00-06:00,28161.2,1.0,-0.009935381348483596,-0.009935381348483596,3.0767349247723157
2023-04-02 18:00:00-06:00,27786.1,1.0,-0.013319744897234531,-0.013319744897234531,3.0357536004579364
2023-04-03 18:00:00-06:00,28155.2,1.0,0.013283620227380055,0.013283620227380055,3.076079398390321
2023-04-04 18:00:00-06:00,28154.0,1.0,-4.262090129003582e-05,-4.262090129003582e-05,3.075948293113922
2023-04-05 18:00:00-06:00,28022.8,1.0,-0.004660083824678529,-0.004660083824678529,3.0616141162276342
2023-04-06 18:00:00-06:00,27890.7,1.0,-0.004714018584866531,-0.004714018584866531,3.0471816103840474
2023-04-07 18:00:00-06:00,27924.9,1.0,0.0012262151900095386,0.0012262151900095386,3.050918110761418
2023-04-08 18:00:00-06:00,28309.4,1.0,0.013769073479224625,0.013769073479224625,3.092926426407589
2023-04-09 18:00:00-06:00,29623.1,1.0,0.046405080997830916,0.046405080997830916,3.236453927745365
2023-04-10 18:00:00-06:00,30185.1,1.0,0.01897168088417489,0.01897168088417489,3.2978548988588843
2023-04-11 18:00:00-06:00,29875.0,1.0,-0.010273280525822326,-0.010273280525822326,3.2639751103494494
2023-04-12 18:00:00-06:00,30362.7,1.0,0.01632468619246863,0.01632468619246863,3.317258479765932
2023-04-13 18:00:00-06:00,30453.1,1.0,0.002977337325073215,0.002977337325073215,3.327135077254655
2023-04-14 18:00:00-06:00,30280.4,1.0,-0.005671015430284476,-0.005671015430284476,3.308266842892903
2023-04-15 18:00:00-06:00,30286.6,1.0,0.00020475290947263858,0.00020475290947263858,3.3089442201542973
2023-04-16 18:00:00-06:00,29420.0,1.0,-0.028613314138926094,-0.028613314138926094,3.214264359714839
2023-04-17 18:00:00-06:00,30365.8,1.0,0.032148198504418746,0.032148198504418746,3.3175971683966297
2023-04-18 18:00:00-06:00,28795.1,1.0,-0.05172595485710896,-0.05172595485710896,3.145991287030073
2023-04-19 18:00:00-06:00,28229.9,1.0,-0.019628339543880657,-0.019628339543880657,3.0842407018461566
2023-04-20 18:00:00-06:00,27252.5,1.0,-0.03462286440972162,-0.03462286440972162,2.9774554542191924
2023-04-21 18:00:00-06:00,27807.2,1.0,0.020354095954499662,0.020354095954499662,3.0380588682346183
2023-04-22 18:00:00-06:00,27576.0,0.0,-0.008314393394516562,-0.0002,3.0374512564609715
2023-04-23 18:00:00-06:00,27497.5,0.0,-0.002846678270960301,-0.0,3.0374512564609715
2023-04-24 18:00:00-06:00,28286.7,0.0,0.028700790980998203,0.0,3.0374512564609715
2023-04-25 18:00:00-06:00,28395.9,0.0,0.003860471529022469,0.0,3.0374512564609715
2023-04-26 18:00:00-06:00,29459.0,0.0,0.037438503445919924,0.0,3.0374512564609715
2023-04-27 18:00:00-06:00,29300.0,0.0,-0.0053973318849926954,-0.0,3.0374512564609715
2023-04-28 18:00:00-06:00,29212.7,0.0,-0.0029795221843003095,-0.0,3.0374512564609715
2023-04-29 18:00:00-06:00,29223.0,0.0,0.000352586375103936,0.0,3.0374512564609715
2023-04-30 18:00:00-06:00,28054.4,0.0,-0.03998904972111006,-0.0,3.0374512564609715
2023-05-01 18:00:00-06:00,28656.5,0.0,0.02146187407322908,0.0,3.0374512564609715
2023-05-02 18:00:00-06:00,29018.4,0.0,0.012628897457819477,0.0,3.0374512564609715
2023-05-03 18:00:00-06:00,28826.0,1.0,-0.006630275962837384,-0.006830275962837384,3.016704626155676
2023-05-04 18:00:00-06:00,29491.5,1.0,0.023086796641920593,0.023086796641920593,3.0863506723884733
2023-05-05 18:00:00-06:00,28837.8,1.0,-0.02216570876354207,-0.02216570876354207,3.0179395222421483
2023-05-06 18:00:00-06:00,28419.4,1.0,-0.014508735063007538,-0.014508735063007538,2.9741530372777576
2023-05-07 18:00:00-06:00,27659.8,1.0,-0.026728220863213248,-0.026728220863213248,2.8946592180164012
2023-05-08 18:00:00-06:00,27610.2,1.0,-0.0017932161476221786,-0.0017932161476221786,2.889468468364791
2023-05-09 18:00:00-06:00,27582.9,1.0,-0.0009887650216223731,-0.0009887650216223731,2.886611463012191
2023-05-10 18:00:00-06:00,26956.4,0.0,-0.022713347762563063,-0.0002,2.886034140719589
2023-05-11 18:00:00-06:00,26785.1,0.0,-0.0063547061180276865,-0.0,2.886034140719589
2023-05-12 18:00:00-06:00,26762.7,0.0,-0.0008362858454886712,-0.0,2.886034140719589
2023-05-13 18:00:00-06:00,26901.9,0.0,0.005201268930264957,0.0,2.886034140719589
2023-05-14 18:00:00-06:00,27152.5,0.0,0.009315327170199783,0.0,2.886034140719589
2023-05-15 18:00:00-06:00,27024.8,0.0,-0.004703066016020663,-0.0,2.886034140719589
2023-05-16 18:00:00-06:00,27395.8,0.0,0.01372813119801064,0.0,2.886034140719589
2023-05-17 18:00:00-06:00,26809.3,0.0,-0.021408391067243904,-0.0,2.886034140719589
2023-05-18 18:00:00-06:00,26870.1,0.0,0.0022678697317721763,0.0,2.886034140719589
2023-05-19 18:00:00-06:00,27089.5,0.0,0.008165209656830541,0.0,2.886034140719589
2023-05-20 18:00:00-06:00,26732.8,0.0,-0.013167463408331637,-0.0,2.886034140719589
2023-05-21 18:00:00-06:00,26840.2,0.0,0.004017536509456576,0.0,2.886034140719589
2023-05-22 18:00:00-06:00,27209.9,0.0,0.013774114946982552,0.0,2.886034140719589
2023-05-23 18:00:00-06:00,26313.8,0.0,-0.032932866346440215,-0.0,2.886034140719589
2023-05-24 18:00:00-06:00,26461.8,0.0,0.005624425206545602,0.0,2.886034140719589
2023-05-25 18:00:00-06:00,26689.9,0.0,0.008619972942127907,0.0,2.886034140719589
2023-05-26 18:00:00-06:00,26841.6,0.0,0.005683797991000272,0.0,2.886034140719589
2023-05-27 18:00:00-06:00,28055.7,0.0,0.04523202789699576,0.0,2.886034140719589
2023-05-28 18:00:00-06:00,27722.0,0.0,-0.011894196188296902,-0.0,2.886034140719589
2023-05-29 18:00:00-06:00,27680.1,1.0,-0.0015114349614026024,-0.0017114349614026025,2.88109488099136
2023-05-30 18:00:00-06:00,27201.1,1.0,-0.017304850777273173,-0.017304850777273173,2.8312379640006387
2023-05-31 18:00:00-06:00,26805.3,1.0,-0.014550882133443133,-0.014550882133443133,2.790040954094736
2023-06-01 18:00:00-06:00,27227.8,1.0,0.015761808299105118,0.015761808299105118,2.8340170447598294
2023-06-02 18:00:00-06:00,27054.9,1.0,-0.006350127443274789,-0.006350127443274789,2.8160206753491916
2023-06-03 18:00:00-06:00,27102.4,1.0,0.0017556893575656485,0.0017556893575656485,2.8209647328795873
2023-06-04 18:00:00-06:00,25714.7,1.0,-0.05120210756242993,-0.05120210756242993,2.676525393196865
2023-06-05 18:00:00-06:00,27221.5,0.0,0.05859683371767899,-0.0002,2.6759900881182257
2023-06-06 18:00:00-06:00,26325.9,0.0,-0.032900464706206445,-0.0,2.6759900881182257
2023-06-07 18:00:00-06:00,26485.9,0.0,0.006077664961121831,0.0,2.6759900881182257
2023-06-08 18:00:00-06:00,26468.1,0.0,-0.0006720556975599035,-0.0,2.6759900881182257
2023-06-09 18:00:00-06:00,25826.6,0.0,-0.024236722696377888,-0.0,2.6759900881182257
2023-06-10 18:00:00-06:00,25909.9,0.0,0.003225356802676327,0.0,2.6759900881182257
2023-06-11 18:00:00-06:00,25894.8,0.0,-0.0005827888181738627,-0.0,2.6759900881182257
2023-06-12 18:00:00-06:00,25918.0,0.0,0.0008959327741477896,0.0,2.6759900881182257
2023-06-13 18:00:00-06:00,25115.9,0.0,-0.03094760398178864,-0.0,2.6759900881182257
2023-06-14 18:00:00-06:00,25586.1,0.0,0.01872120847749814,0.0,2.6759900881182257
2023-06-15 18:00:00-06:00,26336.0,0.0,0.029308882557326,0.0,2.6759900881182257
2023-06-16 18:00:00-06:00,26508.9,0.0,0.0065651579586878395,0.0,2.6759900881182257
2023-06-17 18:00:00-06:00,26329.7,0.0,-0.006759993813398535,-0.0,2.6759900881182257
2023-06-18 18:00:00-06:00,26828.5,0.0,0.018944385997561763,0.0,2.6759900881182257
2023-06-19 18:00:00-06:00,28290.6,0.0,0.0544980151704344,0.0,2.6759900881182257
2023-06-20 18:00:00-06:00,29988.5,0.0,0.060016401207468206,0.0,2.6759900881182257
2023-06-21 18:00:00-06:00,29875.0,1.0,-0.0037847841672641325,-0.003984784167264132,2.6653268451833365
2023-06-22 18:00:00-06:00,30673.4,1.0,0.026724686192468594,0.026724686192468594,2.7365568687212236
2023-06-23 18:00:00-06:00,30524.2,1.0,-0.0048641493932853885,-0.0048641493932853885,2.7232458472885424
2023-06-24 18:00:00-06:00,30458.0,1.0,-0.002168771007921566,-0.002168771007921566,2.7173397506475
2023-06-25 18:00:00-06:00,30260.1,1.0,-0.00649747192855743,-0.00649747192855743,2.699683911897315
2023-06-26 18:00:00-06:00,30683.2,1.0,0.013982108453045594,0.013982108453045594,2.7374311851424054
2023-06-27 18:00:00-06:00,30066.3,1.0,-0.020105464879804025,-0.020105464879804025,2.6823938585886444
2023-06-28 18:00:00-06:00,30439.9,1.0,0.012425872155868989,0.012425872155868989,2.715724941747155
2023-06-29 18:00:00-06:00,30460.2,1.0,0.0006668878675686329,0.0006668878675686329,2.7175360257624597
2023-06-30 18:00:00-06:00,30573.6,1.0,0.0037228908542950023,0.0037228908542950023,2.727653115778988
2023-07-01 18:00:00-06:00,30612.7,1.0,0.0012788811262005595,0.0012788811262005595,2.7311414598675796
2023-07-02 18:00:00-06:00,31149.0,1.0,0.017518872886089776,0.017518872886089776,2.7789879799369293
2023-07-03 18:00:00-06:00,30756.1,1.0,-0.012613567048701424,-0.012613567048701424,2.7439350287244593
2023-07-04 18:00:00-06:00,30488.4,1.0,-0.008703964416814758,-0.008703964416814758,2.72005191587239
2023-07-05 18:00:00-06:00,29874.4,1.0,-0.020138806890489525,-0.020138806890489525,2.66527331560653
2023-07-06 18:00:00-06:00,30327.9,1.0,0.015180221192726773,0.015180221192726773,2.705732754076509
2023-07-07 18:00:00-06:00,30269.3,1.0,-0.0019322142317800273,-0.0019322142317800273,2.700504698741689
2023-07-08 18:00:00-06:00,30147.8,1.0,-0.004013967947722574,-0.004013967947722574,2.689664959438266
2023-07-09 18:00:00-06:00,30396.9,1.0,0.00826262612860651,0.00826262612860651,2.7118886554093176
2023-07-10 18:00:00-06:00,30608.4,0.0,0.006957946369531065,-0.0002,2.7113462776782358
2023-07-11 18:00:00-06:00,30368.9,0.0,-0.007824649442636611,-0.0,2.7113462776782358
2023-07-12 18:00:00-06:00,31441.7,0.0,0.03532561271564005,0.0,2.7113462776782358
2023-07-13 18:00:00-06:00,30293.3,1.0,-0.036524742618878836,-0.036724742618878835,2.6117727834798474
2023-07-14 18:00:00-06:00,30276.4,1.0,-0.0005578791349901691,-0.0005578791349901691,2.6103157299386086
2023-07-15 18:00:00-06:00,30216.8,1.0,-0.001968529944115005,-0.001968529944115005,2.60517724526063
2023-07-16 18:00:00-06:00,30126.1,1.0,-0.003001641470969818,-0.003001641470969818,2.5973574372020285
2023-07-17 18:00:00-06:00,29845.6,1.0,-0.009310863337770203,-0.009310863337770203,2.5731737970648996
2023-07-18 18:00:00-06:00,29895.5,0.0,0.0016719382421530593,-0.0002,2.5726591623054866
2023-07-19 18:00:00-06:00,29791.0,0.0,-0.003495509357595572,-0.0,2.5726591623054866
2023-07-20 18:00:00-06:00,29891.4,0.0,0.0033701453459098474,0.0,2.5726591623054866
2023-07-21 18:00:00-06:00,29783.5,0.0,-0.0036097339033970277,-0.0,2.5726591623054866
2023-07-22 18:00:00-06:00,30070.8,0.0,0.009646280658754058,0.0,2.5726591623054866
2023-07-23 18:00:00-06:00,29163.8,0.0,-0.03016215065778094,-0.0,2.5726591623054866
2023-07-24 18:00:00-06:00,29216.3,0.0,0.0018001769316755567,0.0,2.5726591623054866
2023-07-25 18:00:00-06:00,29336.0,0.0,0.00409702802887435,0.0,2.5726591623054866
2023-07-26 18:00:00-06:00,29209.7,0.0,-0.004305290428142872,-0.0,2.5726591623054866
2023-07-27 18:00:00-06:00,29299.9,0.0,0.003088015282594503,0.0,2.5726591623054866
2023-07-28 18:00:00-06:00,29339.1,0.0,0.0013378885252166572,0.0,2.5726591623054866
2023-07-29 18:00:00-06:00,29271.1,0.0,-0.002317726174286161,-0.0,2.5726591623054866
2023-07-30 18:00:00-06:00,29220.8,0.0,-0.0017184185083580772,-0.0,2.5726591623054866
2023-07-31 18:00:00-06:00,29701.2,0.0,0.016440343864644325,0.0,2.5726591623054866
2023-08-01 18:00:00-06:00,29170.1,0.0,-0.01788143240003781,-0.0,2.5726591623054866
2023-08-02 18:00:00-06:00,29180.2,0.0,0.00034624495630808383,0.0,2.5726591623054866
2023-08-03 18:00:00-06:00,29101.1,0.0,-0.002710742215612072,-0.0,2.5726591623054866
2023-08-04 18:00:00-06:00,29057.7,0.0,-0.0014913525605561029,-0.0,2.5726591623054866
2023-08-05 18:00:00-06:00,29075.9,0.0,0.0006263400062633817,0.0,2.5726591623054866
2023-08-06 18:00:00-06:00,29202.7,0.0,0.004361000003439308,0.0,2.5726591623054866
2023-08-07 18:00:00-06:00,29759.0,0.0,0.01904960842661807,0.0,2.5726591623054866
2023-08-08 18:00:00-06:00,29572.8,0.0,-0.006256930676434069,-0.0,2.5726591623054866
2023-08-09 18:00:00-06:00,29443.7,0.0,-0.004365498025212355,-0.0,2.5726591623054866
2023-08-10 18:00:00-06:00,29415.5,0.0,-0.0009577600641224038,-0.0,2.5726591623054866
2023-08-11 18:00:00-06:00,29420.7,1.0,0.0001767775492511614,-2.3222450748838606e-05,2.5725994188547965
2023-08-12 18:00:00-06:00,29293.3,1.0,-0.0043302844595812795,-0.0043302844595812795,2.561459331570602
2023-08-13 18:00:00-06:00,29419.5,1.0,0.004308152376140573,0.004308152376140573,2.5724944886762953
2023-08-14 18:00:00-06:00,29188.8,1.0,-0.007841737623005218,-0.007841737623005218,2.5523216618594686
2023-08-15 18:00:00-06:00,28714.4,1.0,-0.016252809296716464,-0.016252809296716464,2.510839264625388
2023-08-16 18:00:00-06:00,26609.7,0.0,-0.07329771821803699,-0.0002,2.510337096772463
2023-08-17 18:00:00-06:00,26042.1,0.0,-0.021330567424660996,-0.0,2.510337096772463
2023-08-18 18:00:00-06:00,26088.3,0.0,0.00177405047980006,0.0,2.510337096772463
2023-08-19 18:00:00-06:00,26175.9,0.0,0.0033578270719059056,0.0,2.510337096772463
2023-08-20 18:00:00-06:00,26115.4,0.0,-0.0023112863359043834,-0.0,2.510337096772463
2023-08-21 18:00:00-06:00,26044.4,0.0,-0.002718702374843951,-0.0,2.510337096772463
2023-08-22 18:00:00-06:00,26419.2,0.0,0.014390809540630656,0.0,2.510337096772463
2023-08-23 18:00:00-06:00,26164.6,0.0,-0.009636930717054293,-0.0,2.510337096772463
2023-08-24 18:00:00-06:00,26051.7,0.0,-0.004314990483324732,-0.0,2.510337096772463
2023-08-25 18:00:00-06:00,26004.3,0.0,-0.0018194589988369536,-0.0,2.510337096772463
2023-08-26 18:00:00-06:00,26087.7,0.0,0.0032071618924562895,0.0,2.510337096772463
2023-08-27 18:00:00-06:00,26106.5,0.0,0.0007206461282520671,0.0,2.510337096772463
2023-08-28 18:00:00-06:00,27700.1,0.0,0.06104226916668254,0.0,2.510337096772463
2023-08-29 18:00:00-06:00,27290.4,0.0,-0.014790560322886837,-0.0,2.510337096772463
2023-08-30 18:00:00-06:00,25928.0,0.0,-0.049922317005247296,-0.0,2.510337096772463
2023-08-31 18:00:00-06:00,25795.6,0.0,-0.005106448626967075,-0.0,2.510337096772463
2023-09-01 18:00:00-06:00,25855.8,0.0,0.0023337313340259236,0.0,2.510337096772463
2023-09-02 18:00:00-06:00,25962.1,0.0,0.004111263236875162,0.0,2.510337096772463
2023-09-03 18:00:00-06:00,25814.0,0.0,-0.005704469207036378,-0.0,2.510337096772463
2023-09-04 18:00:00-06:00,25779.7,0.0,-0.0013287363446191636,-0.0,2.510337096772463
2023-09-05 18:00:00-06:00,25747.4,0.0,-0.0012529238121467001,-0.0,2.510337096772463
2023-09-06 18:00:00-06:00,26240.7,0.0,0.019159216076186203,0.0,2.510337096772463
2023-09-07 18:00:00-06:00,25899.8,0.0,-0.012991269287785823,-0.0,2.510337096772463
2023-09-08 18:00:00-06:00,25892.6,0.0,-0.00027799442466736046,-0.0,2.510337096772463
2023-09-09 18:00:00-06:00,25828.4,0.0,-0.0024794728995928272,-0.0,2.510337096772463
2023-09-10 18:00:00-06:00,25150.4,0.0,-0.026250174226820078,-0.0,2.510337096772463
2023-09-11 18:00:00-06:00,25825.8,0.0,0.02685444366689982,0.0,2.510337096772463
2023-09-12 18:00:00-06:00,26209.9,0.0,0.014872724175049923,0.0,2.510337096772463
2023-09-13 18:00:00-06:00,26510.3,0.0,0.011461318051575908,0.0,2.510337096772463
2023-09-14 18:00:00-06:00,26591.1,0.0,0.003047871959200643,0.0,2.510337096772463
2023-09-15 18:00:00-06:00,26546.9,0.0,-0.0016622102884046308,-0.0,2.510337096772463
2023-09-16 18:00:00-06:00,26514.2,0.0,-0.0012317822419943836,-0.0,2.510337096772463
2023-09-17 18:00:00-06:00,26749.9,1.0,0.008889576151646983,0.008689576151646982,2.532150862141172
2023-09-18 18:00:00-06:00,27196.0,1.0,0.01667669785681447,0.01667669785681447,2.5743787769969724
2023-09-19 18:00:00-06:00,27107.7,1.0,-0.0032468010001470704,-0.0032468010001470704,2.5660202814090614
2023-09-20 18:00:00-06:00,26552.6,1.0,-0.020477576481959026,-0.020477576481959026,2.5134744048422495
2023-09-21 18:00:00-06:00,26566.7,1.0,0.0005310214442277861,0.0005310214442277861,2.5148091136507382
2023-09-22 18:00:00-06:00,26563.1,1.0,-0.00013550798556094534,-0.00013550798556094534,2.5144683369336773
2023-09-23 18:00:00-06:00,26232.4,1.0,-0.012449601138421196,-0.012449601138421196,2.4831642090636636
2023-09-24 18:00:00-06:00,26290.5,1.0,0.0022148183162806756,0.0022148183162806756,2.4886639666362305
2023-09-25 18:00:00-06:00,26208.8,1.0,-0.003107586390521333,-0.003107586390521333,2.480930228362931
2023-09-26 18:00:00-06:00,26359.6,1.0,0.0057537926192727795,0.0057537926192727795,2.4952049863998162
2023-09-27 18:00:00-06:00,27011.8,1.0,0.024742408837767016,0.024742408837767016,2.5569423683073556
2023-09-28 18:00:00-06:00,26890.9,1.0,-0.004475821677933256,-0.004475821677933256,2.5454979502260593
2023-09-29 18:00:00-06:00,26950.9,1.0,0.0022312380768214624,0.0022312380768214624,2.5511775621770747
2023-09-30 18:00:00-06:00,27981.4,1.0,0.03823619990427041,0.03823619990427041,2.6487248974357667
2023-10-01 18:00:00-06:00,27477.6,1.0,-0.018004817485901436,-0.018004817485901436,2.601035089087073
2023-10-02 18:00:00-06:00,27412.0,1.0,-0.0023873991906133707,-0.0023873991906133707,2.5948253800206293
2023-10-03 18:00:00-06:00,27759.8,1.0,0.012687873923828974,0.012687873923828974,2.6277481972966825
2023-10-04 18:00:00-06:00,27398.4,1.0,-0.013018825784047339,-0.013018825784047339,2.5935380013117326
2023-10-05 18:00:00-06:00,27916.3,1.0,0.018902563653351967,0.018902563653351967,2.6425625184689148
2023-10-06 18:00:00-06:00,27943.0,1.0,0.0009564304725195871,0.0009564304725195871,2.6450899457871166
2023-10-07 18:00:00-06:00,27901.2,1.0,-0.0014959023726872633,-0.0014959023726872633,2.6411331494612424
2023-10-08 18:00:00-06:00,27578.3,1.0,-0.011572978939973999,-0.011572978939973999,2.6105673711448603
2023-10-09 18:00:00-06:00,27381.2,1.0,-0.007146923486944345,-0.007146923486944345,2.5919098458857746
2023-10-10 18:00:00-06:00,26864.5,1.0,-0.018870611952726768,-0.018870611952726768,2.5429989209676123
2023-10-11 18:00:00-06:00,26744.0,1.0,-0.004485473394256312,-0.004485473394256312,2.5315923669659894
2023-10-12 18:00:00-06:00,26849.8,1.0,0.0039560275201913075,0.0039560275201913075,2.541607416039613
2023-10-13 18:00:00-06:00,26836.3,1.0,-0.0005027970413187255,-0.0005027970413187255,2.5403295033506343
2023-10-14 18:00:00-06:00,27139.8,0.0,0.011309308660284678,-0.0002,2.539821437449964
2023-10-15 18:00:00-06:00,28486.3,0.0,0.04961348278174493,0.0,2.539821437449964
2023-10-16 18:00:00-06:00,28381.9,0.0,-0.0036649196280316154,-0.0,2.539821437449964
2023-10-17 18:00:00-06:00,28307.1,0.0,-0.0026354824729846182,-0.0,2.539821437449964
2023-10-18 18:00:00-06:00,28696.9,1.0,0.013770396826238152,0.013570396826238151,2.5742878222239467
2023-10-19 18:00:00-06:00,29653.0,1.0,0.03331718757078295,0.03331718757078295,2.6600558524581643
2023-10-20 18:00:00-06:00,29895.4,1.0,0.008174552321856154,0.008174552321856154,2.6818006182031433
2023-10-21 18:00:00-06:00,29981.5,1.0,0.002880041745552786,0.002880041745552786,2.6895243159368176
2023-10-22 18:00:00-06:00,33074.0,1.0,0.10314694061337826,0.10314694061337826,2.966940520830989
2023-10-23 18:00:00-06:00,33917.0,1.0,0.02548829896595506,0.02548829896595506,3.042562787840136
2023-10-24 18:00:00-06:00,34487.7,1.0,0.016826370256803225,0.016826370256803225,3.0937580758379055
2023-10-25 18:00:00-06:00,34154.0,1.0,-0.00967591344160379,-0.00967591344160379,3.0638231404868352
2023-10-26 18:00:00-06:00,33893.1,1.0,-0.007638929554371399,-0.007638929554371399,3.0404188113496033
2023-10-27 18:00:00-06:00,34086.6,1.0,0.005709126636395112,0.005709126636395112,3.057776947371276
2023-10-28 18:00:00-06:00,34528.6,1.0,0.012966972358639417,0.012966972358639417,3.0974270565267243
2023-10-29 18:00:00-06:00,34483.8,1.0,-0.0012974751365533166,-0.0012974751365533166,3.0934082219335934
2023-10-30 18:00:00-06:00,34651.4,1.0,0.004860253220352773,0.004860253220352773,3.108442969206112
2023-10-31 18:00:00-06:00,35437.4,1.0,0.022683066196459656,0.022683066196459656,3.1789519868445337
2023-11-01 18:00:00-06:00,34940.1,1.0,-0.014033196566339612,-0.014033196566339612,3.1343411287381886
2023-11-02 18:00:00-06:00,34700.4,1.0,-0.006860312363158538,-0.006860312363158538,3.1128385695423497
2023-11-03 18:00:00-06:00,35069.7,1.0,0.010642528616384705,0.010642528616384705,3.1459670430968902
2023-11-04 18:00:00-06:00,35025.5,1.0,-0.00126034725133084,-0.00126034725133084,3.1420020321813458
2023-11-05 18:00:00-06:00,35057.4,1.0,0.0009107650140611767,0.0009107650140611767,3.144863657706366
2023-11-06 18:00:00-06:00,35406.5,1.0,0.009957954668629032,0.009957954668629032,3.1761800674488248
2023-11-07 18:00:00-06:00,35626.7,1.0,0.006219197040091329,0.006219197040091329,3.1959333571230997
2023-11-08 18:00:00-06:00,36719.5,1.0,0.030673623995486565,0.030673623995486565,3.293964215234127
2023-11-09 18:00:00-06:00,37330.4,1.0,0.016636936777461697,0.016636936777461697,3.348765689630198
2023-11-10 18:00:00-06:00,37162.1,1.0,-0.004508389944924307,-0.004508389944924307,3.333668148067162
2023-11-11 18:00:00-06:00,37085.5,1.0,-0.0020612398115283925,-0.0020612398115283925,3.3267966585619417
2023-11-12 18:00:00-06:00,36486.2,1.0,-0.016159954699276113,-0.016159954699276113,3.2730357752658774
2023-11-13 18:00:00-06:00,35559.0,1.0,-0.025412347682137293,-0.025412347682137293,3.189860252168747
2023-11-14 18:00:00-06:00,37885.6,1.0,0.0654292865378665,0.0654292865378665,3.3985705326236473
2023-11-15 18:00:00-06:00,36176.0,1.0,-0.04512532466161279,-0.04512532466161279,3.2452089339536148
2023-11-16 18:00:00-06:00,36621.9,1.0,0.01232585139318898,0.01232585139318898,3.2852088970133764
2023-11-17 18:00:00-06:00,36580.9,1.0,-0.0011195486853494696,-0.0011195486853494696,3.281530945711627
2023-11-18 18:00:00-06:00,37375.9,1.0,0.02173265283248904,0.02173265283248904,3.352847318513847
2023-11-19 18:00:00-06:00,37462.5,1.0,0.0023170010621818005,0.0023170010621818005,3.360615869312177
2023-11-20 18:00:00-06:00,35737.0,1.0,-0.04605939272605941,-0.04605939272605941,3.2058279431861
2023-11-21 18:00:00-06:00,37413.4,1.0,0.04690936564345072,0.04690936564345072,3.3562112983630086
2023-11-22 18:00:00-06:00,37294.3,1.0,-0.0031833514195448442,-0.0031833514195448442,3.345527298362072
2023-11-23 18:00:00-06:00,37706.3,1.0,0.011047264595393846,0.011047264595393846,3.382486223638191
2023-11-24 18:00:00-06:00,37766.6,1.0,0.0015992022553259488,0.0015992022553259488,3.3878955032356424
2023-11-25 18:00:00-06:00,37437.9,1.0,-0.008703457552440397,-0.008703457552440397,3.3584090985311272
2023-11-26 18:00:00-06:00,37234.3,1.0,-0.0054383392230866745,-0.0054383392230866745,3.3401449306034143
2023-11-27 18:00:00-06:00,37812.1,1.0,0.015517949847318135,0.015517949847318135,3.391977132119292
2023-11-28 18:00:00-06:00,37837.1,1.0,0.0006611640189251311,0.0006611640189251311,3.394219785352066
2023-11-29 18:00:00-06:00,37716.8,1.0,-0.003179419141530304,-0.003179419141530304,3.3834281379959568
2023-11-30 18:00:00-06:00,38660.0,1.0,0.02500742374750775,0.02500742374750775,3.4680389591620626
2023-12-01 18:00:00-06:00,39435.0,1.0,0.020046559751681237,0.020046559751681237,3.5375612093780635
2023-12-02 18:00:00-06:00,39979.7,1.0,0.01381260301762377,0.01381260301762377,3.5864241380137476
2023-12-03 18:00:00-06:00,41993.1,1.0,0.05036055798317651,0.05036055798317651,3.767038458768453
2023-12-04 18:00:00-06:00,44081.7,1.0,0.049736742464833394,0.049736742464833394,3.9543986804473423
2023-12-05 18:00:00-06:00,43774.8,1.0,-0.006962072696833244,-0.006962072696833244,3.9268678693618067
2023-12-06 18:00:00-06:00,43296.0,1.0,-0.010937799830039285,-0.010937799830039285,3.8839165746477144
2023-12-07 18:00:00-06:00,44209.5,1.0,0.0210989467849223,0.0210989467849223,3.965863123773284
2023-12-08 18:00:00-06:00,43734.3,1.0,-0.010748820954772142,-0.010748820954772142,3.923234771124712
2023-12-09 18:00:00-06:00,43810.0,1.0,0.0017309068625768198,0.0017309068625768198,3.930025525113552
2023-12-10 18:00:00-06:00,41271.0,1.0,-0.05795480483907789,-0.05795480483907789,3.7022616627930014
2023-12-11 18:00:00-06:00,41515.0,1.0,0.005912141697560047,0.005912141697560047,3.724149958344878
2023-12-12 18:00:00-06:00,42875.0,1.0,0.03275924364687466,0.03275924364687466,3.8461502942077956
2023-12-13 18:00:00-06:00,43032.4,1.0,0.003671137026239002,0.003671137026239002,3.860270038961342
2023-12-14 18:00:00-06:00,41968.0,1.0,-0.024734850949517106,-0.024734850949517106,3.7647868349227465
2023-12-15 18:00:00-06:00,42287.4,1.0,0.007610560426992041,0.007610560426992041,3.7934389726246702
2023-12-16 18:00:00-06:00,41396.5,1.0,-0.021067741218424474,-0.021067741218424474,3.7135197820215278
2023-12-17 18:00:00-06:00,42671.7,1.0,0.03080453661541438,0.03080453661541438,3.8279130381188757
2023-12-18 18:00:00-06:00,42298.3,1.0,-0.008750530210889007,-0.008750530210889007,3.7944167694341604
2023-12-19 18:00:00-06:00,43708.9,1.0,0.03334885799192877,0.03334885799192877,3.9209562354402134
2023-12-20 18:00:00-06:00,43896.3,1.0,0.00428745633040406,0.00428745633040406,3.937767164073089
2023-12-21 18:00:00-06:00,43999.2,1.0,0.0023441611251973082,0.0023441611251973082,3.9469979247791875
2023-12-22 18:00:00-06:00,43725.2,1.0,-0.006227385952471853,-0.006227385952471853,3.922418445347982
2023-12-23 18:00:00-06:00,43008.4,1.0,-0.016393292655036307,-0.016393292655036307,3.85811709185788
2023-12-24 18:00:00-06:00,43611.9,1.0,0.014032142558197958,0.014032142558197958,3.91225474089705
2023-12-25 18:00:00-06:00,42538.5,1.0,-0.024612548409952417,-0.024612548409952417,3.8159641816946555
2023-12-26 18:00:00-06:00,43453.8,1.0,0.021516978736908943,0.021516978736908943,3.8980722018529854
2023-12-27 18:00:00-06:00,42600.1,1.0,-0.019646152925636096,-0.019646152925636096,3.8214900792602107
2023-12-28 18:00:00-06:00,42095.1,1.0,-0.011854432266590886,-0.011854432266590886,3.7761884839581716
2023-12-29 18:00:00-06:00,42174.2,1.0,0.0018790785625879547,0.0018790785625879547,3.7832842387866688
2023-12-30 18:00:00-06:00,42314.0,1.0,0.003314822806360418,0.003314822806360418,3.7958251556643425
2023-12-31 18:00:00-06:00,44230.2,0.0,0.045285248381150334,-0.0002,3.79506599063321
2024-01-01 18:00:00-06:00,44979.8,0.0,0.016947696370353427,0.0,3.79506599063321
2024-01-02 18:00:00-06:00,42849.5,1.0,-0.047361259943352385,-0.047561259943352384,3.6145678705505278
2024-01-03 18:00:00-06:00,44143.8,1.0,0.03020572002007027,0.03020572002007027,3.7237484956419187
2024-01-04 18:00:00-06:00,44145.4,1.0,3.6245180523586384e-05,3.6245180523586384e-05,3.7238834635783675
2024-01-05 18:00:00-06:00,43956.7,1.0,-0.004274511047583807,-0.004274511047583807,3.7079656825733873
2024-01-06 18:00:00-06:00,43916.9,1.0,-0.0009054364863603226,-0.0009054364863603226,3.7046083551542135
2024-01-07 18:00:00-06:00,46972.7,1.0,0.06958141398869211,0.06958141398869211,3.9623802427801667
2024-01-08 18:00:00-06:00,46114.0,1.0,-0.018280831206211157,-0.018280831206211157,3.8899446383870764
2024-01-09 18:00:00-06:00,46662.9,1.0,0.011903109684694435,0.011903109684694435,3.936247076085187
2024-01-10 18:00:00-06:00,46337.8,1.0,-0.006966990907123161,-0.006966990907123161,3.9088232784979113
2024-01-11 18:00:00-06:00,42788.9,1.0,-0.07658758076559524,-0.07658758076559524,3.6094559599575136
2024-01-12 18:00:00-06:00,42846.4,1.0,0.0013438064544777362,0.0013438064544777362,3.6143063701736575
2024-01-13 18:00:00-06:00,41734.9,1.0,-0.025941502670002614,-0.025941502670002614,3.52054583182159
2024-01-14 18:00:00-06:00,42515.0,1.0,0.018691790324165014,0.018691790324165014,3.5863511363366123
2024-01-15 18:00:00-06:00,43133.0,1.0,0.014536046101375932,0.014536046101375932,3.6384825017901234
2024-01-16 18:00:00-06:00,42783.4,0.0,-0.008105163100178503,-0.0002,3.6377548052897657
2024-01-17 18:00:00-06:00,41323.1,0.0,-0.03413239714468708,-0.0,3.6377548052897657
2024-01-18 18:00:00-06:00,41662.2,0.0,0.008206063920664253,0.0,3.6377548052897657
2024-01-19 18:00:00-06:00,41691.8,0.0,0.0007104761630447598,0.0,3.6377548052897657
2024-01-20 18:00:00-06:00,41580.0,0.0,-0.002681582469454491,-0.0,3.6377548052897657
2024-01-21 18:00:00-06:00,39567.0,0.0,-0.04841269841269846,-0.0,3.6377548052897657
2024-01-22 18:00:00-06:00,39890.0,0.0,0.008163368463618648,0.0,3.6377548052897657
2024-01-23 18:00:00-06:00,40078.7,0.0,0.004730508899473573,0.0,3.6377548052897657
2024-01-24 18:00:00-06:00,39953.3,0.0,-0.003128843999430919,-0.0,3.6377548052897657
2024-01-25 18:00:00-06:00,41806.4,0.0,0.04638165057704868,0.0,3.6377548052897657
2024-01-26 18:00:00-06:00,42102.2,0.0,0.007075471698113178,0.0,3.6377548052897657
2024-01-27 18:00:00-06:00,42021.2,0.0,-0.0019238899629948625,-0.0,3.6377548052897657
2024-01-28 18:00:00-06:00,43287.7,0.0,0.030139548608797417,0.0,3.6377548052897657
2024-01-29 18:00:00-06:00,42918.3,0.0,-0.00853360192387198,-0.0,3.6377548052897657
2024-01-30 18:00:00-06:00,42560.5,0.0,-0.008336770095740076,-0.0,3.6377548052897657
2024-01-31 18:00:00-06:00,43072.6,1.0,0.012032283455316595,0.011832283455316594,3.680797751286894
2024-02-01 18:00:00-06:00,43182.0,1.0,0.0025398977540247447,0.0025398977540247447,3.690146601228407
2024-02-02 18:00:00-06:00,42992.4,1.0,-0.004390718354870038,-0.004390718354870038,3.673944206814232
2024-02-03 18:00:00-06:00,42570.3,1.0,-0.009818014346721693,-0.009818014346721693,3.637873369882675
2024-02-04 18:00:00-06:00,42692.9,1.0,0.002879942119270895,0.002879942119270895,3.648350234625174
2024-02-05 18:00:00-06:00,43079.1,1.0,0.009046000623054384,0.009046000623054384,3.681353213120714
2024-02-06 18:00:00-06:00,44326.2,1.0,0.028949072752216143,0.028949072752216143,3.7879249751139503
2024-02-07 18:00:00-06:00,45269.1,1.0,0.021271843740271024,0.021271843740271024,3.868501123284444
2024-02-08 18:00:00-06:00,47116.1,1.0,0.04080045770735441,0.04080045770735441,4.026337739755864
2024-02-09 18:00:00-06:00,47732.6,1.0,0.013084699285382362,0.013084699285382362,4.0790211583019556
2024-02-10 18:00:00-06:00,48303.4,1.0,0.0119582842753172,0.0119582842753172,4.127799252877964
2024-02-11 18:00:00-06:00,49943.6,1.0,0.03395620184086412,0.03395620184086412,4.267963637467257
2024-02-12 18:00:00-06:00,49696.4,1.0,-0.004949583129770341,-0.004949583129770341,4.246838996648775
2024-02-13 18:00:00-06:00,51823.2,1.0,0.04279585644030548,0.04279585644030548,4.428586108674447
2024-02-14 18:00:00-06:00,51898.5,1.0,0.001453017181494154,0.001453017181494154,4.435020920380078
2024-02-15 18:00:00-06:00,52148.6,1.0,0.004819021744366436,0.004819021744366436,4.456393382632109
2024-02-16 18:00:00-06:00,51679.4,1.0,-0.008997365221693365,-0.008997365221693365,4.41629758379703
2024-02-17 18:00:00-06:00,52175.9,1.0,0.009607309682387877,0.009607309682387877,4.45872632233415
2024-02-18 18:00:00-06:00,51813.8,1.0,-0.0069399857022111044,-0.0069399857022111044,4.427782825407078
2024-02-19 18:00:00-06:00,52297.4,1.0,0.009333420826111993,0.009333420826111993,4.469109185843234
2024-02-20 18:00:00-06:00,51877.8,1.0,-0.008023343416689865,-0.008023343416689865,4.43325198807853
2024-02-21 18:00:00-06:00,51316.9,1.0,-0.010811946535897898,-0.010811946535897898,4.3853199046032625
2024-02-22 18:00:00-06:00,50771.9,1.0,-0.010620282986696372,-0.010620282986696372,4.338746566229183
2024-02-23 18:00:00-06:00,51602.1,1.0,0.01635156454653064,0.01635156454653064,4.409691860757918
2024-02-24 18:00:00-06:00,51764.9,1.0,0.0031549103621753005,0.0031549103621753005,4.423604043303423
2024-02-25 18:00:00-06:00,54511.6,1.0,0.053061051021058514,0.053061051021058514,4.658325123142107
2024-02-26 18:00:00-06:00,57074.5,1.0,0.047015681066048254,0.047015681066048254,4.877339451433716
2024-02-27 18:00:00-06:00,62487.9,1.0,0.09484796187439226,0.09484796187439226,5.339945157771771
2024-02-28 18:00:00-06:00,61203.3,1.0,-0.020557579947477755,-0.020557579947477755,5.230168808275731
2024-02-29 18:00:00-06:00,62430.6,1.0,0.020052840288023566,0.020052840288023566,5.335048548067486
2024-03-01 18:00:00-06:00,62039.9,1.0,-0.006258149048703587,-0.006258149048703587,5.30166101907161
2024-03-02 18:00:00-06:00,63178.5,1.0,0.018352705275153536,0.018352705275153536,5.398960841223402
2024-03-03 18:00:00-06:00,68296.4,1.0,0.08100698813678697,0.08100698813678697,5.836314398039363
2024-03-04 18:00:00-06:00,63747.4,1.0,-0.06660673183359578,-0.06660673183359578,5.447576570032601
2024-03-05 18:00:00-06:00,66128.1,1.0,0.03734583684981674,0.03734583684981674,5.6510208758439235
2024-03-06 18:00:00-06:00,66870.0,1.0,0.011219133772178536,0.011219133772178536,5.71442043499939
2024-03-07 18:00:00-06:00,68180.2,1.0,0.019593240616120777,0.019593240616120777,5.826384449564011
2024-03-08 18:00:00-06:00,68360.1,1.0,0.002638595956010903,0.002638595956010903,5.841757924010795
2024-03-09 18:00:00-06:00,69001.8,1.0,0.009387054729293798,0.009387054729293798,5.89659482535877
2024-03-10 18:00:00-06:00,72153.8,1.0,0.045679967768956775,0.045679967768956775,6.165951086927756
2024-03-11 18:00:00-06:00,71503.2,1.0,-0.009016850117388175,-0.009016850117388175,6.110353630145782
2024-03-12 18:00:00-06:00,73127.6,1.0,0.022717864375300767,0.022717864375300767,6.24916781520056
2024-03-13 18:00:00-06:00,71455.5,1.0,-0.022865511790350124,-0.022865511790350124,6.106277394842215
2024-03-14 18:00:00-06:00,69552.2,1.0,-0.026636158168370616,-0.026636158168370616,5.943629624333252
2024-03-15 18:00:00-06:00,65351.0,1.0,-0.06040355301485789,-0.06040355301485789,5.584613277219159
2024-03-16 18:00:00-06:00,68447.9,1.0,0.047388716316506097,0.047388716316506097,5.849260931550691
2024-03-17 18:00:00-06:00,67660.0,1.0,-0.01151094482080528,-0.01151094482080528,5.781930411725119
2024-03-18 18:00:00-06:00,61974.1,1.0,-0.0840363582618977,-0.0840363582618977,5.2960380362000254
2024-03-19 18:00:00-06:00,67876.4,1.0,0.09523817207510876,0.09523817207510876,5.800423018007964
2024-03-20 18:00:00-06:00,65539.9,1.0,-0.03442286273284967,-0.03442286273284967,5.600755852666615
2024-03-21 18:00:00-06:00,63826.0,0.0,-0.026150482377910178,-0.0002,5.599635701496082
2024-03-22 18:00:00-06:00,64020.3,0.0,0.0030442139566948523,0.0,5.599635701496082
2024-03-23 18:00:00-06:00,67260.9,0.0,0.05061831950178286,0.0,5.599635701496082
2024-03-24 18:00:00-06:00,69920.5,0.0,0.03954154642593255,0.0,5.599635701496082
2024-03-25 18:00:00-06:00,70044.1,0.0,0.0017677219127438804,0.0,5.599635701496082
2024-03-26 18:00:00-06:00,69532.6,0.0,-0.007302542255521849,-0.0,5.599635701496082
2024-03-27 18:00:00-06:00,70838.7,0.0,0.01878399484558302,0.0,5.599635701496082
2024-03-28 18:00:00-06:00,69903.6,0.0,-0.013200411639400333,-0.0,5.599635701496082
2024-03-29 18:00:00-06:00,69642.1,1.0,-0.003740865992595488,-0.003940865992595488,5.577568287589132
2024-03-30 18:00:00-06:00,71363.0,1.0,0.024710627623233616,0.024710627623233616,5.715393500586904
2024-03-31 18:00:00-06:00,69700.0,1.0,-0.023303392514328114,-0.023303392514328114,5.582205442468887
2024-04-01 18:00:00-06:00,65505.3,1.0,-0.060182209469153425,-0.060182209469153425,5.246255985230377
2024-04-02 18:00:00-06:00,65971.9,1.0,0.007123087750151358,0.007123087750151358,5.28362552697293
2024-04-03 18:00:00-06:00,68489.9,1.0,0.0381677653667698,0.0381677653667698,5.485289706372308
2024-04-04 18:00:00-06:00,67825.7,1.0,-0.009697780256650912,-0.009697780256650912,5.43209457215584
2024-04-05 18:00:00-06:00,68901.6,1.0,0.015862718703972156,0.015862718703972156,5.518262360327323
2024-04-06 18:00:00-06:00,69362.7,1.0,0.006692152286739139,0.006692152286739139,5.555191412400814
2024-04-07 18:00:00-06:00,71678.4,1.0,0.033385378596853865,0.033385378596853865,5.740653580881807
2024-04-08 18:00:00-06:00,69189.3,0.0,-0.034725942543360255,-0.0002,5.73950545016563
2024-04-09 18:00:00-06:00,70681.7,1.0,0.021569809204602386,0.021369809204602387,5.862157586564446
2024-04-10 18:00:00-06:00,70055.7,1.0,-0.008856606448345183,-0.008856606448345183,5.810238763882063
2024-04-11 18:00:00-06:00,67136.4,1.0,-0.04167112740290946,-0.04167112740290946,5.568119564111011
2024-04-12 18:00:00-06:00,63939.7,1.0,-0.04761500467704549,-0.04761500467704549,5.302993525023516
2024-04-13 18:00:00-06:00,65615.9,0.0,0.02621532475128907,-0.0002,5.3019329263185115
2024-04-14 18:00:00-06:00,63392.7,0.0,-0.03388203164172099,-0.0,5.3019329263185115
2024-04-15 18:00:00-06:00,63765.0,0.0,0.00587291596666506,0.0,5.3019329263185115
2024-04-16 18:00:00-06:00,61254.5,0.0,-0.039371128361954,-0.0,5.3019329263185115
2024-04-17 18:00:00-06:00,63445.0,0.0,0.035760637993943245,0.0,5.3019329263185115
2024-04-18 18:00:00-06:00,63787.4,0.0,0.005396800378280497,0.0,5.3019329263185115
2024-04-19 18:00:00-06:00,64897.2,0.0,0.017398420377692014,0.0,5.3019329263185115
2024-04-20 18:00:00-06:00,64912.6,0.0,0.00023729837342756355,0.0,5.3019329263185115
2024-04-21 18:00:00-06:00,66778.0,0.0,0.028737101887769123,0.0,5.3019329263185115
2024-04-22 18:00:00-06:00,66386.3,0.0,-0.005865704273862571,-0.0,5.3019329263185115
2024-04-23 18:00:00-06:00,64250.0,0.0,-0.03217983228467325,-0.0,5.3019329263185115
2024-04-24 18:00:00-06:00,64478.8,0.0,0.0035610894941635607,0.0,5.3019329263185115
2024-04-25 18:00:00-06:00,63748.8,0.0,-0.011321550649205592,-0.0,5.3019329263185115
2024-04-26 18:00:00-06:00,63421.0,0.0,-0.005142057575985737,-0.0,5.3019329263185115
2024-04-27 18:00:00-06:00,63088.3,0.0,-0.00524589646962359,-0.0,5.3019329263185115
2024-04-28 18:00:00-06:00,63842.4,0.0,0.011953087973522791,0.0,5.3019329263185115
2024-04-29 18:00:00-06:00,60651.2,0.0,-0.04998558951417875,-0.0,5.3019329263185115
2024-04-30 18:00:00-06:00,58307.6,0.0,-0.03864062046587702,-0.0,5.3019329263185115
2024-05-01 18:00:00-06:00,59036.7,0.0,0.012504373357846932,0.0,5.3019329263185115
2024-05-02 18:00:00-06:00,62853.7,0.0,0.06465469784049582,0.0,5.3019329263185115
2024-05-03 18:00:00-06:00,63864.2,0.0,0.01607701694570096,0.0,5.3019329263185115
2024-05-04 18:00:00-06:00,63988.0,0.0,0.0019384882297124317,0.0,5.3019329263185115
2024-05-05 18:00:00-06:00,63142.8,0.0,-0.013208726636244283,-0.0,5.3019329263185115
2024-05-06 18:00:00-06:00,62296.0,0.0,-0.013410871865042417,-0.0,5.3019329263185115
2024-05-07 18:00:00-06:00,61157.9,0.0,-0.018269230769230704,-0.0,5.3019329263185115
2024-05-08 18:00:00-06:00,63050.1,0.0,0.030939584256490127,0.0,5.3019329263185115
2024-05-09 18:00:00-06:00,60778.1,0.0,-0.036034835789316766,-0.0,5.3019329263185115
2024-05-10 18:00:00-06:00,60809.2,0.0,0.0005116974699768129,0.0,5.3019329263185115
2024-05-11 18:00:00-06:00,61455.8,0.0,0.010633259441005682,0.0,5.3019329263185115
2024-05-12 18:00:00-06:00,62912.1,0.0,0.023696705599796752,0.0,5.3019329263185115
2024-05-13 18:00:00-06:00,61550.5,0.0,-0.02164289540485853,-0.0,5.3019329263185115
2024-05-14 18:00:00-06:00,66175.4,0.0,0.07513992575202466,0.0,5.3019329263185115
2024-05-15 18:00:00-06:00,65217.7,1.0,-0.01447214523826068,-0.014672145238260681,5.22414219638005
2024-05-16 18:00:00-06:00,66980.0,1.0,0.027021805430121004,0.027021805430121004,5.365307950349917
2024-05-17 18:00:00-06:00,66884.9,1.0,-0.0014198268139744563,-0.0014198268139744563,5.3576901422567795
2024-05-18 18:00:00-06:00,66239.4,1.0,-0.009650907753468996,-0.009650907753468996,5.305983568922189
2024-05-19 18:00:00-06:00,71466.5,1.0,0.07891224860128565,0.07891224860128565,5.724690663387314
2024-05-20 18:00:00-06:00,70168.8,1.0,-0.018158158018092396,-0.018158158018092396,5.620740825716829
2024-05-21 18:00:00-06:00,69219.1,1.0,-0.013534505364207416,-0.013534505364207416,5.544666878860345
2024-05-22 18:00:00-06:00,67999.9,1.0,-0.01761363554279105,-0.01761363554279105,5.4470051372499135
2024-05-23 18:00:00-06:00,68584.1,1.0,0.008591189104689922,0.008591189104689922,5.493801388438245
2024-05-24 18:00:00-06:00,69314.4,1.0,0.0106482406272006,0.0106482406272006,5.552300707580383
2024-05-25 18:00:00-06:00,68524.3,1.0,-0.011398785822282154,-0.011398785822282154,5.489011220993769
2024-05-26 18:00:00-06:00,69461.6,1.0,0.01367835935573214,0.01367835935573214,5.564091888982167
2024-05-27 18:00:00-06:00,68440.5,1.0,-0.014700208460502018,-0.014700208460502018,5.482298578320741
2024-05-28 18:00:00-06:00,67686.7,1.0,-0.011013946420613596,-0.011013946420613596,5.42191683551731
2024-05-29 18:00:00-06:00,68402.5,1.0,0.010575194240523,0.010575194240523,5.479254659208867
2024-05-30 18:00:00-06:00,67577.9,1.0,-0.012055114944629297,-0.012055114944629297,5.413201614481209
2024-05-31 18:00:00-06:00,67799.2,1.0,0.0032747392268774878,0.0032747392268774878,5.430928438151147
2024-06-01 18:00:00-06:00,67805.9,1.0,9.882122502924418e-05,9.882122502924418e-05,5.431465129152452
2024-06-02 18:00:00-06:00,68851.4,1.0,0.015419012209851868,0.015419012209851868,5.515212956296238
2024-06-03 18:00:00-06:00,70580.0,0.0,0.02510624330078981,-0.0002,5.514109913704979
2024-06-04 18:00:00-06:00,71133.3,1.0,0.007839331255313109,0.007639331255313109,5.5562340259139775
2024-06-05 18:00:00-06:00,70830.0,1.0,-0.004263825803104915,-0.004263825803104915,5.532543211906196
2024-06-06 18:00:00-06:00,69377.0,1.0,-0.020513906536778204,-0.020513906536778204,5.419049137546466
2024-06-07 18:00:00-06:00,69346.5,1.0,-0.00043962696570909454,-0.00043962696570909454,5.416666777417098
2024-06-08 18:00:00-06:00,69667.1,1.0,0.004623160505577095,0.004623160505577095,5.441708897334324
2024-06-09 18:00:00-06:00,69558.7,1.0,-0.0015559711829544742,-0.0015559711829544742,5.433241755104045
2024-06-10 18:00:00-06:00,67320.7,1.0,-0.032174264326389035,-0.032174264326389035,5.258431198726154
2024-06-11 18:00:00-06:00,68270.3,1.0,0.014105616845933033,0.014105616845933033,5.332604614426085
2024-06-12 18:00:00-06:00,66786.9,1.0,-0.02172833574775579,-0.02172833574775579,5.216735990953803
2024-06-13 18:00:00-06:00,66039.7,0.0,-0.011187822761649313,-0.0002,5.215692643755613
2024-06-14 18:00:00-06:00,66213.7,0.0,0.002634778777008462,0.0,5.215692643755613
2024-06-15 18:00:00-06:00,66653.6,0.0,0.006643640213430224,0.0,5.215692643755613
2024-06-16 18:00:00-06:00,66472.1,0.0,-0.0027230337146080252,-0.0,5.215692643755613
2024-06-17 18:00:00-06:00,65150.0,0.0,-0.019889547644801442,-0.0,5.215692643755613
2024-06-18 18:00:00-06:00,64933.6,0.0,-0.0033215656178050557,-0.0,5.215692643755613
2024-06-19 18:00:00-06:00,64854.0,0.0,-0.0012258676555743087,-0.0,5.215692643755613
2024-06-20 18:00:00-06:00,64124.0,0.0,-0.011256052055385934,-0.0,5.215692643755613
2024-06-21 18:00:00-06:00,64240.0,0.0,0.001808995072047903,0.0,5.215692643755613
2024-06-22 18:00:00-06:00,63194.9,0.0,-0.01626867995018677,-0.0,5.215692643755613
2024-06-23 18:00:00-06:00,60273.6,0.0,-0.046226831595587714,-0.0,5.215692643755613
2024-06-24 18:00:00-06:00,61777.8,0.0,0.024956199729234685,0.0,5.215692643755613
2024-06-25 18:00:00-06:00,60860.1,0.0,-0.014854850771636507,-0.0,5.215692643755613
2024-06-26 18:00:00-06:00,61682.0,0.0,0.013504742844655304,0.0,5.215692643755613
2024-06-27 18:00:00-06:00,60429.8,0.0,-0.020300898155053315,-0.0,5.215692643755613
2024-06-28 18:00:00-06:00,60982.4,0.0,0.00914449493461822,0.0,5.215692643755613
2024-06-29 18:00:00-06:00,62766.0,0.0,0.02924778296688868,0.0,5.215692643755613
2024-06-30 18:00:00-06:00,62883.6,0.0,0.0018736258483891266,0.0,5.215692643755613
2024-07-01 18:00:00-06:00,62123.6,0.0,-0.01208582205853359,-0.0,5.215692643755613
2024-07-02 18:00:00-06:00,60208.0,0.0,-0.03083530252593214,-0.0,5.215692643755613
2024-07-03 18:00:00-06:00,57045.9,0.0,-0.05251959872442202,-0.0,5.215692643755613
2024-07-04 18:00:00-06:00,56604.9,0.0,-0.007730616924266243,-0.0,5.215692643755613
2024-07-05 18:00:00-06:00,58216.0,0.0,0.028462200268881244,0.0,5.215692643755613
2024-07-06 18:00:00-06:00,55830.9,0.0,-0.04096983647107322,-0.0,5.215692643755613
2024-07-07 18:00:00-06:00,56686.4,0.0,0.01532305587049465,0.0,5.215692643755613
2024-07-08 18:00:00-06:00,58023.2,0.0,0.023582376019644746,0.0,5.215692643755613
2024-07-09 18:00:00-06:00,57707.0,0.0,-0.005449544320202948,-0.0,5.215692643755613
2024-07-10 18:00:00-06:00,57315.5,0.0,-0.00678427227199474,-0.0,5.215692643755613
2024-07-11 18:00:00-06:00,57870.0,0.0,0.009674520853870217,0.0,5.215692643755613
2024-07-12 18:00:00-06:00,59174.0,0.0,0.022533264212891035,0.0,5.215692643755613
2024-07-13 18:00:00-06:00,60766.0,0.0,0.02690370770946693,0.0,5.215692643755613
2024-07-14 18:00:00-06:00,64680.6,0.0,0.06442089326267975,0.0,5.215692643755613
2024-07-15 18:00:00-06:00,65010.0,0.0,0.0050927171362047385,0.0,5.215692643755613
2024-07-16 18:00:00-06:00,64055.7,1.0,-0.014679280110752257,-0.014879280110752258,5.138086891937584
2024-07-17 18:00:00-06:00,63959.9,1.0,-0.0014955733837893614,-0.0014955733837893614,5.130402505938405
2024-07-18 18:00:00-06:00,66627.9,1.0,0.041713636200181536,0.041713636200181536,5.344410249631619
2024-07-19 18:00:00-06:00,67095.6,1.0,0.007019581886867465,0.007019581886867465,5.381925775015922
2024-07-20 18:00:00-06:00,68138.0,1.0,0.015536041111488652,0.015536041111488652,5.46553959511555
2024-07-21 18:00:00-06:00,67499.2,1.0,-0.00937509172561568,-0.00937509172561568,5.414299660081357
2024-07-22 18:00:00-06:00,65916.4,1.0,-0.023449166804939914,-0.023449166804939914,5.28733884422018
2024-07-23 18:00:00-06:00,65350.8,1.0,-0.008580565686232777,-0.008580565686232777,5.2419704859619785
2024-07-24 18:00:00-06:00,65773.0,1.0,0.006460517698329671,0.006460517698329671,5.275836329060658
2024-07-25 18:00:00-06:00,67882.5,1.0,0.03207243093670664,0.03207243093670664,5.445045225357823
2024-07-26 18:00:00-06:00,67873.8,1.0,-0.00012816263396309147,-0.00012816263396309147,5.444347374019693
2024-07-27 18:00:00-06:00,68215.5,1.0,0.005034343148608178,0.005034343148608178,5.471756086920732
2024-07-28 18:00:00-06:00,66750.0,1.0,-0.02148338720671983,-0.02148338720671983,5.354204232204688
2024-07-29 18:00:00-06:00,66159.3,1.0,-0.00884943820224715,-0.00884943820224715,5.306822532729582
2024-07-30 18:00:00-06:00,64601.8,1.0,-0.023541663832598037,-0.023541663832598037,5.181891100644806
2024-07-31 18:00:00-06:00,65328.9,1.0,0.011255104346937772,0.011255104346937772,5.240213825697031
2024-08-01 18:00:00-06:00,61483.7,1.0,-0.05885909605090556,-0.05885909605090556,4.931779576803047
2024-08-02 18:00:00-06:00,60684.6,1.0,-0.012996940652563183,-0.012996940652563183,4.867681530331814
2024-08-03 18:00:00-06:00,58144.5,0.0,-0.04185740698628648,-0.0002,4.866707994025748
2024-08-04 18:00:00-06:00,54003.1,0.0,-0.07122599729983059,-0.0,4.866707994025748
2024-08-05 18:00:00-06:00,55991.2,0.0,0.03681455323861038,0.0,4.866707994025748
2024-08-06 18:00:00-06:00,55102.9,0.0,-0.015864993070339506,-0.0,4.866707994025748
2024-08-07 18:00:00-06:00,61659.8,0.0,0.11899373717172779,0.0,4.866707994025748
2024-08-08 18:00:00-06:00,60808.6,0.0,-0.013804780424198637,-0.0,4.866707994025748
2024-08-09 18:00:00-06:00,60889.9,0.0,0.0013369819400546046,0.0,4.866707994025748
2024-08-10 18:00:00-06:00,58693.1,0.0,-0.036078233007444616,-0.0,4.866707994025748
2024-08-11 18:00:00-06:00,59323.6,0.0,0.010742318943794071,0.0,4.866707994025748
2024-08-12 18:00:00-06:00,60550.5,0.0,0.020681482580288568,0.0,4.866707994025748
2024-08-13 18:00:00-06:00,58648.1,0.0,-0.03141840282078601,-0.0,4.866707994025748
2024-08-14 18:00:00-06:00,57511.0,0.0,-0.019388522390324625,-0.0,4.866707994025748
2024-08-15 18:00:00-06:00,58854.9,0.0,0.02336770356975193,0.0,4.866707994025748
2024-08-16 18:00:00-06:00,59468.5,0.0,0.010425640006184622,0.0,4.866707994025748
2024-08-17 18:00:00-06:00,58390.0,0.0,-0.018135651647510853,-0.0,4.866707994025748
2024-08-18 18:00:00-06:00,59398.5,0.0,0.017271793115259504,0.0,4.866707994025748
2024-08-19 18:00:00-06:00,58982.9,0.0,-0.0069968096837461635,-0.0,4.866707994025748
2024-08-20 18:00:00-06:00,61120.0,0.0,0.036232535192403104,0.0,4.866707994025748
2024-08-21 18:00:00-06:00,60349.9,1.0,-0.012599803664921416,-0.012799803664921417,4.8044150872077145
2024-08-22 18:00:00-06:00,64019.9,1.0,0.060812031171551206,0.060812031171551206,5.096581327252061
2024-08-23 18:00:00-06:00,64116.5,1.0,0.0015089058245951747,0.0015089058245951747,5.104271588502274
2024-08-24 18:00:00-06:00,64190.2,1.0,0.0011494701051990575,0.0011494701051990575,5.110138796102074
2024-08-25 18:00:00-06:00,62807.6,1.0,-0.021539113447224034,-0.021539113447224034,5.00007093684177
2024-08-26 18:00:00-06:00,59384.5,1.0,-0.05450136607671685,-0.05450136607671685,4.727560240303404
2024-08-27 18:00:00-06:00,59010.0,1.0,-0.0063063594035480675,-0.0063063594035480675,4.697746546326127
2024-08-28 18:00:00-06:00,59323.2,1.0,0.005307574987290176,0.005307574987290176,4.722680188392037
2024-08-29 18:00:00-06:00,59096.3,1.0,-0.003824810529438616,-0.003824810529438616,4.704616831480304
2024-08-30 18:00:00-06:00,58941.9,1.0,-0.0026126847196863423,-0.0026126847196863423,4.692325150972716
2024-08-31 18:00:00-06:00,57268.1,1.0,-0.028397455799694327,-0.028397455799694327,4.559075054900175
2024-09-01 18:00:00-06:00,59112.1,0.0,0.032199426906078576,-0.0002,4.558163239889195
2024-09-02 18:00:00-06:00,57451.9,0.0,-0.028085620372140352,-0.0,4.558163239889195
2024-09-03 18:00:00-06:00,57944.8,0.0,0.008579350726433788,0.0,4.558163239889195
2024-09-04 18:00:00-06:00,56145.7,0.0,-0.031048515138545785,-0.0,4.558163239889195
2024-09-05 18:00:00-06:00,53927.7,0.0,-0.03950436097510579,-0.0,4.558163239889195
2024-09-06 18:00:00-06:00,54134.9,0.0,0.003842181290876656,0.0,4.558163239889195
2024-09-07 18:00:00-06:00,54839.6,0.0,0.013017480405431492,0.0,4.558163239889195
2024-09-08 18:00:00-06:00,57010.0,0.0,0.03957723980481265,0.0,4.558163239889195
2024-09-09 18:00:00-06:00,57609.1,0.0,0.010508682687247806,0.0,4.558163239889195
2024-09-10 18:00:00-06:00,57306.0,0.0,-0.005261321562044841,-0.0,4.558163239889195
2024-09-11 18:00:00-06:00,58097.0,0.0,0.013803092171849274,0.0,4.558163239889195
2024-09-12 18:00:00-06:00,60456.2,0.0,0.04060794877532392,0.0,4.558163239889195
2024-09-13 18:00:00-06:00,59964.0,0.0,-0.008141431317218006,-0.0,4.558163239889195
2024-09-14 18:00:00-06:00,59100.5,0.0,-0.01440030685077709,-0.0,4.558163239889195
2024-09-15 18:00:00-06:00,58187.0,1.0,-0.015456722024348335,-0.015656722024348334,4.486797345100647
2024-09-16 18:00:00-06:00,60281.0,1.0,0.03598741987041776,0.03598741987041776,4.648265605032259
2024-09-17 18:00:00-06:00,61735.3,1.0,0.024125346294852523,0.024125346294852523,4.760406622424115
2024-09-18 18:00:00-06:00,62926.9,1.0,0.019301760905025223,0.019301760905025223,4.852290852860843
2024-09-19 18:00:00-06:00,63175.7,1.0,0.003953794005425282,0.003953794005425282,4.871475811347464
2024-09-20 18:00:00-06:00,63320.6,1.0,0.002293603394976307,0.002293603394976307,4.882649044806915
2024-09-21 18:00:00-06:00,63558.4,1.0,0.0037554918936333337,0.0037554918936333337,4.900985793714145
2024-09-22 18:00:00-06:00,63302.0,1.0,-0.0040340851877957995,-0.0040340851877957995,4.8812147995181245
2024-09-23 18:00:00-06:00,64243.1,1.0,0.014866828852168945,0.014866828852168945,4.953782984533235
2024-09-24 18:00:00-06:00,63118.4,1.0,-0.01750693848833562,-0.01750693848833562,4.867057410538448
2024-09-25 18:00:00-06:00,65139.2,1.0,0.03201602068493492,0.03201602068493492,5.022881221269013
2024-09-26 18:00:00-06:00,65749.6,1.0,0.009370701513067514,0.009370701513067514,5.069949141929117
2024-09-27 18:00:00-06:00,65822.6,1.0,0.0011102729142078438,0.0011102729142078438,5.075578169137812
2024-09-28 18:00:00-06:00,65568.1,1.0,-0.003866453163503092,-0.003866453163503092,5.055953683869142
2024-09-29 18:00:00-06:00,63309.1,1.0,-0.03445272929976628,-0.03445272929976628,4.881762280246643
2024-09-30 18:00:00-06:00,60776.8,1.0,-0.039998989086876824,-0.039998989086876824,4.68649672407433
2024-10-01 18:00:00-06:00,60622.6,1.0,-0.0025371523344435154,-0.0025371523344435154,4.674606367970483
2024-10-02 18:00:00-06:00,60727.2,1.0,0.0017254291303903102,0.0017254291303903102,4.682672069970888
2024-10-03 18:00:00-06:00,62054.4,1.0,0.02185511599415091,0.02185511599415091,4.785012411222673
2024-10-04 18:00:00-06:00,62023.1,1.0,-0.0005043961427393384,-0.0005043961427393384,4.782598869419492
2024-10-05 18:00:00-06:00,62789.3,0.0,0.012353461855341141,-0.0002,4.781642349645608
2024-10-06 18:00:00-06:00,62190.7,0.0,-0.009533471467272348,-0.0,4.781642349645608
2024-10-07 18:00:00-06:00,62131.7,0.0,-0.0009486949013276513,-0.0,4.781642349645608
2024-10-08 18:00:00-06:00,60606.4,0.0,-0.024549465087869704,-0.0,4.781642349645608
2024-10-09 18:00:00-06:00,60293.2,0.0,-0.0051677710604821625,-0.0,4.781642349645608
2024-10-10 18:00:00-06:00,62509.0,0.0,0.036750412981895186,0.0,4.781642349645608
2024-10-11 18:00:00-06:00,63176.0,0.0,0.010670463453262835,0.0,4.781642349645608
2024-10-12 18:00:00-06:00,62839.8,0.0,-0.005321641129542809,-0.0,4.781642349645608
2024-10-13 18:00:00-06:00,66064.9,0.0,0.05132256945439018,0.0,4.781642349645608
2024-10-14 18:00:00-06:00,67044.1,0.0,0.014821788877301234,0.0,4.781642349645608
2024-10-15 18:00:00-06:00,67592.0,1.0,0.008172232903417287,0.007972232903417286,4.819762716117826
2024-10-16 18:00:00-06:00,67401.5,1.0,-0.0028183808734761895,-0.0028183808734761895,4.806178789064026
2024-10-17 18:00:00-06:00,68407.8,1.0,0.014929934793736166,0.014929934793736166,4.87793472499179
2024-10-18 18:00:00-06:00,68357.1,1.0,-0.0007411435538052791,-0.0007411435538052791,4.874319475114479
2024-10-19 18:00:00-06:00,69020.1,1.0,0.009699065642047477,0.009699065642047477,4.921595819663925
2024-10-20 18:00:00-06:00,67368.8,1.0,-0.02392491462631907,-0.02392491462631907,4.803847059853217
2024-10-21 18:00:00-06:00,67406.4,1.0,0.0005581218605643645,0.0005581218605643645,4.806528191912129
2024-10-22 18:00:00-06:00,66647.2,1.0,-0.011263025469391619,-0.011263025469391619,4.752392142467274
2024-10-23 18:00:00-06:00,68173.8,1.0,0.022905688461030804,0.022905688461030804,4.86124895632728
2024-10-24 18:00:00-06:00,66662.8,1.0,-0.022163939812655298,-0.022163939812655298,4.7535045270449094
2024-10-25 18:00:00-06:00,67071.8,1.0,0.006135355850639401,0.006135355850639401,4.782668968855956
2024-10-26 18:00:00-06:00,67992.6,1.0,0.013728571471169682,0.013728571471169682,4.84832818161784
2024-10-27 18:00:00-06:00,69940.0,1.0,0.02864135214714536,0.02864135214714536,4.987190856392486
2024-10-28 18:00:00-06:00,72739.5,1.0,0.040027166142407866,0.040027166142407866,5.186813973385205
2024-10-29 18:00:00-06:00,72349.0,1.0,-0.005368472425573478,-0.005368472425573478,5.158968705592508
2024-10-30 18:00:00-06:00,70321.9,1.0,-0.02801835547139564,-0.02801835547139564,5.014422886533411
2024-10-31 18:00:00-06:00,69495.5,1.0,-0.01175167337628813,-0.01175167337628813,4.955495026600286
2024-11-01 18:00:00-06:00,69366.6,1.0,-0.0018547963537206558,-0.0018547963537206558,4.9463035924940675
2024-11-02 18:00:00-06:00,68762.5,1.0,-0.00870880221893544,-0.00870880221893544,4.903227212792227
2024-11-03 18:00:00-06:00,67834.3,1.0,-0.013498636611525172,-0.013498636611525172,4.837040330423003
2024-11-04 18:00:00-06:00,69353.1,1.0,0.02238985292101492,0.02238985292101492,4.945340951994191
2024-11-05 18:00:00-06:00,75579.9,1.0,0.08978401830631921,0.08978401830631921,5.389353534559027
2024-11-06 18:00:00-06:00,75859.4,1.0,0.0036980731649551846,0.0036980731649551846,5.409283758241636
2024-11-07 18:00:00-06:00,76482.2,1.0,0.008209925203732205,0.008209925203732205,5.453693573302563
2024-11-08 18:00:00-06:00,76675.1,1.0,0.0025221554819292447,0.0025221554819292447,5.467448636445231
2024-11-09 18:00:00-06:00,80410.0,1.0,0.04871072877635618,0.04871072877635618,5.733772044073773
2024-11-10 18:00:00-06:00,88728.9,1.0,0.10345603780624302,0.10345603780624302,6.326965381437849
2024-11-11 18:00:00-06:00,87972.0,1.0,-0.008530478795522045,-0.008530478795522045,6.272993337411491
2024-11-12 18:00:00-06:00,90413.3,1.0,0.027750875278497844,0.027750875278497844,6.447074393140846
2024-11-13 18:00:00-06:00,87382.7,1.0,-0.03351940477783699,-0.03351940477783699,6.23097229692433
2024-11-14 18:00:00-06:00,91074.6,1.0,0.042249781707363265,0.042249781707363265,6.494229516294011
2024-11-15 18:00:00-06:00,90643.3,1.0,-0.004735678224225048,-0.004735678224225048,6.463474934990578
2024-11-16 18:00:00-06:00,89899.9,1.0,-0.008201378369940282,-0.008201378369940282,6.410465531464095
2024-11-17 18:00:00-06:00,90507.4,1.0,0.00675751585930584,0.00675751585930584,6.453784353958497
2024-11-18 18:00:00-06:00,92335.9,1.0,0.02020276795046594,0.02020276795046594,6.584168661663869
2024-11-19 18:00:00-06:00,94288.0,1.0,0.02114128957426109,0.02114128957426109,6.72336647794588
2024-11-20 18:00:00-06:00,98366.8,1.0,0.04325895129815027,0.04325895129815027,7.014212260974957
2024-11-21 18:00:00-06:00,98921.4,1.0,0.005638081141198015,0.005638081141198015,7.05375895884392
2024-11-22 18:00:00-06:00,97725.5,1.0,-0.01208939622771199,-0.01208939622771199,6.968483271895683
2024-11-23 18:00:00-06:00,97960.4,1.0,0.0024036715084598814,0.0024036715084598814,6.985233216593517
2024-11-24 18:00:00-06:00,93064.0,1.0,-0.049983462705338044,-0.049983462705338044,6.636087072623827
2024-11-25 18:00:00-06:00,92021.4,1.0,-0.011203043067136709,-0.011203043067136709,6.561742703351953
2024-11-26 18:00:00-06:00,95905.2,1.0,0.042205400048249686,0.042205400048249686,6.838683679160606
2024-11-27 18:00:00-06:00,95694.4,1.0,-0.002198003862147191,-0.002198003862147191,6.8236522260218075
2024-11-28 18:00:00-06:00,97516.3,1.0,0.019038731629019034,0.019038731629019034,6.953565909482795
2024-11-29 18:00:00-06:00,96475.1,1.0,-0.010677189351933958,-0.010677189351933958,6.879321369596094
2024-11-30 18:00:00-06:00,97265.1,1.0,0.008188641421465137,0.008188641421465137,6.935653665514739
2024-12-01 18:00:00-06:00,95890.5,1.0,-0.01413251001643967,-0.01413251001643967,6.837635470616295
2024-12-02 18:00:00-06:00,95913.3,1.0,0.00023777120778389893,0.00023777120778389893,6.839261263460529
2024-12-03 18:00:00-06:00,98669.8,1.0,0.028739497024917293,0.028739497024917293,7.035818192194386
2024-12-04 18:00:00-06:00,97001.5,1.0,-0.01690790900559247,-0.01690790900559247,6.916857218420871
2024-12-05 18:00:00-06:00,99802.5,1.0,0.028875842126152795,0.028875842126152795,7.116587295469133
2024-12-06 18:00:00-06:00,99899.2,1.0,0.0009689136043686819,0.0009689136043686819,7.1234826537163904
2024-12-07 18:00:00-06:00,101200.0,1.0,0.013021125294296665,0.013021125294296665,7.216238413882181
2024-12-08 18:00:00-06:00,97349.1,1.0,-0.03805237154150187,-0.03805237154150187,6.941643428625078
2024-12-09 18:00:00-06:00,96602.4,1.0,-0.007670332853616624,-0.007670332853616624,6.888398712976403
2024-12-10 18:00:00-06:00,101115.3,1.0,0.04671623065265473,0.04671623065265473,7.210198736079258
2024-12-11 18:00:00-06:00,99982.4,1.0,-0.011204041327079195,-0.011204041327079195,7.129415371463772
2024-12-12 18:00:00-06:00,101371.9,1.0,0.013897445950487253,0.013897445950487253,7.228496036247263
2024-12-13 18:00:00-06:00,101381.0,1.0,8.976846640940117e-05,8.976846640940117e-05,7.229144927250883
2024-12-14 18:00:00-06:00,104460.4,1.0,0.030374527771475757,0.030374527771475757,7.448726790607688
2024-12-15 18:00:00-06:00,106023.2,1.0,0.014960693238777578,0.014960693238777578,7.560164907141434
2024-12-16 18:00:00-06:00,106074.6,1.0,0.00048479955330549274,0.00048479955330549274,7.563830071711332
2024-12-17 18:00:00-06:00,100181.1,1.0,-0.05555995497508359,-0.05555995497508359,7.143584013487867
2024-12-18 18:00:00-06:00,97434.4,1.0,-0.027417347184249485,-0.027417347184249485,6.947725890450216
2024-12-19 18:00:00-06:00,97764.4,1.0,0.003386894156478526,0.003386894156478526,6.971257102669396
2024-12-20 18:00:00-06:00,97261.8,1.0,-0.0051409306455109105,-0.0051409306455109105,6.9354183533925475
2024-12-21 18:00:00-06:00,95153.5,1.0,-0.021676547215864872,-0.021676547215864872,6.785082429993458
2024-12-22 18:00:00-06:00,94861.1,1.0,-0.0030729295296546555,-0.0030729295296546555,6.76423234983319
2024-12-23 18:00:00-06:00,98627.2,0.0,0.039701205235865844,-0.0002,6.762879503363223
2024-12-24 18:00:00-06:00,99379.7,0.0,0.0076297410856234205,0.0,6.762879503363223
2024-12-25 18:00:00-06:00,95751.0,0.0,-0.0365134931983091,-0.0,6.762879503363223
2024-12-26 18:00:00-06:00,94258.9,0.0,-0.01558312706916909,-0.0,6.762879503363223
2024-12-27 18:00:00-06:00,95259.1,0.0,0.010611199579031894,0.0,6.762879503363223
2024-12-28 18:00:00-06:00,93700.0,0.0,-0.016366940271323238,-0.0,6.762879503363223
2024-12-29 18:00:00-06:00,92759.3,0.0,-0.010039487726787644,-0.0,6.762879503363223
2024-12-30 18:00:00-06:00,93548.9,0.0,0.008512354017332857,0.0,6.762879503363223
2024-12-31 18:00:00-06:00,94580.9,0.0,0.011031663653982005,0.0,6.762879503363223
2025-01-01 18:00:00-06:00,96967.5,0.0,0.025233424507485225,0.0,6.762879503363223
2025-01-02 18:00:00-06:00,98145.7,0.0,0.0121504627839224,0.0,6.762879503363223
2025-01-03 18:00:00-06:00,98173.2,0.0,0.00028019566827675035,0.0,6.762879503363223
2025-01-04 18:00:00-06:00,98340.2,0.0,0.001701075242530603,0.0,6.762879503363223
2025-01-05 18:00:00-06:00,102180.4,0.0,0.03905015446379001,0.0,6.762879503363223
2025-01-06 18:00:00-06:00,96920.3,1.0,-0.05147856144622642,-0.05167856144622642,6.413383619395241
2025-01-07 18:00:00-06:00,95014.1,1.0,-0.019667706352539116,-0.019667706352539116,6.287247073642791
2025-01-08 18:00:00-06:00,92505.9,1.0,-0.02639818721642384,-0.02639818721642384,6.1212751483168555
2025-01-09 18:00:00-06:00,94675.5,1.0,0.023453639173285135,0.023453639173285135,6.264841326925876
2025-01-10 18:00:00-06:00,94562.5,1.0,-0.0011935506017924924,-0.0011935506017924924,6.257363921789989
2025-01-11 18:00:00-06:00,94499.9,1.0,-0.0006619960343688946,-0.0006619960343688946,6.253221571688161
2025-01-12 18:00:00-06:00,94485.3,0.0,-0.00015449751798668476,-0.0002,6.251970927373823
2025-01-13 18:00:00-06:00,96514.9,0.0,0.021480590102375574,0.0,6.251970927373823
2025-01-14 18:00:00-06:00,100460.0,0.0,0.04087555393001496,0.0,6.251970927373823
2025-01-15 18:00:00-06:00,99937.4,0.0,-0.005202070475811338,-0.0,6.251970927373823
2025-01-16 18:00:00-06:00,104042.5,1.0,0.04107671402297841,0.04087671402297841,6.507530955052058
2025-01-17 18:00:00-06:00,104524.3,1.0,0.004630799913496908,0.004630799913496908,6.537666028835791
2025-01-18 18:00:00-06:00,101311.5,1.0,-0.03073735007074918,-0.03073735007074918,6.336715499461821
2025-01-19 18:00:00-06:00,102247.6,1.0,0.009239819763797952,0.009239819763797952,6.3952656085713135
2025-01-20 18:00:00-06:00,106114.5,1.0,0.03781898059220934,0.03781898059220934,6.637128034503896
2025-01-21 18:00:00-06:00,103664.9,1.0,-0.02308449834848214,-0.02308449834848214,6.4839132633527266
2025-01-22 18:00:00-06:00,103864.1,1.0,0.0019215761554780553,0.0019215761554780553,6.496372596473773
2025-01-23 18:00:00-06:00,104808.1,1.0,0.009088799691134852,0.009088799691134852,6.555416825722101
2025-01-24 18:00:00-06:00,104702.0,1.0,-0.0010123263373728042,-0.0010123263373728042,6.548780604616965
2025-01-25 18:00:00-06:00,102560.1,1.0,-0.020457106836545558,-0.020457106836545558,6.414811500139218
2025-01-26 18:00:00-06:00,102021.3,1.0,-0.005253505018033344,-0.005253505018033344,6.381111255733499
2025-01-27 18:00:00-06:00,101279.6,1.0,-0.007270050469852851,-0.007270050469852851,6.334720254850571
2025-01-28 18:00:00-06:00,103698.2,1.0,0.023880426068033422,0.023880426068033422,6.485996073558204
2025-01-29 18:00:00-06:00,104676.9,1.0,0.009437965172008678,0.009437965172008678,6.547210678606231
2025-01-30 18:00:00-06:00,102379.7,1.0,-0.021945625061498775,-0.021945625061498775,6.403528047854898
2025-01-31 18:00:00-06:00,100603.6,1.0,-0.01734816570081754,-0.01734816570081754,6.292438582210879
2025-02-01 18:00:00-06:00,97664.5,1.0,-0.02921466031036668,-0.02921466031036668,6.108607126507743
2025-02-02 18:00:00-06:00,101293.7,0.0,0.037159868734289336,-0.0002,6.107385405082442
2025-02-03 18:00:00-06:00,97709.9,0.0,-0.035380285249724364,-0.0,6.107385405082442
2025-02-04 18:00:00-06:00,96553.2,0.0,-0.011838104429540919,-0.0,6.107385405082442
2025-02-05 18:00:00-06:00,96515.1,0.0,-0.00039460111109723695,-0.0,6.107385405082442
2025-02-06 18:00:00-06:00,96454.5,0.0,-0.0006278810258706358,-0.0,6.107385405082442
2025-02-07 18:00:00-06:00,96411.9,0.0,-0.00044165902057458073,-0.0,6.107385405082442
2025-02-08 18:00:00-06:00,96423.6,0.0,0.00012135431414606046,0.0,6.107385405082442
2025-02-09 18:00:00-06:00,97379.2,0.0,0.009910436864004168,0.0,6.107385405082442
2025-02-10 18:00:00-06:00,95731.4,0.0,-0.01692147809799216,-0.0,6.107385405082442
2025-02-11 18:00:00-06:00,97816.3,0.0,0.021778643162013722,0.0,6.107385405082442
2025-02-12 18:00:00-06:00,96560.6,0.0,-0.012837328747867138,-0.0,6.107385405082442
2025-02-13 18:00:00-06:00,97445.1,0.0,0.009160050786759744,0.0,6.107385405082442
2025-02-14 18:00:00-06:00,97538.0,0.0,0.0009533573263302841,0.0,6.107385405082442
2025-02-15 18:00:00-06:00,96067.0,0.0,-0.01508130164653776,-0.0,6.107385405082442
2025-02-16 18:00:00-06:00,95743.2,0.0,-0.0033705642936701086,-0.0,6.107385405082442
2025-02-17 18:00:00-06:00,95622.0,0.0,-0.0012658862457072262,-0.0,6.107385405082442
2025-02-18 18:00:00-06:00,96598.0,0.0,0.010206856162807698,0.0,6.107385405082442
2025-02-19 18:00:00-06:00,98252.9,0.0,0.01713182467545904,0.0,6.107385405082442
2025-02-20 18:00:00-06:00,96127.9,0.0,-0.021627860348142347,-0.0,6.107385405082442
2025-02-21 18:00:00-06:00,96503.3,0.0,0.003905213782887218,0.0,6.107385405082442
2025-02-22 18:00:00-06:00,96218.4,0.0,-0.0029522306491074346,-0.0,6.107385405082442
2025-02-23 18:00:00-06:00,91514.5,0.0,-0.04888773872772767,-0.0,6.107385405082442
2025-02-24 18:00:00-06:00,88639.1,0.0,-0.03142015746138582,-0.0,6.107385405082442
2025-02-25 18:00:00-06:00,84208.5,0.0,-0.04998471329244103,-0.0,6.107385405082442
2025-02-26 18:00:00-06:00,84668.1,0.0,0.005457881330269476,0.0,6.107385405082442
2025-02-27 18:00:00-06:00,84299.6,0.0,-0.004352288524249404,-0.0,6.107385405082442
2025-02-28 18:00:00-06:00,86007.7,0.0,0.02026225509966828,0.0,6.107385405082442
2025-03-01 18:00:00-06:00,94222.8,0.0,0.09551586660264144,0.0,6.107385405082442
2025-03-02 18:00:00-06:00,86192.7,0.0,-0.08522459532087778,-0.0,6.107385405082442
2025-03-03 18:00:00-06:00,87245.9,0.0,0.012219132246698461,0.0,6.107385405082442
2025-03-04 18:00:00-06:00,90566.1,0.0,0.03805565648357123,0.0,6.107385405082442
2025-03-05 18:00:00-06:00,89887.8,0.0,-0.007489557350929377,-0.0,6.107385405082442
2025-03-06 18:00:00-06:00,86753.8,0.0,-0.034865688113403626,-0.0,6.107385405082442
2025-03-07 18:00:00-06:00,86184.7,0.0,-0.006559943195571849,-0.0,6.107385405082442
2025-03-08 18:00:00-06:00,80688.8,0.0,-0.06376885920586828,-0.0,6.107385405082442
2025-03-09 18:00:00-06:00,78567.8,0.0,-0.02628617602442962,-0.0,6.107385405082442
2025-03-10 18:00:00-06:00,82896.0,0.0,0.055088725915705794,0.0,6.107385405082442
2025-03-11 18:00:00-06:00,83640.7,0.0,0.008983545647558433,0.0,6.107385405082442
2025-03-12 18:00:00-06:00,81085.4,0.0,-0.030550916001420347,-0.0,6.107385405082442
2025-03-13 18:00:00-06:00,83939.8,0.0,0.03520239155261007,0.0,6.107385405082442
2025-03-14 18:00:00-06:00,84302.9,0.0,0.00432571914634039,0.0,6.107385405082442
2025-03-15 18:00:00-06:00,82541.6,0.0,-0.02089251971165862,-0.0,6.107385405082442
2025-03-16 18:00:00-06:00,83962.9,0.0,0.017219196138674064,0.0,6.107385405082442
2025-03-17 18:00:00-06:00,82666.1,0.0,-0.015444916742989867,-0.0,6.107385405082442
2025-03-18 18:00:00-06:00,86809.8,0.0,0.050125746829716045,0.0,6.107385405082442
2025-03-19 18:00:00-06:00,84183.6,0.0,-0.030252344781349527,-0.0,6.107385405082442
2025-03-20 18:00:00-06:00,84050.3,0.0,-0.0015834438061570477,-0.0,6.107385405082442
2025-03-21 18:00:00-06:00,83804.9,0.0,-0.002919680239095057,-0.0,6.107385405082442
2025-03-22 18:00:00-06:00,86044.2,0.0,0.026720394630862954,0.0,6.107385405082442
2025-03-23 18:00:00-06:00,87463.4,1.0,0.016493848510416687,0.016293848510416688,6.206898217667585
2025-03-24 18:00:00-06:00,87369.8,1.0,-0.0010701619191569867,-0.0010701619191569867,6.2002558315589535
2025-03-25 18:00:00-06:00,86873.8,1.0,-0.005677018832594305,-0.005677018832594305,6.165056862436291
2025-03-26 18:00:00-06:00,87191.2,1.0,0.0036535756465123637,0.0036535756465123637,6.187581364048253
2025-03-27 18:00:00-06:00,84380.8,1.0,-0.03223261063043048,-0.03223261063043048,5.988139463196777
2025-03-28 18:00:00-06:00,82604.7,1.0,-0.021048627175850543,-0.021048627175850543,5.862097348158951
2025-03-29 18:00:00-06:00,82352.8,1.0,-0.0030494632871979066,-0.0030494632871979066,5.84422109750976
2025-03-30 18:00:00-06:00,82517.5,1.0,0.001999931999883353,0.001999931999883353,5.8559091422970635
2025-03-31 18:00:00-06:00,85120.9,1.0,0.03154967128184927,0.03154967128184927,6.0406611507929115
2025-04-01 18:00:00-06:00,82485.1,0.0,-0.030965368082339184,-0.0002,6.039453018562753
2025-04-02 18:00:00-06:00,83181.5,0.0,0.00844273693066988,0.0,6.039453018562753
2025-04-03 18:00:00-06:00,83861.3,0.0,0.008172490277285283,0.0,6.039453018562753
2025-04-04 18:00:00-06:00,83506.1,0.0,-0.004235565153413945,-0.0,6.039453018562753
2025-04-05 18:00:00-06:00,78390.0,0.0,-0.06126618294950914,-0.0,6.039453018562753
2025-04-06 18:00:00-06:00,79140.0,0.0,0.009567546880979716,0.0,6.039453018562753
2025-04-07 18:00:00-06:00,76297.9,0.0,-0.0359123073035128,-0.0,6.039453018562753
2025-04-08 18:00:00-06:00,82588.0,0.0,0.08244132538379167,0.0,6.039453018562753
2025-04-09 18:00:00-06:00,79560.2,0.0,-0.03666150046011529,-0.0,6.039453018562753
2025-04-10 18:00:00-06:00,83378.3,0.0,0.047990075439729996,0.0,6.039453018562753
2025-04-11 18:00:00-06:00,85237.8,0.0,0.022301965859222284,0.0,6.039453018562753
2025-04-12 18:00:00-06:00,83713.7,0.0,-0.01788056472597843,-0.0,6.039453018562753
2025-04-13 18:00:00-06:00,84553.9,0.0,0.01003658899319948,0.0,6.039453018562753
2025-04-14 18:00:00-06:00,83608.7,0.0,-0.011178668281415671,-0.0,6.039453018562753
2025-04-15 18:00:00-06:00,83990.0,1.0,0.0045605301840598855,0.004360530184059886,6.065788235745408
2025-04-16 18:00:00-06:00,84915.0,1.0,0.011013215859030812,0.011013215859030812,6.1325920709408415
2025-04-17 18:00:00-06:00,84421.0,1.0,-0.005817582288170531,-0.005817582288170531,6.096915211928361
2025-04-18 18:00:00-06:00,85046.9,1.0,0.007414032053635777,0.007414032053635777,6.142117936737898
2025-04-19 18:00:00-06:00,85138.8,1.0,0.001080580244547491,0.001080580244547491,6.148754988040017
2025-04-20 18:00:00-06:00,87466.0,1.0,0.027334188407635462,0.027334188407635462,6.3168262153554915
2025-04-21 18:00:00-06:00,93404.9,1.0,0.06789952667322163,0.06789952667322163,6.745735725455128
2025-04-22 18:00:00-06:00,93632.1,1.0,0.0024324205689423284,0.0024324205689423284,6.762144191786374
2025-04-23 18:00:00-06:00,93931.6,1.0,0.0031986893383786352,0.0031986893383786352,6.78377419031722
2025-04-24 18:00:00-06:00,94591.8,1.0,0.007028518624190294,0.007028518624190294,6.831454073556166
2025-04-25 18:00:00-06:00,94575.7,1.0,-0.00017020502834286244,-0.00017020502834286244,6.830291325721954
2025-04-26 18:00:00-06:00,93697.1,1.0,-0.00928991273656965,-0.00928991273656965,6.766838515340648
2025-04-27 18:00:00-06:00,94969.0,1.0,0.013574593023690129,0.013574593023690129,6.85869559424343
2025-04-28 18:00:00-06:00,94200.1,1.0,-0.008096326169592105,-0.008096326169592105,6.803165357614491
2025-04-29 18:00:00-06:00,94125.1,1.0,-0.0007961774987500503,-0.0007961774987500503,6.797748830436483
2025-04-30 18:00:00-06:00,96423.3,1.0,0.02441644152303679,0.02441644152303679,6.963725667243127
2025-05-01 18:00:00-06:00,96831.2,1.0,0.004230305330765516,0.004230305330765516,6.993184353055254
2025-05-02 18:00:00-06:00,95803.3,1.0,-0.010615380166723032,-0.010615380166723032,6.918949042571593
2025-05-03 18:00:00-06:00,94230.2,1.0,-0.016420102439060114,-0.016420102439060114,6.805339190521931
2025-05-04 18:00:00-06:00,94696.7,1.0,0.004950642150817863,0.004950642150817863,6.839029989569141
2025-05-05 18:00:00-06:00,96798.9,1.0,0.022199295223592763,0.022199295223592763,6.990851635350591
2025-05-06 18:00:00-06:00,96988.4,1.0,0.001957666874313757,0.001957666874313757,7.004537394020359
2025-05-07 18:00:00-06:00,103228.1,1.0,0.06433449773374966,0.06433449773374966,7.455170789121926
2025-05-08 18:00:00-06:00,102941.9,1.0,-0.002772500898495789,-0.002772500898495789,7.434501321410646
2025-05-09 18:00:00-06:00,104788.8,1.0,0.017941188184791734,0.017941188184791734,7.567885108678157
2025-05-10 18:00:00-06:00,104072.7,1.0,-0.006833745591131923,-0.006833745591131923,7.516168107182534
2025-05-11 18:00:00-06:00,102739.3,1.0,-0.012812197627235511,-0.012812197627235511,7.419869475993787
2025-05-12 18:00:00-06:00,104082.0,1.0,0.013069000859456947,0.013069000859456947,7.516839756552608
2025-05-13 18:00:00-06:00,103458.1,1.0,-0.005994312176937355,-0.005994312176937355,7.471781472467818
2025-05-14 18:00:00-06:00,103714.5,1.0,0.0024782979776354352,0.0024782979776354352,7.490298773380369
2025-05-15 18:00:00-06:00,103412.2,1.0,-0.0029147322698369615,-0.0029147322698369615,7.468466557834877
2025-05-16 18:00:00-06:00,103079.6,1.0,-0.0032162549486423053,-0.0032162549486423053,7.444446065309471
2025-05-17 18:00:00-06:00,106407.6,1.0,0.03228572869898594,0.03228572869898594,7.684795431288285
2025-05-18 18:00:00-06:00,105531.6,1.0,-0.008232494671433277,-0.008232494671433277,7.62153039384915
2025-05-19 18:00:00-06:00,106800.1,1.0,0.012020096350287446,0.012020096350287446,7.713141923519861
2025-05-20 18:00:00-06:00,109609.5,1.0,0.026305218815338094,0.026305218815338094,7.916037809571809
2025-05-21 18:00:00-06:00,111662.7,1.0,0.018731952978528366,0.018731952978528366,8.06432065759696
2025-05-22 18:00:00-06:00,107271.5,1.0,-0.039325576042850474,-0.039325576042850474,7.747186602342701
2025-05-23 18:00:00-06:00,107698.9,1.0,0.003984282871032807,0.003984282871032807,7.77805358522111
2025-05-24 18:00:00-06:00,108955.9,1.0,0.011671428398990047,0.011671428398990047,7.868834580724526
2025-05-25 18:00:00-06:00,109386.8,1.0,0.003954811074939668,0.003954811074939668,7.899954334871244
2025-05-26 18:00:00-06:00,108889.3,1.0,-0.0045480807556305125,-0.0045480807556305125,7.864024704590456
2025-05-27 18:00:00-06:00,107723.1,1.0,-0.01070995956443832,-0.01070995956443832,7.7798013179905485
2025-05-28 18:00:00-06:00,105539.9,1.0,-0.020266776578097057,-0.020266776578097057,7.6221298228568495
2025-05-29 18:00:00-06:00,103950.0,1.0,-0.015064444821342393,-0.015064444821342393,7.507306668719314
2025-05-30 18:00:00-06:00,104544.7,1.0,0.005721019721019793,0.005721019721019793,7.550256118222801
2025-05-31 18:00:00-06:00,105583.3,1.0,0.00993450648382943,0.00993450648382943,7.625264186583859
2025-06-01 18:00:00-06:00,105814.3,1.0,0.0021878459945843254,0.0021878459945843254,7.641947090292124
2025-06-02 18:00:00-06:00,105330.1,0.0,-0.004575941059006161,-0.0002,7.640418700874066
2025-06-03 18:00:00-06:00,104641.8,0.0,-0.0065346942611845815,-0.0,7.640418700874066
2025-06-04 18:00:00-06:00,101458.6,0.0,-0.030419966017404154,-0.0,7.640418700874066
2025-06-05 18:00:00-06:00,104240.0,0.0,0.02741413739200027,0.0,7.640418700874066
2025-06-06 18:00:00-06:00,105507.5,0.0,0.012159439754412915,0.0,7.640418700874066
2025-06-07 18:00:00-06:00,105676.5,0.0,0.001601781863848517,0.0,7.640418700874066
2025-06-08 18:00:00-06:00,110227.9,0.0,0.04306917810487665,0.0,7.640418700874066
2025-06-09 18:00:00-06:00,110235.4,0.0,6.804084991185455e-05,0.0,7.640418700874066
2025-06-10 18:00:00-06:00,108600.0,0.0,-0.0148355247044053,-0.0,7.640418700874066
2025-06-11 18:00:00-06:00,105609.5,0.0,-0.027536832412523027,-0.0,7.640418700874066
2025-06-12 18:00:00-06:00,106027.3,1.0,0.003956083496276408,0.003756083496276408,7.66911675146106
2025-06-13 18:00:00-06:00,105359.9,1.0,-0.006294605257325281,-0.006294605257325281,7.620842688838272
2025-06-14 18:00:00-06:00,105534.6,1.0,0.0016581260992085678,0.0016581260992085678,7.633479006998598
2025-06-15 18:00:00-06:00,106750.1,1.0,0.011517549694602502,0.011517549694602502,7.721397980804409
2025-06-16 18:00:00-06:00,104508.0,1.0,-0.021003259013340547,-0.021003259013340547,7.559223459068489
2025-06-17 18:00:00-06:00,104832.8,1.0,0.0031078960462356253,0.0031078960462356253,7.582716739769539
2025-06-18 18:00:00-06:00,104607.1,0.0,-0.0021529521294861853,-0.0002,7.581200196421586
2025-06-19 18:00:00-06:00,103246.1,0.0,-0.013010589147390617,-0.0,7.581200196421586
2025-06-20 18:00:00-06:00,102079.8,0.0,-0.011296310465964354,-0.0,7.581200196421586
2025-06-21 18:00:00-06:00,100904.7,0.0,-0.011511582115168784,-0.0,7.581200196421586
2025-06-22 18:00:00-06:00,105290.9,0.0,0.04346873832437925,0.0,7.581200196421586
2025-06-23 18:00:00-06:00,106034.9,0.0,0.00706613771940412,0.0,7.581200196421586
2025-06-24 18:00:00-06:00,107280.0,0.0,0.011742360298354626,0.0,7.581200196421586
2025-06-25 18:00:00-06:00,106913.7,0.0,-0.003414429530201324,-0.0,7.581200196421586
2025-06-26 18:00:00-06:00,107010.7,0.0,0.0009072738105593281,0.0,7.581200196421586
2025-06-27 18:00:00-06:00,107241.0,0.0,0.002152121236474569,0.0,7.581200196421586
2025-06-28 18:00:00-06:00,108309.8,0.0,0.009966337501515321,0.0,7.581200196421586
2025-06-29 18:00:00-06:00,107087.4,1.0,-0.011286144005436372,-0.011486144005436372,7.494121439231445
2025-06-30 18:00:00-06:00,105637.9,1.0,-0.013535672730872195,-0.013535672730872195,7.392683464024595
2025-07-01 18:00:00-06:00,108800.0,1.0,0.029933385650415367,0.029933385650415367,7.613971509144691
2025-07-02 18:00:00-06:00,109545.2,1.0,0.00684926470588243,0.00684926470588243,7.6661216154738705
2025-07-03 18:00:00-06:00,107935.4,1.0,-0.014695303856307795,-0.014695303856307795,7.553465628935073
2025-07-04 18:00:00-06:00,108153.4,1.0,0.002019726614252537,0.002019726614252537,7.568721564495675
2025-07-05 18:00:00-06:00,109145.8,1.0,0.009175855775223063,0.009175855775223063,7.638171061974308
2025-07-06 18:00:00-06:00,108203.9,1.0,-0.008629741135252167,-0.008629741135252167,7.572255622962696
2025-07-07 18:00:00-06:00,108873.1,1.0,0.006184619962866567,0.006184619962866567,7.6190871462524
2025-07-08 18:00:00-06:00,111199.9,1.0,0.02137167032076781,0.02137167032076781,7.781919764887306
2025-07-09 18:00:00-06:00,115979.2,1.0,0.042979355197261926,0.042979355197261926,8.116381658578991
2025-07-10 18:00:00-06:00,117500.0,1.0,0.013112696069640162,0.013112696069640162,8.22280930445314
2025-07-11 18:00:00-06:00,117389.3,1.0,-0.0009421276595744654,-0.0009421276595744654,8.215062368368008
2025-07-12 18:00:00-06:00,119038.3,1.0,0.014047276881283155,0.014047276881283155,8.330461624053482
2025-07-13 18:00:00-06:00,119816.5,1.0,0.006537391747025945,0.006537391747025945,8.384921115123486
2025-07-14 18:00:00-06:00,117738.5,1.0,-0.017343187290565165,-0.017343187290565165,8.239499857807285
2025-07-15 18:00:00-06:00,118590.7,1.0,0.007238074206822764,0.007238074206822764,8.2991379692052
2025-07-16 18:00:00-06:00,119176.6,1.0,0.004940522317517404,0.004940522317517404,8.340140045558215
2025-07-17 18:00:00-06:00,117896.4,1.0,-0.010742041642403,-0.010742041642403,8.250549913885356
2025-07-18 18:00:00-06:00,117814.4,1.0,-0.0006955259024024052,-0.0006955259024024052,8.244811442711185
2025-07-19 18:00:00-06:00,117216.0,1.0,-0.00507917538093805,-0.00507917538093805,8.20293459941089
2025-07-20 18:00:00-06:00,117330.2,1.0,0.0009742697242696163,0.0009742697242696163,8.21092647024126
2025-07-21 18:00:00-06:00,119993.7,1.0,0.02270089030786626,0.02270089030786626,8.397321811368162
2025-07-22 18:00:00-06:00,118713.5,1.0,-0.01066889345023947,-0.01066889345023947,8.307731679695303
2025-07-23 18:00:00-06:00,118294.3,1.0,-0.00353119063964924,-0.00353119063964924,8.278395495351246
2025-07-24 18:00:00-06:00,117583.5,1.0,-0.00600874260213724,-0.00600874260213724,8.228652747660988
2025-07-25 18:00:00-06:00,117889.2,1.0,0.002599854571432081,0.002599854571432081,8.250046048123721
2025-07-26 18:00:00-06:00,119423.4,1.0,0.013013914760639622,0.013013914760639622,8.357411444165356
2025-07-27 18:00:00-06:00,118041.4,1.0,-0.011572271430892123,-0.011572271430892123,8.26069721047383
2025-07-28 18:00:00-06:00,117897.0,1.0,-0.001223299621996965,-0.001223299621996965,8.250591902698826
2025-07-29 18:00:00-06:00,117771.0,1.0,-0.001068729484210773,-0.001068729484210773,8.24177425187022
2025-07-30 18:00:00-06:00,115697.3,0.0,-0.017607900077268535,-0.0002,8.240125897019846
2025-07-31 18:00:00-06:00,113244.8,0.0,-0.021197556036312015,-0.0,8.240125897019846
2025-08-01 18:00:00-06:00,112508.8,0.0,-0.006499194665008923,-0.0,8.240125897019846
2025-08-02 18:00:00-06:00,114150.8,0.0,0.014594413948064489,0.0,8.240125897019846
2025-08-03 18:00:00-06:00,115002.1,0.0,0.007457678789811295,0.0,8.240125897019846
2025-08-04 18:00:00-06:00,114069.6,0.0,-0.008108547583044134,-0.0,8.240125897019846
2025-08-05 18:00:00-06:00,114941.0,0.0,0.007639195719104874,0.0,8.240125897019846
2025-08-06 18:00:00-06:00,117419.9,0.0,0.02156671683733391,0.0,8.240125897019846
2025-08-07 18:00:00-06:00,116628.2,0.0,-0.00674246869568107,-0.0,8.240125897019846
2025-08-08 18:00:00-06:00,116422.1,0.0,-0.0017671540845181077,-0.0,8.240125897019846
2025-08-09 18:00:00-06:00,119255.3,0.0,0.024335585769368562,0.0,8.240125897019846
2025-08-10 18:00:00-06:00,118641.9,0.0,-0.005143586909764242,-0.0,8.240125897019846
2025-08-11 18:00:00-06:00,120081.0,1.0,0.012129778771243549,0.011929778771243548,8.338428776018487
2025-08-12 18:00:00-06:00,123323.9,1.0,0.027005937658747037,0.027005937658747037,8.563615863715544
2025-08-13 18:00:00-06:00,118242.2,1.0,-0.041206124684671774,-0.041206124684671774,8.210742440683648
2025-08-14 18:00:00-06:00,117279.2,1.0,-0.008144300427427753,-0.008144300427427753,8.143871687514489
2025-08-15 18:00:00-06:00,117329.7,1.0,0.0004305963887885067,0.0004305963887885067,8.14737840925389
2025-08-16 18:00:00-06:00,117353.8,1.0,0.00020540408779701202,0.00020540408779701202,8.149051914083978
2025-08-17 18:00:00-06:00,116183.6,1.0,-0.009971556097885137,-0.009971556097885137,8.067793185778111
2025-08-18 18:00:00-06:00,112824.2,1.0,-0.028914580026785264,-0.028914580026785264,7.834516334068377
2025-08-19 18:00:00-06:00,114220.5,1.0,0.012375890987926352,0.012375890987926352,7.9314754541619354
2025-08-20 18:00:00-06:00,112462.2,0.0,-0.015393909149408413,-0.0002,7.929889159071103
2025-08-21 18:00:00-06:00,116897.5,0.0,0.03943814010396385,0.0,7.929889159071103
2025-08-22 18:00:00-06:00,115377.1,0.0,-0.013006266173356984,-0.0,7.929889159071103
2025-08-23 18:00:00-06:00,113446.3,0.0,-0.016734689986141138,-0.0,7.929889159071103
2025-08-24 18:00:00-06:00,110064.0,0.0,-0.02981410588093225,-0.0,7.929889159071103
2025-08-25 18:00:00-06:00,111709.9,0.0,0.01495402674807389,0.0,7.929889159071103
2025-08-26 18:00:00-06:00,111194.9,0.0,-0.004610155411472028,-0.0,7.929889159071103
2025-08-27 18:00:00-06:00,112507.3,0.0,0.011802699584243515,0.0,7.929889159071103
2025-08-28 18:00:00-06:00,108332.4,0.0,-0.03710781433738086,-0.0,7.929889159071103
2025-08-29 18:00:00-06:00,108757.9,0.0,0.003927726146563781,0.0,7.929889159071103
2025-08-30 18:00:00-06:00,108208.4,0.0,-0.005052506530560108,-0.0,7.929889159071103
2025-08-31 18:00:00-06:00,109187.9,0.0,0.009051977480491358,0.0,7.929889159071103
2025-09-01 18:00:00-06:00,111188.0,0.0,0.01831796380368167,0.0,7.929889159071103
2025-09-02 18:00:00-06:00,111659.8,0.0,0.004243263661546148,0.0,7.929889159071103
2025-09-03 18:00:00-06:00,110679.4,0.0,-0.008780241411860068,-0.0,7.929889159071103
2025-09-04 18:00:00-06:00,110614.9,0.0,-0.0005827642723036375,-0.0,7.929889159071103
2025-09-05 18:00:00-06:00,110135.3,0.0,-0.004335763084358346,-0.0,7.929889159071103
2025-09-06 18:00:00-06:00,111076.0,0.0,0.008541312367605913,0.0,7.929889159071103
2025-09-07 18:00:00-06:00,111961.2,0.0,0.007969318304584139,0.0,7.929889159071103
2025-09-08 18:00:00-06:00,111499.9,0.0,-0.0041201773471524206,-0.0,7.929889159071103
2025-09-09 18:00:00-06:00,113896.8,0.0,0.02149688026626051,0.0,7.929889159071103
2025-09-10 18:00:00-06:00,115427.0,0.0,0.013434969200188274,0.0,7.929889159071103
2025-09-11 18:00:00-06:00,115978.4,1.0,0.004777045232051469,0.004577045232051469,7.966184620437327
2025-09-12 18:00:00-06:00,115862.7,1.0,-0.0009975995530201454,-0.0009975995530201454,7.958237558220702
2025-09-13 18:00:00-06:00,115210.0,1.0,-0.0056333919371808205,-0.0056333919371808205,7.913405686926052
2025-09-14 18:00:00-06:00,115134.2,1.0,-0.0006579289992187931,-0.0006579289992187931,7.90819922784204
